key_resp.keys,key_resp.rt,key_resp_3.keys,key_resp_3.rt,key_resp_2.keys,key_resp_2.rt,anagram_answer,RT,trials.thisRepN,trials.thisTrialN,trials.thisN,trials.thisIndex,trials.ran,trials.order,anagrammer,correct,id,date,expName,psychopyVersion,OS,frameRate,IQ_enter.keys,IQ_enter.rt,IQ_response.keys,IQ_response.corr,IQ_response.rt,key_resp_6.keys,key_resp_6.rt,trials_2.thisRepN,trials_2.thisTrialN,trials_2.thisN,trials_2.thisIndex,trials_2.ran,trials_2.order,options,correctIQanswer,key_resp_7.keys,key_resp_7.rt
return,16.59399986,return,33.63399982,,,,0.000999928,1,0,10,0,1,9,REMOVE,,1610,2021-04-30_11h43.35.370,udkast til sockult 2,3.2.3,MacIntel,60,,,,,,,,,,,,,,,,,
,,,,,,appelsin,270.256,1,0,10,1,1,9,ANISPLEP,appelsin,1610,2021-04-30_11h43.35.370,udkast til sockult 2,3.2.3,MacIntel,60,,,,,,,,,,,,,,,,,
,,,,,,spejl,145.6889999,1,0,10,2,1,9,LSEPJ,spejl,1610,2021-04-30_11h43.35.370,udkast til sockult 2,3.2.3,MacIntel,60,,,,,,,,,,,,,,,,,
,,,,,,hest,3.964000225,1,0,10,3,1,9,STEH,hest,1610,2021-04-30_11h43.35.370,udkast til sockult 2,3.2.3,MacIntel,60,,,,,,,,,,,,,,,,,
,,,,,,kamera,633.8729999,1,0,10,4,1,9,MKRAAE,kamera,1610,2021-04-30_11h43.35.370,udkast til sockult 2,3.2.3,MacIntel,60,,,,,,,,,,,,,,,,,
,,,,,,blomst,64.67700005,1,0,10,5,1,9,MLOBST,blomst,1610,2021-04-30_11h43.35.370,udkast til sockult 2,3.2.3,MacIntel,60,,,,,,,,,,,,,,,,,
,,,,,,ordbod,28.26099992,1,0,10,6,1,9,DBGOOR,ordbog,1610,2021-04-30_11h43.35.370,udkast til sockult 2,3.2.3,MacIntel,60,,,,,,,,,,,,,,,,,
,,,,,,skral,111.316,1,0,10,7,1,9,LKDSAR,skrald,1610,2021-04-30_11h43.35.370,udkast til sockult 2,3.2.3,MacIntel,60,,,,,,,,,,,,,,,,,
,,,,,,cykler,11.33799982,1,0,10,8,1,9,LKECYR,cykler,1610,2021-04-30_11h43.35.370,udkast til sockult 2,3.2.3,MacIntel,60,,,,,,,,,,,,,,,,,
,,,,,,papir,20.49499989,1,0,10,9,1,9,PIARP,papir,1610,2021-04-30_11h43.35.370,udkast til sockult 2,3.2.3,MacIntel,60,,,,,,,,,,,,,,,,,
,,,,,,,211.9039998,,,,,,,,,1610,2021-04-30_11h43.35.370,udkast til sockult 2,3.2.3,MacIntel,60,return,24.12899995,f,0,211.793,,,1,0,6,3,1,5,HMT5.png,d,,
,,,,,,,61.125,,,,,,,,,1610,2021-04-30_11h43.35.370,udkast til sockult 2,3.2.3,MacIntel,60,,,e,0,61.02800012,,,1,0,6,5,1,5,HMT9.png,h,,
,,,,,,,31.86899996,,,,,,,,,1610,2021-04-30_11h43.35.370,udkast til sockult 2,3.2.3,MacIntel,60,,,e,1,31.7809999,,,1,0,6,1,1,5,HMT2.png,e,,
,,,,,,,20.39100003,,,,,,,,,1610,2021-04-30_11h43.35.370,udkast til sockult 2,3.2.3,MacIntel,60,,,h,1,20.30299997,,,1,0,6,0,1,5,HMT1.png,h,,
,,,,,,,33.29299998,,,,,,,,,1610,2021-04-30_11h43.35.370,udkast til sockult 2,3.2.3,MacIntel,60,,,h,1,33.20700002,,,1,0,6,4,1,5,HMT7.png,h,,
,,,,,,,168.073,,,,,,,,,1610,2021-04-30_11h43.35.370,udkast til sockult 2,3.2.3,MacIntel,60,,,c,1,167.947,,,1,0,6,2,1,5,HMT3.png,c,,
,,,,,,,,,,,,,,,,1610,2021-04-30_11h43.35.370,udkast til sockult 2,3.2.3,MacIntel,60,,,,,,,,,,,,,,,,return,23.32500005
