key_resp.keys,key_resp.rt,key_resp_3.keys,key_resp_3.rt,key_resp_2.keys,key_resp_2.rt,anagram_answer,RT,trials.thisRepN,trials.thisTrialN,trials.thisN,trials.thisIndex,trials.ran,trials.order,anagrammer,correct,id,date,expName,psychopyVersion,OS,frameRate,IQ_enter.keys,IQ_enter.rt,IQ_response.keys,IQ_response.corr,IQ_response.rt,key_resp_6.keys,key_resp_6.rt,trials_2.thisRepN,trials_2.thisTrialN,trials_2.thisN,trials_2.thisIndex,trials_2.ran,trials_2.order,options,correctIQanswer,key_resp_7.keys,key_resp_7.rt
return,15.89400005,return,2.360999823,,,,0.001000166,1,0,10,0,1,9,REMOVE,,1620,2021-04-28_12h00.12.224,udkast til sockult 2,3.2.3,Win32,60,,,,,,,,,,,,,,,,,
,,,,,,,131.9319999,1,0,10,1,1,9,ANISPLEP,appelsin,1620,2021-04-28_12h00.12.224,udkast til sockult 2,3.2.3,Win32,60,,,,,,,,,,,,,,,,,
,,,,,,spejl,91.11599994,1,0,10,2,1,9,LSEPJ,spejl,1620,2021-04-28_12h00.12.224,udkast til sockult 2,3.2.3,Win32,60,,,,,,,,,,,,,,,,,
,,,,,,hest,13.6329999,1,0,10,3,1,9,STEH,hest,1620,2021-04-28_12h00.12.224,udkast til sockult 2,3.2.3,Win32,60,,,,,,,,,,,,,,,,,
,,,,,,,62.66600013,1,0,10,4,1,9,MKRAAE,kamera,1620,2021-04-28_12h00.12.224,udkast til sockult 2,3.2.3,Win32,60,,,,,,,,,,,,,,,,,
,,,,,,blomst,96.61600018,1,0,10,5,1,9,MLOBST,blomst,1620,2021-04-28_12h00.12.224,udkast til sockult 2,3.2.3,Win32,60,,,,,,,,,,,,,,,,,
,,,,,,ordbog,95.25,1,0,10,6,1,9,DBGOOR,ordbog,1620,2021-04-28_12h00.12.224,udkast til sockult 2,3.2.3,Win32,60,,,,,,,,,,,,,,,,,
,,,,,,skrald,55.93300009,1,0,10,7,1,9,LKDSAR,skrald,1620,2021-04-28_12h00.12.224,udkast til sockult 2,3.2.3,Win32,60,,,,,,,,,,,,,,,,,
,,,,,,cykler,5.516000032,1,0,10,8,1,9,LKECYR,cykler,1620,2021-04-28_12h00.12.224,udkast til sockult 2,3.2.3,Win32,60,,,,,,,,,,,,,,,,,
,,,,,,papir,3.282000065,1,0,10,9,1,9,PIARP,papir,1620,2021-04-28_12h00.12.224,udkast til sockult 2,3.2.3,Win32,60,,,,,,,,,,,,,,,,,
,,,,,,,19.148,,,,,,,,,1620,2021-04-28_12h00.12.224,udkast til sockult 2,3.2.3,Win32,60,return,11.27399993,f,0,19.08100009,,,1,0,6,4,1,5,HMT7.png,h,,
,,,,,,,26.59800005,,,,,,,,,1620,2021-04-28_12h00.12.224,udkast til sockult 2,3.2.3,Win32,60,,,c,1,26.54199982,,,1,0,6,2,1,5,HMT3.png,c,,
,,,,,,,26.46399999,,,,,,,,,1620,2021-04-28_12h00.12.224,udkast til sockult 2,3.2.3,Win32,60,,,h,1,26.39700007,,,1,0,6,0,1,5,HMT1.png,h,,
,,,,,,,18.78200006,,,,,,,,,1620,2021-04-28_12h00.12.224,udkast til sockult 2,3.2.3,Win32,60,,,d,1,18.72000003,,,1,0,6,3,1,5,HMT5.png,d,,
,,,,,,,10.58100009,,,,,,,,,1620,2021-04-28_12h00.12.224,udkast til sockult 2,3.2.3,Win32,60,,,e,1,10.51400018,,,1,0,6,1,1,5,HMT2.png,e,,
,,,,,,,46.18200016,,,,,,,,,1620,2021-04-28_12h00.12.224,udkast til sockult 2,3.2.3,Win32,60,,,h,1,46.10800004,,,1,0,6,5,1,5,HMT9.png,h,,
,,,,,,,,,,,,,,,,1620,2021-04-28_12h00.12.224,udkast til sockult 2,3.2.3,Win32,60,,,,,,,,,,,,,,,,return,4.039999962
