key_resp.keys,key_resp.rt,key_resp_3.keys,key_resp_3.rt,key_resp_2.keys,key_resp_2.rt,anagram_answer,RT,trials.thisRepN,trials.thisTrialN,trials.thisN,trials.thisIndex,trials.ran,trials.order,anagrammer,correct,id,date,expName,psychopyVersion,OS,frameRate,IQ_enter.keys,IQ_enter.rt,IQ_response.keys,IQ_response.corr,IQ_response.rt,key_resp_6.keys,key_resp_6.rt,trials_2.thisRepN,trials_2.thisTrialN,trials_2.thisN,trials_2.thisIndex,trials_2.ran,trials_2.order,options,correctIQanswer,key_resp_7.keys,key_resp_7.rt
return,23.77799988,return,3.205999851,,,,0.000999928,1,0,10,0,1,9,REMOVE,,1059,2021-05-03_16h18.02.383,udkast til sockult 2,3.2.3,MacIntel,60,,,,,,,,,,,,,,,,,
,,,,,,,275.214,1,0,10,1,1,9,ANISPLEP,appelsin,1059,2021-05-03_16h18.02.383,udkast til sockult 2,3.2.3,MacIntel,60,,,,,,,,,,,,,,,,,
,,,,,,spejl,43.32800007,1,0,10,2,1,9,LSEPJ,spejl,1059,2021-05-03_16h18.02.383,udkast til sockult 2,3.2.3,MacIntel,60,,,,,,,,,,,,,,,,,
,,,,,,hest,2.233999968,1,0,10,3,1,9,STEH,hest,1059,2021-05-03_16h18.02.383,udkast til sockult 2,3.2.3,MacIntel,60,,,,,,,,,,,,,,,,,
,,,,,,,216.1790001,1,0,10,4,1,9,MKRAAE,kamera,1059,2021-05-03_16h18.02.383,udkast til sockult 2,3.2.3,MacIntel,60,,,,,,,,,,,,,,,,,
,,,,,,blomst,2.566000223,1,0,10,5,1,9,MLOBST,blomst,1059,2021-05-03_16h18.02.383,udkast til sockult 2,3.2.3,MacIntel,60,,,,,,,,,,,,,,,,,
,,,,,,ordbog,32.18099999,1,0,10,6,1,9,DBGOOR,ordbog,1059,2021-05-03_16h18.02.383,udkast til sockult 2,3.2.3,MacIntel,60,,,,,,,,,,,,,,,,,
,,,,,,skrald,64.95000005,1,0,10,7,1,9,LKDSAR,skrald,1059,2021-05-03_16h18.02.383,udkast til sockult 2,3.2.3,MacIntel,60,,,,,,,,,,,,,,,,,
,,,,,,cykler,5.995999813,1,0,10,8,1,9,LKECYR,cykler,1059,2021-05-03_16h18.02.383,udkast til sockult 2,3.2.3,MacIntel,60,,,,,,,,,,,,,,,,,
,,,,,,papir,14.10599995,1,0,10,9,1,9,PIARP,papir,1059,2021-05-03_16h18.02.383,udkast til sockult 2,3.2.3,MacIntel,60,,,,,,,,,,,,,,,,,
,,,,,,,43.30299997,,,,,,,,,1059,2021-05-03_16h18.02.383,udkast til sockult 2,3.2.3,MacIntel,60,return,49.71699977,e,0,43.23699999,,,1,0,6,5,1,5,HMT9.png,h,,
,,,,,,,29.66400003,,,,,,,,,1059,2021-05-03_16h18.02.383,udkast til sockult 2,3.2.3,MacIntel,60,,,h,1,29.61099982,,,1,0,6,0,1,5,HMT1.png,h,,
,,,,,,,41.25,,,,,,,,,1059,2021-05-03_16h18.02.383,udkast til sockult 2,3.2.3,MacIntel,60,,,e,1,41.18700004,,,1,0,6,1,1,5,HMT2.png,e,,
,,,,,,,49.75099993,,,,,,,,,1059,2021-05-03_16h18.02.383,udkast til sockult 2,3.2.3,MacIntel,60,,,g,0,49.69199991,,,1,0,6,4,1,5,HMT7.png,h,,
,,,,,,,27.17499995,,,,,,,,,1059,2021-05-03_16h18.02.383,udkast til sockult 2,3.2.3,MacIntel,60,,,d,1,27.10699987,,,1,0,6,3,1,5,HMT5.png,d,,
,,,,,,,41.43700004,,,,,,,,,1059,2021-05-03_16h18.02.383,udkast til sockult 2,3.2.3,MacIntel,60,,,a,0,41.375,,,1,0,6,2,1,5,HMT3.png,c,,
,,,,,,,,,,,,,,,,1059,2021-05-03_16h18.02.383,udkast til sockult 2,3.2.3,MacIntel,60,,,,,,,,,,,,,,,,return,4.040999889
