key_resp.keys,key_resp.rt,key_resp_3.keys,key_resp_3.rt,key_resp_2.keys,key_resp_2.rt,anagram_answer,RT,trials.thisRepN,trials.thisTrialN,trials.thisN,trials.thisIndex,trials.ran,trials.order,anagrammer,correct,id,date,expName,psychopyVersion,OS,frameRate,IQ_enter.keys,IQ_enter.rt,IQ_response.keys,IQ_response.corr,IQ_response.rt,key_resp_6.keys,key_resp_6.rt,trials_2.thisRepN,trials_2.thisTrialN,trials_2.thisN,trials_2.thisIndex,trials_2.ran,trials_2.order,options,correctIQanswer,key_resp_7.keys,key_resp_7.rt
return,24.10500002,return,2.671999931,,,,0,1,0,10,0,1,9,REMOVE,,438,2021-05-01_07h55.53.672,udkast til sockult 2,3.2.3,Win32,60,,,,,,,,,,,,,,,,,
,,,,,,appelsin,275.878,1,0,10,1,1,9,ANISPLEP,appelsin,438,2021-05-01_07h55.53.672,udkast til sockult 2,3.2.3,Win32,60,,,,,,,,,,,,,,,,,
,,,,,,spejl,18.82799983,1,0,10,2,1,9,LSEPJ,spejl,438,2021-05-01_07h55.53.672,udkast til sockult 2,3.2.3,Win32,60,,,,,,,,,,,,,,,,,
,,,,,,hest,9.963000059,1,0,10,3,1,9,STEH,hest,438,2021-05-01_07h55.53.672,udkast til sockult 2,3.2.3,Win32,60,,,,,,,,,,,,,,,,,
,,,,,,karma,668.4129999,1,0,10,4,1,9,MKRAAE,kamera,438,2021-05-01_07h55.53.672,udkast til sockult 2,3.2.3,Win32,60,,,,,,,,,,,,,,,,,
,,,,,,blomst,12.66100001,1,0,10,5,1,9,MLOBST,blomst,438,2021-05-01_07h55.53.672,udkast til sockult 2,3.2.3,Win32,60,,,,,,,,,,,,,,,,,
,,,,,,bogrod,42.04299998,1,0,10,6,1,9,DBGOOR,ordbog,438,2021-05-01_07h55.53.672,udkast til sockult 2,3.2.3,Win32,60,,,,,,,,,,,,,,,,,
,,,,,,skrald,77.08699989,1,0,10,7,1,9,LKDSAR,skrald,438,2021-05-01_07h55.53.672,udkast til sockult 2,3.2.3,Win32,60,,,,,,,,,,,,,,,,,
,,,,,,cykler,30.09499979,1,0,10,8,1,9,LKECYR,cykler,438,2021-05-01_07h55.53.672,udkast til sockult 2,3.2.3,Win32,60,,,,,,,,,,,,,,,,,
,,,,,,papir,6.08100009,1,0,10,9,1,9,PIARP,papir,438,2021-05-01_07h55.53.672,udkast til sockult 2,3.2.3,Win32,60,,,,,,,,,,,,,,,,,
,,,,,,,19.65300012,,,,,,,,,438,2021-05-01_07h55.53.672,udkast til sockult 2,3.2.3,Win32,60,return,10.33899999,e,1,19.5539999,,,1,0,6,1,1,5,HMT2.png,e,,
,,,,,,,56.6869998,,,,,,,,,438,2021-05-01_07h55.53.672,udkast til sockult 2,3.2.3,Win32,60,,,d,1,56.54799986,,,1,0,6,3,1,5,HMT5.png,d,,
,,,,,,,49.42299986,,,,,,,,,438,2021-05-01_07h55.53.672,udkast til sockult 2,3.2.3,Win32,60,,,h,1,49.28999996,,,1,0,6,0,1,5,HMT1.png,h,,
,,,,,,,41.84000015,,,,,,,,,438,2021-05-01_07h55.53.672,udkast til sockult 2,3.2.3,Win32,60,,,g,0,41.69799972,,,1,0,6,4,1,5,HMT7.png,h,,
,,,,,,,24.54699993,,,,,,,,,438,2021-05-01_07h55.53.672,udkast til sockult 2,3.2.3,Win32,60,,,c,1,24.41099977,,,1,0,6,2,1,5,HMT3.png,c,,
,,,,,,,22.88499999,,,,,,,,,438,2021-05-01_07h55.53.672,udkast til sockult 2,3.2.3,Win32,60,,,,0,,return,22.69299984,1,0,6,5,1,5,HMT9.png,h,,
,,,,,,,,,,,,,,,,438,2021-05-01_07h55.53.672,udkast til sockult 2,3.2.3,Win32,60,,,,,,,,,,,,,,,,return,10.30599999
