key_resp.keys,key_resp.rt,key_resp_3.keys,key_resp_3.rt,key_resp_2.keys,key_resp_2.rt,anagram_answer,RT,trials.thisRepN,trials.thisTrialN,trials.thisN,trials.thisIndex,trials.ran,trials.order,anagrammer,correct,id,date,expName,psychopyVersion,OS,frameRate,IQ_enter.keys,IQ_enter.rt,IQ_response.keys,IQ_response.corr,IQ_response.rt,key_resp_6.keys,key_resp_6.rt,trials_2.thisRepN,trials_2.thisTrialN,trials_2.thisN,trials_2.thisIndex,trials_2.ran,trials_2.order,options,correctIQanswer,key_resp_7.keys,key_resp_7.rt
return,16.87699986,return,3.467999935,,,,0.000999928,1,0,10,0,1,9,REMOVE,,405,2021-05-03_17h32.44.894,udkast til sockult 2,3.2.3,MacIntel,60,,,,,,,,,,,,,,,,,
,,,,,,,200.8430002,1,0,10,1,1,9,ANISPLEP,appelsin,405,2021-05-03_17h32.44.894,udkast til sockult 2,3.2.3,MacIntel,60,,,,,,,,,,,,,,,,,
,,,,,,spejl,25.15899992,1,0,10,2,1,9,LSEPJ,spejl,405,2021-05-03_17h32.44.894,udkast til sockult 2,3.2.3,MacIntel,60,,,,,,,,,,,,,,,,,
,,,,,,hest,3.615999937,1,0,10,3,1,9,STEH,hest,405,2021-05-03_17h32.44.894,udkast til sockult 2,3.2.3,MacIntel,60,,,,,,,,,,,,,,,,,
,,,,,,kamera,12.60600019,1,0,10,4,1,9,MKRAAE,kamera,405,2021-05-03_17h32.44.894,udkast til sockult 2,3.2.3,MacIntel,60,,,,,,,,,,,,,,,,,
,,,,,,blomst,6.98300004,1,0,10,5,1,9,MLOBST,blomst,405,2021-05-03_17h32.44.894,udkast til sockult 2,3.2.3,MacIntel,60,,,,,,,,,,,,,,,,,
,,,,,,,117.2579999,1,0,10,6,1,9,DBGOOR,ordbog,405,2021-05-03_17h32.44.894,udkast til sockult 2,3.2.3,MacIntel,60,,,,,,,,,,,,,,,,,
,,,,,,skrald,18.72099996,1,0,10,7,1,9,LKDSAR,skrald,405,2021-05-03_17h32.44.894,udkast til sockult 2,3.2.3,MacIntel,60,,,,,,,,,,,,,,,,,
,,,,,,cykler,5.329999924,1,0,10,8,1,9,LKECYR,cykler,405,2021-05-03_17h32.44.894,udkast til sockult 2,3.2.3,MacIntel,60,,,,,,,,,,,,,,,,,
,,,,,,papir,4.768000126,1,0,10,9,1,9,PIARP,papir,405,2021-05-03_17h32.44.894,udkast til sockult 2,3.2.3,MacIntel,60,,,,,,,,,,,,,,,,,
,,,,,,,133.9030001,,,,,,,,,405,2021-05-03_17h32.44.894,udkast til sockult 2,3.2.3,MacIntel,60,return,30.76800013,f,0,133.819,,,1,0,6,5,1,5,HMT9.png,h,,
,,,,,,,31.19499993,,,,,,,,,405,2021-05-03_17h32.44.894,udkast til sockult 2,3.2.3,MacIntel,60,,,h,1,31.13100004,,,1,0,6,0,1,5,HMT1.png,h,,
,,,,,,,17.84099984,,,,,,,,,405,2021-05-03_17h32.44.894,udkast til sockult 2,3.2.3,MacIntel,60,,,e,1,17.76800013,,,1,0,6,1,1,5,HMT2.png,e,,
,,,,,,,35,,,,,,,,,405,2021-05-03_17h32.44.894,udkast til sockult 2,3.2.3,MacIntel,60,,,h,0,34.92999983,,,1,0,6,3,1,5,HMT5.png,d,,
,,,,,,,45.8210001,,,,,,,,,405,2021-05-03_17h32.44.894,udkast til sockult 2,3.2.3,MacIntel,60,,,g,0,45.75399995,,,1,0,6,4,1,5,HMT7.png,h,,
,,,,,,,12.40399981,,,,,,,,,405,2021-05-03_17h32.44.894,udkast til sockult 2,3.2.3,MacIntel,60,,,f,0,12.33599997,,,1,0,6,2,1,5,HMT3.png,c,,
,,,,,,,,,,,,,,,,405,2021-05-03_17h32.44.894,udkast til sockult 2,3.2.3,MacIntel,60,,,,,,,,,,,,,,,,return,3.350999832
