key_resp.keys,key_resp.rt,key_resp_3.keys,key_resp_3.rt,key_resp_2.keys,key_resp_2.rt,anagram_answer,RT,trials.thisRepN,trials.thisTrialN,trials.thisN,trials.thisIndex,trials.ran,trials.order,anagrammer,correct,id,date,expName,psychopyVersion,OS,frameRate,IQ_enter.keys,IQ_enter.rt,IQ_response.keys,IQ_response.corr,IQ_response.rt,key_resp_6.keys,key_resp_6.rt,trials_2.thisRepN,trials_2.thisTrialN,trials_2.thisN,trials_2.thisIndex,trials_2.ran,trials_2.order,options,correctIQanswer,key_resp_7.keys,key_resp_7.rt
return,27.7190001,return,4.582000017,,,,0,1,0,10,0,1,9,REMOVE,,874,2021-05-01_22h00.15.632,udkast til sockult 2,3.2.3,Win32,60,,,,,,,,,,,,,,,,,
,,,,,,appelsin,16.05200005,1,0,10,1,1,9,ANISPLEP,appelsin,874,2021-05-01_22h00.15.632,udkast til sockult 2,3.2.3,Win32,60,,,,,,,,,,,,,,,,,
,,,,,,spejl,6.123000145,1,0,10,2,1,9,LSEPJ,spejl,874,2021-05-01_22h00.15.632,udkast til sockult 2,3.2.3,Win32,60,,,,,,,,,,,,,,,,,
,,,,,,hest,2.016000032,1,0,10,3,1,9,STEH,hest,874,2021-05-01_22h00.15.632,udkast til sockult 2,3.2.3,Win32,60,,,,,,,,,,,,,,,,,
,,,,,,kramme,4.015000105,1,0,10,4,1,9,MKRAAE,kamera,874,2021-05-01_22h00.15.632,udkast til sockult 2,3.2.3,Win32,60,,,,,,,,,,,,,,,,,
,,,,,,blomst,5.915999889,1,0,10,5,1,9,MLOBST,blomst,874,2021-05-01_22h00.15.632,udkast til sockult 2,3.2.3,Win32,60,,,,,,,,,,,,,,,,,
,,,,,,,72.13700008,1,0,10,6,1,9,DBGOOR,ordbog,874,2021-05-01_22h00.15.632,udkast til sockult 2,3.2.3,Win32,60,,,,,,,,,,,,,,,,,
,,,,,,lakrids,3.016000032,1,0,10,7,1,9,LKDSAR,skrald,874,2021-05-01_22h00.15.632,udkast til sockult 2,3.2.3,Win32,60,,,,,,,,,,,,,,,,,
,,,,,,cykler,3.57400012,1,0,10,8,1,9,LKECYR,cykler,874,2021-05-01_22h00.15.632,udkast til sockult 2,3.2.3,Win32,60,,,,,,,,,,,,,,,,,
,,,,,,papir,3.398000002,1,0,10,9,1,9,PIARP,papir,874,2021-05-01_22h00.15.632,udkast til sockult 2,3.2.3,Win32,60,,,,,,,,,,,,,,,,,
,,,,,,,35.43899989,,,,,,,,,874,2021-05-01_22h00.15.632,udkast til sockult 2,3.2.3,Win32,60,return,22.50399995,h,1,35.38799977,,,1,0,6,4,1,5,HMT7.png,h,,
,,,,,,,13.28999996,,,,,,,,,874,2021-05-01_22h00.15.632,udkast til sockult 2,3.2.3,Win32,60,,,d,1,13.24699998,,,1,0,6,3,1,5,HMT5.png,d,,
,,,,,,,7.607000113,,,,,,,,,874,2021-05-01_22h00.15.632,udkast til sockult 2,3.2.3,Win32,60,,,e,1,7.558000088,,,1,0,6,1,1,5,HMT2.png,e,,
,,,,,,,19.75600004,,,,,,,,,874,2021-05-01_22h00.15.632,udkast til sockult 2,3.2.3,Win32,60,,,h,1,19.71699977,,,1,0,6,0,1,5,HMT1.png,h,,
,,,,,,,96.97200012,,,,,,,,,874,2021-05-01_22h00.15.632,udkast til sockult 2,3.2.3,Win32,60,,,,0,,return,96.92699981,1,0,6,5,1,5,HMT9.png,h,,
,,,,,,,15.95700002,,,,,,,,,874,2021-05-01_22h00.15.632,udkast til sockult 2,3.2.3,Win32,60,,,c,1,15.91300011,,,1,0,6,2,1,5,HMT3.png,c,,
,,,,,,,,,,,,,,,,874,2021-05-01_22h00.15.632,udkast til sockult 2,3.2.3,Win32,60,,,,,,,,,,,,,,,,return,5.881999969
