key_resp.keys,key_resp.rt,key_resp_3.keys,key_resp_3.rt,key_resp_2.keys,key_resp_2.rt,anagram_answer,RT,trials.thisRepN,trials.thisTrialN,trials.thisN,trials.thisIndex,trials.ran,trials.order,anagrammer,correct,id,date,expName,psychopyVersion,OS,frameRate,IQ_enter.keys,IQ_enter.rt,IQ_response.keys,IQ_response.corr,IQ_response.rt,key_resp_6.keys,key_resp_6.rt,trials_2.thisRepN,trials_2.thisTrialN,trials_2.thisN,trials_2.thisIndex,trials_2.ran,trials_2.order,options,correctIQanswer,key_resp_7.keys,key_resp_7.rt
return,34.06299996,return,7.995999813,,,,0.000999928,1,0,10,0,1,9,REMOVE,,1701,2021-05-06_16h04.22.386,udkast til sockult 2,3.2.3,MacIntel,60,,,,,,,,,,,,,,,,,
,,,,,,appelsin,23.97900009,1,0,10,1,1,9,ANISPLEP,appelsin,1701,2021-05-06_16h04.22.386,udkast til sockult 2,3.2.3,MacIntel,60,,,,,,,,,,,,,,,,,
,,,,,,spejl,11.36500001,1,0,10,2,1,9,LSEPJ,spejl,1701,2021-05-06_16h04.22.386,udkast til sockult 2,3.2.3,MacIntel,60,,,,,,,,,,,,,,,,,
,,,,,,hest,6.049999952,1,0,10,3,1,9,STEH,hest,1701,2021-05-06_16h04.22.386,udkast til sockult 2,3.2.3,MacIntel,60,,,,,,,,,,,,,,,,,
,,,,,,kamera,46.33099985,1,0,10,4,1,9,MKRAAE,kamera,1701,2021-05-06_16h04.22.386,udkast til sockult 2,3.2.3,MacIntel,60,,,,,,,,,,,,,,,,,
,,,,,,blomst,8.75,1,0,10,5,1,9,MLOBST,blomst,1701,2021-05-06_16h04.22.386,udkast til sockult 2,3.2.3,MacIntel,60,,,,,,,,,,,,,,,,,
,,,,,,ordbog,25.83100009,1,0,10,6,1,9,DBGOOR,ordbog,1701,2021-05-06_16h04.22.386,udkast til sockult 2,3.2.3,MacIntel,60,,,,,,,,,,,,,,,,,
,,,,,,skrald,31.8499999,1,0,10,7,1,9,LKDSAR,skrald,1701,2021-05-06_16h04.22.386,udkast til sockult 2,3.2.3,MacIntel,60,,,,,,,,,,,,,,,,,
,,,,,,cykler,18.36500001,1,0,10,8,1,9,LKECYR,cykler,1701,2021-05-06_16h04.22.386,udkast til sockult 2,3.2.3,MacIntel,60,,,,,,,,,,,,,,,,,
,,,,,,papir,8.915999889,1,0,10,9,1,9,PIARP,papir,1701,2021-05-06_16h04.22.386,udkast til sockult 2,3.2.3,MacIntel,60,,,,,,,,,,,,,,,,,
,,,,,,,66.66999984,,,,,,,,,1701,2021-05-06_16h04.22.386,udkast til sockult 2,3.2.3,MacIntel,60,return,20.26099992,g,0,66.62599993,,,1,0,6,4,1,5,HMT7.png,h,,
,,,,,,,22.21399999,,,,,,,,,1701,2021-05-06_16h04.22.386,udkast til sockult 2,3.2.3,MacIntel,60,,,h,1,22.17299986,,,1,0,6,0,1,5,HMT1.png,h,,
,,,,,,,25.1650002,,,,,,,,,1701,2021-05-06_16h04.22.386,udkast til sockult 2,3.2.3,MacIntel,60,,,e,1,25.11800003,,,1,0,6,1,1,5,HMT2.png,e,,
,,,,,,,31.99800014,,,,,,,,,1701,2021-05-06_16h04.22.386,udkast til sockult 2,3.2.3,MacIntel,60,,,d,1,31.96199989,,,1,0,6,3,1,5,HMT5.png,d,,
,,,,,,,78.99900007,,,,,,,,,1701,2021-05-06_16h04.22.386,udkast til sockult 2,3.2.3,MacIntel,60,,,c,1,78.94999981,,,1,0,6,2,1,5,HMT3.png,c,,
,,,,,,,84.86500001,,,,,,,,,1701,2021-05-06_16h04.22.386,udkast til sockult 2,3.2.3,MacIntel,60,,,h,1,84.81900001,,,1,0,6,5,1,5,HMT9.png,h,,
,,,,,,,,,,,,,,,,1701,2021-05-06_16h04.22.386,udkast til sockult 2,3.2.3,MacIntel,60,,,,,,,,,,,,,,,,return,8.451999903
