key_resp.keys,key_resp.rt,key_resp_3.keys,key_resp_3.rt,key_resp_2.keys,key_resp_2.rt,anagram_answer,RT,trials.thisRepN,trials.thisTrialN,trials.thisN,trials.thisIndex,trials.ran,trials.order,anagrammer,correct,id,date,expName,psychopyVersion,OS,frameRate,IQ_enter.keys,IQ_enter.rt,IQ_response.keys,IQ_response.corr,IQ_response.rt,key_resp_6.keys,key_resp_6.rt,trials_2.thisRepN,trials_2.thisTrialN,trials_2.thisN,trials_2.thisIndex,trials_2.ran,trials_2.order,options,correctIQanswer,key_resp_7.keys,key_resp_7.rt
return,22.79200006,return,4.40199995,,,,0,1,0,10,0,1,9,REMOVE,,516,2021-04-28_13h00.21.650,udkast til sockult 2,3.2.3,Win32,60,,,,,,,,,,,,,,,,,
,,,,,,,62.05900002,1,0,10,1,1,9,ANISPLEP,appelsin,516,2021-04-28_13h00.21.650,udkast til sockult 2,3.2.3,Win32,60,,,,,,,,,,,,,,,,,
,,,,,,spejl,5.416000128,1,0,10,2,1,9,LSEPJ,spejl,516,2021-04-28_13h00.21.650,udkast til sockult 2,3.2.3,Win32,60,,,,,,,,,,,,,,,,,
,,,,,,hest,5.467000008,1,0,10,3,1,9,STEH,hest,516,2021-04-28_13h00.21.650,udkast til sockult 2,3.2.3,Win32,60,,,,,,,,,,,,,,,,,
,,,,,,,48.08599997,1,0,10,4,1,9,MKRAAE,kamera,516,2021-04-28_13h00.21.650,udkast til sockult 2,3.2.3,Win32,60,,,,,,,,,,,,,,,,,
,,,,,,blomst,4.881999969,1,0,10,5,1,9,MLOBST,blomst,516,2021-04-28_13h00.21.650,udkast til sockult 2,3.2.3,Win32,60,,,,,,,,,,,,,,,,,
,,,,,,,21.51699996,1,0,10,6,1,9,DBGOOR,ordbog,516,2021-04-28_13h00.21.650,udkast til sockult 2,3.2.3,Win32,60,,,,,,,,,,,,,,,,,
,,,,,,,17.36699986,1,0,10,7,1,9,LKDSAR,skrald,516,2021-04-28_13h00.21.650,udkast til sockult 2,3.2.3,Win32,60,,,,,,,,,,,,,,,,,
,,,,,,,15.11600018,1,0,10,8,1,9,LKECYR,cykler,516,2021-04-28_13h00.21.650,udkast til sockult 2,3.2.3,Win32,60,,,,,,,,,,,,,,,,,
,,,,,,papir,8.650000095,1,0,10,9,1,9,PIARP,papir,516,2021-04-28_13h00.21.650,udkast til sockult 2,3.2.3,Win32,60,,,,,,,,,,,,,,,,,
,,,,,,,59.01100016,,,,,,,,,516,2021-04-28_13h00.21.650,udkast til sockult 2,3.2.3,Win32,60,return,18.273,h,1,58.96099997,,,1,0,6,5,1,5,HMT9.png,h,,
,,,,,,,32.50099993,,,,,,,,,516,2021-04-28_13h00.21.650,udkast til sockult 2,3.2.3,Win32,60,,,d,1,32.45499992,,,1,0,6,3,1,5,HMT5.png,d,,
,,,,,,,23.16699982,,,,,,,,,516,2021-04-28_13h00.21.650,udkast til sockult 2,3.2.3,Win32,60,,,h,1,23.12400007,,,1,0,6,0,1,5,HMT1.png,h,,
,,,,,,,8.299999952,,,,,,,,,516,2021-04-28_13h00.21.650,udkast til sockult 2,3.2.3,Win32,60,,,e,1,8.245000124,,,1,0,6,1,1,5,HMT2.png,e,,
,,,,,,,19.18400002,,,,,,,,,516,2021-04-28_13h00.21.650,udkast til sockult 2,3.2.3,Win32,60,,,g,0,19.14199996,,,1,0,6,4,1,5,HMT7.png,h,,
,,,,,,,31.50099993,,,,,,,,,516,2021-04-28_13h00.21.650,udkast til sockult 2,3.2.3,Win32,60,,,c,1,31.46000004,,,1,0,6,2,1,5,HMT3.png,c,,
,,,,,,,,,,,,,,,,516,2021-04-28_13h00.21.650,udkast til sockult 2,3.2.3,Win32,60,,,,,,,,,,,,,,,,return,5.342999935
