key_resp.keys,key_resp.rt,key_resp_3.keys,key_resp_3.rt,key_resp_2.keys,key_resp_2.rt,anagram_answer,RT,trials.thisRepN,trials.thisTrialN,trials.thisN,trials.thisIndex,trials.ran,trials.order,anagrammer,correct,id,date,expName,psychopyVersion,OS,frameRate,IQ_enter.keys,IQ_enter.rt,IQ_response.keys,IQ_response.corr,IQ_response.rt,key_resp_6.keys,key_resp_6.rt,trials_2.thisRepN,trials_2.thisTrialN,trials_2.thisN,trials_2.thisIndex,trials_2.ran,trials_2.order,options,correctIQanswer,key_resp_7.keys,key_resp_7.rt
return,23.12299991,return,7.044999838,,,,0.000999928,1,0,10,0,1,9,REMOVE,,1137,2021-05-06_07h46.06.762,udkast til sockult 2,3.2.3,Win32,60,,,,,,,,,,,,,,,,,
,,,,,,penislap,79.66899991,1,0,10,1,1,9,ANISPLEP,appelsin,1137,2021-05-06_07h46.06.762,udkast til sockult 2,3.2.3,Win32,60,,,,,,,,,,,,,,,,,
,,,,,,spejl,7.363000154,1,0,10,2,1,9,LSEPJ,spejl,1137,2021-05-06_07h46.06.762,udkast til sockult 2,3.2.3,Win32,60,,,,,,,,,,,,,,,,,
,,,,,,hest,3.605999947,1,0,10,3,1,9,STEH,hest,1137,2021-05-06_07h46.06.762,udkast til sockult 2,3.2.3,Win32,60,,,,,,,,,,,,,,,,,
,,,,,,marake,54.77100015,1,0,10,4,1,9,MKRAAE,kamera,1137,2021-05-06_07h46.06.762,udkast til sockult 2,3.2.3,Win32,60,,,,,,,,,,,,,,,,,
,,,,,,blomst,7.230000019,1,0,10,5,1,9,MLOBST,blomst,1137,2021-05-06_07h46.06.762,udkast til sockult 2,3.2.3,Win32,60,,,,,,,,,,,,,,,,,
,,,,,,,21.60800004,1,0,10,6,1,9,DBGOOR,ordbog,1137,2021-05-06_07h46.06.762,udkast til sockult 2,3.2.3,Win32,60,,,,,,,,,,,,,,,,,
,,,,,,,14.14300013,1,0,10,7,1,9,LKDSAR,skrald,1137,2021-05-06_07h46.06.762,udkast til sockult 2,3.2.3,Win32,60,,,,,,,,,,,,,,,,,
,,,,,,cykler,8.197999954,1,0,10,8,1,9,LKECYR,cykler,1137,2021-05-06_07h46.06.762,udkast til sockult 2,3.2.3,Win32,60,,,,,,,,,,,,,,,,,
,,,,,,papir,3.488999844,1,0,10,9,1,9,PIARP,papir,1137,2021-05-06_07h46.06.762,udkast til sockult 2,3.2.3,Win32,60,,,,,,,,,,,,,,,,,
,,,,,,,63.82099986,,,,,,,,,1137,2021-05-06_07h46.06.762,udkast til sockult 2,3.2.3,Win32,60,return,18.73099995,d,1,63.75300002,,,1,0,6,3,1,5,HMT5.png,d,,
,,,,,,,32.71499991,,,,,,,,,1137,2021-05-06_07h46.06.762,udkast til sockult 2,3.2.3,Win32,60,,,e,1,32.65399981,,,1,0,6,1,1,5,HMT2.png,e,,
,,,,,,,35.01900005,,,,,,,,,1137,2021-05-06_07h46.06.762,udkast til sockult 2,3.2.3,Win32,60,,,h,1,34.95899987,,,1,0,6,4,1,5,HMT7.png,h,,
,,,,,,,28.75399995,,,,,,,,,1137,2021-05-06_07h46.06.762,udkast til sockult 2,3.2.3,Win32,60,,,,0,,return,28.69499993,1,0,6,2,1,5,HMT3.png,c,,
,,,,,,,17.28299999,,,,,,,,,1137,2021-05-06_07h46.06.762,udkast til sockult 2,3.2.3,Win32,60,,,h,1,17.23199987,,,1,0,6,0,1,5,HMT1.png,h,,
,,,,,,,88.67600012,,,,,,,,,1137,2021-05-06_07h46.06.762,udkast til sockult 2,3.2.3,Win32,60,,,h,1,88.61400008,,,1,0,6,5,1,5,HMT9.png,h,,
,,,,,,,,,,,,,,,,1137,2021-05-06_07h46.06.762,udkast til sockult 2,3.2.3,Win32,60,,,,,,,,,,,,,,,,return,5.555999756
