key_resp.keys,key_resp.rt,key_resp_3.keys,key_resp_3.rt,key_resp_2.keys,key_resp_2.rt,anagram_answer,RT,trials.thisRepN,trials.thisTrialN,trials.thisN,trials.thisIndex,trials.ran,trials.order,anagrammer,correct,id,date,expName,psychopyVersion,OS,frameRate,IQ_enter.keys,IQ_enter.rt,IQ_response.keys,IQ_response.corr,IQ_response.rt,key_resp_6.keys,key_resp_6.rt,trials_2.thisRepN,trials_2.thisTrialN,trials_2.thisN,trials_2.thisIndex,trials_2.ran,trials_2.order,options,correctIQanswer,key_resp_7.keys,key_resp_7.rt
return,29.89899993,return,7.592999935,,,,0,1,0,10,0,1,9,REMOVE,,1640,2021-05-04_17h01.37.348,udkast til sockult 2,3.2.3,MacIntel,60,,,,,,,,,,,,,,,,,
,,,,,,,59.79100013,1,0,10,1,1,9,ANISPLEP,appelsin,1640,2021-05-04_17h01.37.348,udkast til sockult 2,3.2.3,MacIntel,60,,,,,,,,,,,,,,,,,
,,,,,,spejl,10.13400006,1,0,10,2,1,9,LSEPJ,spejl,1640,2021-05-04_17h01.37.348,udkast til sockult 2,3.2.3,MacIntel,60,,,,,,,,,,,,,,,,,
,,,,,,hest,3.299999952,1,0,10,3,1,9,STEH,hest,1640,2021-05-04_17h01.37.348,udkast til sockult 2,3.2.3,MacIntel,60,,,,,,,,,,,,,,,,,
,,,,,,kamera,36.99799991,1,0,10,4,1,9,MKRAAE,kamera,1640,2021-05-04_17h01.37.348,udkast til sockult 2,3.2.3,MacIntel,60,,,,,,,,,,,,,,,,,
,,,,,,blomst,3.032999992,1,0,10,5,1,9,MLOBST,blomst,1640,2021-05-04_17h01.37.348,udkast til sockult 2,3.2.3,MacIntel,60,,,,,,,,,,,,,,,,,
,,,,,,ordbog,19.13199997,1,0,10,6,1,9,DBGOOR,ordbog,1640,2021-05-04_17h01.37.348,udkast til sockult 2,3.2.3,MacIntel,60,,,,,,,,,,,,,,,,,
,,,,,,skrald,27.83300018,1,0,10,7,1,9,LKDSAR,skrald,1640,2021-05-04_17h01.37.348,udkast til sockult 2,3.2.3,MacIntel,60,,,,,,,,,,,,,,,,,
,,,,,,cykler,4.098999977,1,0,10,8,1,9,LKECYR,cykler,1640,2021-05-04_17h01.37.348,udkast til sockult 2,3.2.3,MacIntel,60,,,,,,,,,,,,,,,,,
,,,,,,papir,2.616000175,1,0,10,9,1,9,PIARP,papir,1640,2021-05-04_17h01.37.348,udkast til sockult 2,3.2.3,MacIntel,60,,,,,,,,,,,,,,,,,
,,,,,,,42.5710001,,,,,,,,,1640,2021-05-04_17h01.37.348,udkast til sockult 2,3.2.3,MacIntel,60,return,18.98699999,h,1,42.50099993,,,1,0,6,0,1,5,HMT1.png,h,,
,,,,,,,30.48200011,,,,,,,,,1640,2021-05-04_17h01.37.348,udkast til sockult 2,3.2.3,MacIntel,60,,,h,1,30.42799997,,,1,0,6,4,1,5,HMT7.png,h,,
,,,,,,,27.03299999,,,,,,,,,1640,2021-05-04_17h01.37.348,udkast til sockult 2,3.2.3,MacIntel,60,,,,0,,return,26.98000002,1,0,6,5,1,5,HMT9.png,h,,
,,,,,,,13.39999986,,,,,,,,,1640,2021-05-04_17h01.37.348,udkast til sockult 2,3.2.3,MacIntel,60,,,d,1,13.35399985,,,1,0,6,3,1,5,HMT5.png,d,,
,,,,,,,44.18200016,,,,,,,,,1640,2021-05-04_17h01.37.348,udkast til sockult 2,3.2.3,MacIntel,60,,,c,1,44.14599991,,,1,0,6,2,1,5,HMT3.png,c,,
,,,,,,,26.28200006,,,,,,,,,1640,2021-05-04_17h01.37.348,udkast til sockult 2,3.2.3,MacIntel,60,,,e,1,26.24099994,,,1,0,6,1,1,5,HMT2.png,e,,
,,,,,,,,,,,,,,,,1640,2021-05-04_17h01.37.348,udkast til sockult 2,3.2.3,MacIntel,60,,,,,,,,,,,,,,,,return,8.865999937
