key_resp.keys,key_resp.rt,key_resp_3.keys,key_resp_3.rt,key_resp_2.keys,key_resp_2.rt,anagram_answer,RT,trials.thisRepN,trials.thisTrialN,trials.thisN,trials.thisIndex,trials.ran,trials.order,anagrammer,correct,id,date,expName,psychopyVersion,OS,frameRate,IQ_enter.keys,IQ_enter.rt,IQ_response.keys,IQ_response.corr,IQ_response.rt,key_resp_6.keys,key_resp_6.rt,trials_2.thisRepN,trials_2.thisTrialN,trials_2.thisN,trials_2.thisIndex,trials_2.ran,trials_2.order,options,correctIQanswer,key_resp_7.keys,key_resp_7.rt
return,51.30799985,return,9.817000151,,,,0,1,0,10,0,1,9,REMOVE,,1,2021-05-02_23h52.15.177,udkast til sockult 2,3.2.3,MacIntel,60,,,,,,,,,,,,,,,,,
,,,,,,pinaples,163.79,1,0,10,1,1,9,ANISPLEP,appelsin,1,2021-05-02_23h52.15.177,udkast til sockult 2,3.2.3,MacIntel,60,,,,,,,,,,,,,,,,,
,,,,,,spejl,9.585999966,1,0,10,2,1,9,LSEPJ,spejl,1,2021-05-02_23h52.15.177,udkast til sockult 2,3.2.3,MacIntel,60,,,,,,,,,,,,,,,,,
,,,,,,hest,12.61800003,1,0,10,3,1,9,STEH,hest,1,2021-05-02_23h52.15.177,udkast til sockult 2,3.2.3,MacIntel,60,,,,,,,,,,,,,,,,,
,,,,,,meraka,227.9909999,1,0,10,4,1,9,MKRAAE,kamera,1,2021-05-02_23h52.15.177,udkast til sockult 2,3.2.3,MacIntel,60,,,,,,,,,,,,,,,,,
,,,,,,blomst,12.6400001,1,0,10,5,1,9,MLOBST,blomst,1,2021-05-02_23h52.15.177,udkast til sockult 2,3.2.3,MacIntel,60,,,,,,,,,,,,,,,,,
,,,,,,bogord,248.8000002,1,0,10,6,1,9,DBGOOR,ordbog,1,2021-05-02_23h52.15.177,udkast til sockult 2,3.2.3,MacIntel,60,,,,,,,,,,,,,,,,,
,,,,,,skrald,87.55299997,1,0,10,7,1,9,LKDSAR,skrald,1,2021-05-02_23h52.15.177,udkast til sockult 2,3.2.3,MacIntel,60,,,,,,,,,,,,,,,,,
,,,,,,cykler,171.865,1,0,10,8,1,9,LKECYR,cykler,1,2021-05-02_23h52.15.177,udkast til sockult 2,3.2.3,MacIntel,60,,,,,,,,,,,,,,,,,
,,,,,,papir,28.14399981,1,0,10,9,1,9,PIARP,papir,1,2021-05-02_23h52.15.177,udkast til sockult 2,3.2.3,MacIntel,60,,,,,,,,,,,,,,,,,
,,,,,,,46.02499986,,,,,,,,,1,2021-05-02_23h52.15.177,udkast til sockult 2,3.2.3,MacIntel,60,return,34.29700017,h,1,45.95099998,,,1,0,6,0,1,5,HMT1.png,h,,
,,,,,,,19.25600004,,,,,,,,,1,2021-05-02_23h52.15.177,udkast til sockult 2,3.2.3,MacIntel,60,,,e,1,19.17499995,,,1,0,6,1,1,5,HMT2.png,e,,
,,,,,,,89.72500014,,,,,,,,,1,2021-05-02_23h52.15.177,udkast til sockult 2,3.2.3,MacIntel,60,,,c,1,89.648,,,1,0,6,2,1,5,HMT3.png,c,,
,,,,,,,88.54100013,,,,,,,,,1,2021-05-02_23h52.15.177,udkast til sockult 2,3.2.3,MacIntel,60,,,e,0,88.46600008,,,1,0,6,4,1,5,HMT7.png,h,,
,,,,,,,126.01,,,,,,,,,1,2021-05-02_23h52.15.177,udkast til sockult 2,3.2.3,MacIntel,60,,,c,0,125.9319999,,,1,0,6,5,1,5,HMT9.png,h,,
,,,,,,,75.34899998,,,,,,,,,1,2021-05-02_23h52.15.177,udkast til sockult 2,3.2.3,MacIntel,60,,,e,0,75.28299999,,,1,0,6,3,1,5,HMT5.png,d,,
,,,,,,,,,,,,,,,,1,2021-05-02_23h52.15.177,udkast til sockult 2,3.2.3,MacIntel,60,,,,,,,,,,,,,,,,return,9.829999924
