key_resp.keys,key_resp.rt,key_resp_3.keys,key_resp_3.rt,key_resp_2.keys,key_resp_2.rt,anagram_answer,RT,trials.thisRepN,trials.thisTrialN,trials.thisN,trials.thisIndex,trials.ran,trials.order,anagrammer,correct,id,date,expName,psychopyVersion,OS,frameRate,IQ_enter.keys,IQ_enter.rt,IQ_response.keys,IQ_response.corr,IQ_response.rt,key_resp_6.keys,key_resp_6.rt,trials_2.thisRepN,trials_2.thisTrialN,trials_2.thisN,trials_2.thisIndex,trials_2.ran,trials_2.order,options,correctIQanswer,key_resp_7.keys,key_resp_7.rt
return,25.07299995,return,3.753000021,,,,0,1,0,10,0,1,9,REMOVE,,1741,2021-05-04_20h06.23.863,udkast til sockult 2,3.2.3,Win32,60,,,,,,,,,,,,,,,,,
,,,,,,,259.559,1,0,10,1,1,9,ANISPLEP,appelsin,1741,2021-05-04_20h06.23.863,udkast til sockult 2,3.2.3,Win32,60,,,,,,,,,,,,,,,,,
,,,,,,spejl,20.70700002,1,0,10,2,1,9,LSEPJ,spejl,1741,2021-05-04_20h06.23.863,udkast til sockult 2,3.2.3,Win32,60,,,,,,,,,,,,,,,,,
,,,,,,hest,7.763000011,1,0,10,3,1,9,STEH,hest,1741,2021-05-04_20h06.23.863,udkast til sockult 2,3.2.3,Win32,60,,,,,,,,,,,,,,,,,
,,,,,,kamera,105.4849999,1,0,10,4,1,9,MKRAAE,kamera,1741,2021-05-04_20h06.23.863,udkast til sockult 2,3.2.3,Win32,60,,,,,,,,,,,,,,,,,
,,,,,,blomst,7.612999916,1,0,10,5,1,9,MLOBST,blomst,1741,2021-05-04_20h06.23.863,udkast til sockult 2,3.2.3,Win32,60,,,,,,,,,,,,,,,,,
,,,,,,ordbog,109.401,1,0,10,6,1,9,DBGOOR,ordbog,1741,2021-05-04_20h06.23.863,udkast til sockult 2,3.2.3,Win32,60,,,,,,,,,,,,,,,,,
,,,,,,skrald,31.48899984,1,0,10,7,1,9,LKDSAR,skrald,1741,2021-05-04_20h06.23.863,udkast til sockult 2,3.2.3,Win32,60,,,,,,,,,,,,,,,,,
,,,,,,cykler,16.7420001,1,0,10,8,1,9,LKECYR,cykler,1741,2021-05-04_20h06.23.863,udkast til sockult 2,3.2.3,Win32,60,,,,,,,,,,,,,,,,,
,,,,,,papir,9.529000044,1,0,10,9,1,9,PIARP,papir,1741,2021-05-04_20h06.23.863,udkast til sockult 2,3.2.3,Win32,60,,,,,,,,,,,,,,,,,
,,,,,,,41.85000014,,,,,,,,,1741,2021-05-04_20h06.23.863,udkast til sockult 2,3.2.3,Win32,60,return,14.32999992,h,1,41.77899981,,,1,0,6,0,1,5,HMT1.png,h,,
,,,,,,,127.2909999,,,,,,,,,1741,2021-05-04_20h06.23.863,udkast til sockult 2,3.2.3,Win32,60,,,h,1,127.1929998,,,1,0,6,4,1,5,HMT7.png,h,,
,,,,,,,220.0840001,,,,,,,,,1741,2021-05-04_20h06.23.863,udkast til sockult 2,3.2.3,Win32,60,,,e,0,219.9899998,,,1,0,6,5,1,5,HMT9.png,h,,
,,,,,,,40.48300004,,,,,,,,,1741,2021-05-04_20h06.23.863,udkast til sockult 2,3.2.3,Win32,60,,,c,1,40.37800002,,,1,0,6,2,1,5,HMT3.png,c,,
,,,,,,,65.52800012,,,,,,,,,1741,2021-05-04_20h06.23.863,udkast til sockult 2,3.2.3,Win32,60,,,d,1,65.44699979,,,1,0,6,3,1,5,HMT5.png,d,,
,,,,,,,18.375,,,,,,,,,1741,2021-05-04_20h06.23.863,udkast til sockult 2,3.2.3,Win32,60,,,e,1,18.29900002,,,1,0,6,1,1,5,HMT2.png,e,,
,,,,,,,,,,,,,,,,1741,2021-05-04_20h06.23.863,udkast til sockult 2,3.2.3,Win32,60,,,,,,,,,,,,,,,,return,5.904999971
