key_resp.keys,key_resp.rt,key_resp_3.keys,key_resp_3.rt,key_resp_2.keys,key_resp_2.rt,anagram_answer,RT,trials.thisRepN,trials.thisTrialN,trials.thisN,trials.thisIndex,trials.ran,trials.order,anagrammer,correct,id,date,expName,psychopyVersion,OS,frameRate,IQ_enter.keys,IQ_enter.rt,IQ_response.keys,IQ_response.corr,IQ_response.rt,key_resp_6.keys,key_resp_6.rt,trials_2.thisRepN,trials_2.thisTrialN,trials_2.thisN,trials_2.thisIndex,trials_2.ran,trials_2.order,options,correctIQanswer,key_resp_7.keys,key_resp_7.rt
return,36.97099996,return,4.138000011,,,,0,1,0,10,0,1,9,REMOVE,,1851,2021-05-02_20h40.03.358,udkast til sockult 2,3.2.3,MacIntel,60,,,,,,,,,,,,,,,,,
,,,,,,,145.648,1,0,10,1,1,9,ANISPLEP,appelsin,1851,2021-05-02_20h40.03.358,udkast til sockult 2,3.2.3,MacIntel,60,,,,,,,,,,,,,,,,,
,,,,,,spejl,100.1459999,1,0,10,2,1,9,LSEPJ,spejl,1851,2021-05-02_20h40.03.358,udkast til sockult 2,3.2.3,MacIntel,60,,,,,,,,,,,,,,,,,
,,,,,,hest,6.447000027,1,0,10,3,1,9,STEH,hest,1851,2021-05-02_20h40.03.358,udkast til sockult 2,3.2.3,MacIntel,60,,,,,,,,,,,,,,,,,
,,,,,,,184.4629998,1,0,10,4,1,9,MKRAAE,kamera,1851,2021-05-02_20h40.03.358,udkast til sockult 2,3.2.3,MacIntel,60,,,,,,,,,,,,,,,,,
,,,,,,blomst,5.129999876,1,0,10,5,1,9,MLOBST,blomst,1851,2021-05-02_20h40.03.358,udkast til sockult 2,3.2.3,MacIntel,60,,,,,,,,,,,,,,,,,
,,,,,,bogrod,53.66499996,1,0,10,6,1,9,DBGOOR,ordbog,1851,2021-05-02_20h40.03.358,udkast til sockult 2,3.2.3,MacIntel,60,,,,,,,,,,,,,,,,,
,,,,,,skrald,24.56599998,1,0,10,7,1,9,LKDSAR,skrald,1851,2021-05-02_20h40.03.358,udkast til sockult 2,3.2.3,MacIntel,60,,,,,,,,,,,,,,,,,
,,,,,,cykler,9.69900012,1,0,10,8,1,9,LKECYR,cykler,1851,2021-05-02_20h40.03.358,udkast til sockult 2,3.2.3,MacIntel,60,,,,,,,,,,,,,,,,,
,,,,,,papir,28.24799991,1,0,10,9,1,9,PIARP,papir,1851,2021-05-02_20h40.03.358,udkast til sockult 2,3.2.3,MacIntel,60,,,,,,,,,,,,,,,,,
,,,,,,,198.115,,,,,,,,,1851,2021-05-02_20h40.03.358,udkast til sockult 2,3.2.3,MacIntel,60,return,20.79299998,h,1,198.079,,,1,0,6,5,1,5,HMT9.png,h,,
,,,,,,,70.11599994,,,,,,,,,1851,2021-05-02_20h40.03.358,udkast til sockult 2,3.2.3,MacIntel,60,,,h,1,70.08399987,,,1,0,6,4,1,5,HMT7.png,h,,
,,,,,,,57.71199989,,,,,,,,,1851,2021-05-02_20h40.03.358,udkast til sockult 2,3.2.3,MacIntel,60,,,c,1,57.68000007,,,1,0,6,2,1,5,HMT3.png,c,,
,,,,,,,30.73500013,,,,,,,,,1851,2021-05-02_20h40.03.358,udkast til sockult 2,3.2.3,MacIntel,60,,,d,1,30.70799994,,,1,0,6,3,1,5,HMT5.png,d,,
,,,,,,,35.148,,,,,,,,,1851,2021-05-02_20h40.03.358,udkast til sockult 2,3.2.3,MacIntel,60,,,h,1,35.12299991,,,1,0,6,0,1,5,HMT1.png,h,,
,,,,,,,22.31400013,,,,,,,,,1851,2021-05-02_20h40.03.358,udkast til sockult 2,3.2.3,MacIntel,60,,,e,1,22.28500009,,,1,0,6,1,1,5,HMT2.png,e,,
,,,,,,,,,,,,,,,,1851,2021-05-02_20h40.03.358,udkast til sockult 2,3.2.3,MacIntel,60,,,,,,,,,,,,,,,,return,8.502000093
