key_resp.keys,key_resp.rt,key_resp_3.keys,key_resp_3.rt,key_resp_2.keys,key_resp_2.rt,anagram_answer,RT,trials.thisRepN,trials.thisTrialN,trials.thisN,trials.thisIndex,trials.ran,trials.order,anagrammer,correct,id,date,expName,psychopyVersion,OS,frameRate,IQ_enter.keys,IQ_enter.rt,IQ_response.keys,IQ_response.corr,IQ_response.rt,key_resp_6.keys,key_resp_6.rt,trials_2.thisRepN,trials_2.thisTrialN,trials_2.thisN,trials_2.thisIndex,trials_2.ran,trials_2.order,options,correctIQanswer,key_resp_7.keys,key_resp_7.rt
return,44.11799979,return,6.735000134,,,,0,1,0,10,0,1,9,REMOVE,,462,2021-05-06_14h07.02.888,udkast til sockult 2,3.2.3,MacIntel,60,,,,,,,,,,,,,,,,,
,,,,,,appelsin,26.21700001,1,0,10,1,1,9,ANISPLEP,appelsin,462,2021-05-06_14h07.02.888,udkast til sockult 2,3.2.3,MacIntel,60,,,,,,,,,,,,,,,,,
,,,,,,spejl,5.069999933,1,0,10,2,1,9,LSEPJ,spejl,462,2021-05-06_14h07.02.888,udkast til sockult 2,3.2.3,MacIntel,60,,,,,,,,,,,,,,,,,
,,,,,,hest,4.032999992,1,0,10,3,1,9,STEH,hest,462,2021-05-06_14h07.02.888,udkast til sockult 2,3.2.3,MacIntel,60,,,,,,,,,,,,,,,,,
,,,,,,kamera,31.53200006,1,0,10,4,1,9,MKRAAE,kamera,462,2021-05-06_14h07.02.888,udkast til sockult 2,3.2.3,MacIntel,60,,,,,,,,,,,,,,,,,
,,,,,,blomst,3.781999826,1,0,10,5,1,9,MLOBST,blomst,462,2021-05-06_14h07.02.888,udkast til sockult 2,3.2.3,MacIntel,60,,,,,,,,,,,,,,,,,
,,,,,,ordbog,8.497999907,1,0,10,6,1,9,DBGOOR,ordbog,462,2021-05-06_14h07.02.888,udkast til sockult 2,3.2.3,MacIntel,60,,,,,,,,,,,,,,,,,
,,,,,,skrald,30.61399984,1,0,10,7,1,9,LKDSAR,skrald,462,2021-05-06_14h07.02.888,udkast til sockult 2,3.2.3,MacIntel,60,,,,,,,,,,,,,,,,,
,,,,,,cykler,6.078999996,1,0,10,8,1,9,LKECYR,cykler,462,2021-05-06_14h07.02.888,udkast til sockult 2,3.2.3,MacIntel,60,,,,,,,,,,,,,,,,,
,,,,,,papir,2.431999922,1,0,10,9,1,9,PIARP,papir,462,2021-05-06_14h07.02.888,udkast til sockult 2,3.2.3,MacIntel,60,,,,,,,,,,,,,,,,,
,,,,,,,14.68400002,,,,,,,,,462,2021-05-06_14h07.02.888,udkast til sockult 2,3.2.3,MacIntel,60,return,30.04200006,c,1,14.61799979,,,1,0,6,2,1,5,HMT3.png,c,,
,,,,,,,79.98199987,,,,,,,,,462,2021-05-06_14h07.02.888,udkast til sockult 2,3.2.3,MacIntel,60,,,e,0,79.9230001,,,1,0,6,4,1,5,HMT7.png,h,,
,,,,,,,41.7809999,,,,,,,,,462,2021-05-06_14h07.02.888,udkast til sockult 2,3.2.3,MacIntel,60,,,h,1,41.73099995,,,1,0,6,0,1,5,HMT1.png,h,,
,,,,,,,12.24799991,,,,,,,,,462,2021-05-06_14h07.02.888,udkast til sockult 2,3.2.3,MacIntel,60,,,d,1,12.19400001,,,1,0,6,3,1,5,HMT5.png,d,,
,,,,,,,42.91599989,,,,,,,,,462,2021-05-06_14h07.02.888,udkast til sockult 2,3.2.3,MacIntel,60,,,e,0,42.84800005,,,1,0,6,5,1,5,HMT9.png,h,,
,,,,,,,8.528999805,,,,,,,,,462,2021-05-06_14h07.02.888,udkast til sockult 2,3.2.3,MacIntel,60,,,e,1,8.472000122,,,1,0,6,1,1,5,HMT2.png,e,,
,,,,,,,,,,,,,,,,462,2021-05-06_14h07.02.888,udkast til sockult 2,3.2.3,MacIntel,60,,,,,,,,,,,,,,,,return,7.598999977
