key_resp.keys,key_resp.rt,key_resp_3.keys,key_resp_3.rt,key_resp_2.keys,key_resp_2.rt,anagram_answer,RT,trials.thisRepN,trials.thisTrialN,trials.thisN,trials.thisIndex,trials.ran,trials.order,anagrammer,correct,id,date,expName,psychopyVersion,OS,frameRate,IQ_enter.keys,IQ_enter.rt,IQ_response.keys,IQ_response.corr,IQ_response.rt,key_resp_6.keys,key_resp_6.rt,trials_2.thisRepN,trials_2.thisTrialN,trials_2.thisN,trials_2.thisIndex,trials_2.ran,trials_2.order,options,correctIQanswer
return,21.45499992,return,4.258000135,,,,0,1,0,10,0,1,9,REMOVE,,555,2021-05-04_16h57.21.686,udkast til sockult 2,3.2.3,Win32,60,,,,,,,,,,,,,,,
,,,,,,,84.96099997,1,0,10,1,1,9,ANISPLEP,appelsin,555,2021-05-04_16h57.21.686,udkast til sockult 2,3.2.3,Win32,60,,,,,,,,,,,,,,,
,,,,,,spejl,20.15199995,1,0,10,2,1,9,LSEPJ,spejl,555,2021-05-04_16h57.21.686,udkast til sockult 2,3.2.3,Win32,60,,,,,,,,,,,,,,,
,,,,,,hest,4.616999865,1,0,10,3,1,9,STEH,hest,555,2021-05-04_16h57.21.686,udkast til sockult 2,3.2.3,Win32,60,,,,,,,,,,,,,,,
,,,,,,,39.49300003,1,0,10,4,1,9,MKRAAE,kamera,555,2021-05-04_16h57.21.686,udkast til sockult 2,3.2.3,Win32,60,,,,,,,,,,,,,,,
,,,,,,blomst,9.335000038,1,0,10,5,1,9,MLOBST,blomst,555,2021-05-04_16h57.21.686,udkast til sockult 2,3.2.3,Win32,60,,,,,,,,,,,,,,,
,,,,,,,34.24799991,1,0,10,6,1,9,DBGOOR,ordbog,555,2021-05-04_16h57.21.686,udkast til sockult 2,3.2.3,Win32,60,,,,,,,,,,,,,,,
,,,,,,,6.163000107,1,0,10,7,1,9,LKDSAR,skrald,555,2021-05-04_16h57.21.686,udkast til sockult 2,3.2.3,Win32,60,,,,,,,,,,,,,,,
,,,,,,,2.100000143,1,0,10,8,1,9,LKECYR,cykler,555,2021-05-04_16h57.21.686,udkast til sockult 2,3.2.3,Win32,60,,,,,,,,,,,,,,,
,,,,,,papir,5.294999838,1,0,10,9,1,9,PIARP,papir,555,2021-05-04_16h57.21.686,udkast til sockult 2,3.2.3,Win32,60,,,,,,,,,,,,,,,
,,,,,,,6.218999863,,,,,,,,,555,2021-05-04_16h57.21.686,udkast til sockult 2,3.2.3,Win32,60,return,13.37400007,h,0,6.21600008,,,1,0,6,2,1,5,HMT3.png,c
,,,,,,,0.470000029,,,,,,,,,555,2021-05-04_16h57.21.686,udkast til sockult 2,3.2.3,Win32,60,,,d,0,0.469000101,,,1,0,6,5,1,5,HMT9.png,h
,,,,,,,0.031999826,,,,,,,,,555,2021-05-04_16h57.21.686,udkast til sockult 2,3.2.3,Win32,60,,,f,0,0.029999971,,,1,0,6,0,1,5,HMT1.png,h
,,,,,,,0.357000113,,,,,,,,,555,2021-05-04_16h57.21.686,udkast til sockult 2,3.2.3,Win32,60,,,a,0,0.357000113,,,1,0,6,1,1,5,HMT2.png,e
,,,,,,,0.357000113,,,,,,,,,555,2021-05-04_16h57.21.686,udkast til sockult 2,3.2.3,Win32,60,,,d,1,0.357000113,,,1,0,6,3,1,5,HMT5.png,d
,,,,,,,0.131000042,,,,,,,,,555,2021-05-04_16h57.21.686,udkast til sockult 2,3.2.3,Win32,60,,,a,0,0.131000042,,,1,0,6,4,1,5,HMT7.png,h
