key_resp.keys,key_resp.rt,key_resp_3.keys,key_resp_3.rt,key_resp_2.keys,key_resp_2.rt,anagram_answer,RT,trials.thisRepN,trials.thisTrialN,trials.thisN,trials.thisIndex,trials.ran,trials.order,anagrammer,correct,id,date,expName,psychopyVersion,OS,frameRate,IQ_enter.keys,IQ_enter.rt,IQ_response.keys,IQ_response.corr,IQ_response.rt,key_resp_6.keys,key_resp_6.rt,trials_2.thisRepN,trials_2.thisTrialN,trials_2.thisN,trials_2.thisIndex,trials_2.ran,trials_2.order,options,correctIQanswer,key_resp_7.keys,key_resp_7.rt
return,37.50700021,return,2.976000071,,,,0,1,0,10,0,1,9,REMOVE,,1142,2021-05-05_14h41.33.495,udkast til sockult 2,3.2.3,MacIntel,60,,,,,,,,,,,,,,,,,
,,,,,,sine,73.88999987,1,0,10,1,1,9,ANISPLEP,appelsin,1142,2021-05-05_14h41.33.495,udkast til sockult 2,3.2.3,MacIntel,60,,,,,,,,,,,,,,,,,
,,,,,,pels,4.717000008,1,0,10,2,1,9,LSEPJ,spejl,1142,2021-05-05_14h41.33.495,udkast til sockult 2,3.2.3,MacIntel,60,,,,,,,,,,,,,,,,,
,,,,,,se,7.28399992,1,0,10,3,1,9,STEH,hest,1142,2021-05-05_14h41.33.495,udkast til sockult 2,3.2.3,MacIntel,60,,,,,,,,,,,,,,,,,
,,,,,,kram,12.88499999,1,0,10,4,1,9,MKRAAE,kamera,1142,2021-05-05_14h41.33.495,udkast til sockult 2,3.2.3,MacIntel,60,,,,,,,,,,,,,,,,,
,,,,,,blomst,2.266000032,1,0,10,5,1,9,MLOBST,blomst,1142,2021-05-05_14h41.33.495,udkast til sockult 2,3.2.3,MacIntel,60,,,,,,,,,,,,,,,,,
,,,,,,good,13.88400006,1,0,10,6,1,9,DBGOOR,ordbog,1142,2021-05-05_14h41.33.495,udkast til sockult 2,3.2.3,MacIntel,60,,,,,,,,,,,,,,,,,
,,,,,,kald,7.882999897,1,0,10,7,1,9,LKDSAR,skrald,1142,2021-05-05_14h41.33.495,udkast til sockult 2,3.2.3,MacIntel,60,,,,,,,,,,,,,,,,,
,,,,,,cykel,4.348999977,1,0,10,8,1,9,LKECYR,cykler,1142,2021-05-05_14h41.33.495,udkast til sockult 2,3.2.3,MacIntel,60,,,,,,,,,,,,,,,,,
,,,,,,pap,9.865999937,1,0,10,9,1,9,PIARP,papir,1142,2021-05-05_14h41.33.495,udkast til sockult 2,3.2.3,MacIntel,60,,,,,,,,,,,,,,,,,
,,,,,,,18.45700002,,,,,,,,,1142,2021-05-05_14h41.33.495,udkast til sockult 2,3.2.3,MacIntel,60,return,12.23699999,d,0,18.40900016,,,1,0,6,1,1,5,HMT2.png,e,,
,,,,,,,21.51800013,,,,,,,,,1142,2021-05-05_14h41.33.495,udkast til sockult 2,3.2.3,MacIntel,60,,,a,0,21.48200035,,,1,0,6,2,1,5,HMT3.png,c,,
,,,,,,,16.63300014,,,,,,,,,1142,2021-05-05_14h41.33.495,udkast til sockult 2,3.2.3,MacIntel,60,,,c,0,16.59900022,,,1,0,6,0,1,5,HMT1.png,h,,
,,,,,,,12.28499985,,,,,,,,,1142,2021-05-05_14h41.33.495,udkast til sockult 2,3.2.3,MacIntel,60,,,a,0,12.24900031,,,1,0,6,3,1,5,HMT5.png,d,,
,,,,,,,16.41700006,,,,,,,,,1142,2021-05-05_14h41.33.495,udkast til sockult 2,3.2.3,MacIntel,60,,,a,0,16.3840003,,,1,0,6,4,1,5,HMT7.png,h,,
,,,,,,,17.51800013,,,,,,,,,1142,2021-05-05_14h41.33.495,udkast til sockult 2,3.2.3,MacIntel,60,,,b,0,17.48100019,,,1,0,6,5,1,5,HMT9.png,h,,
,,,,,,,,,,,,,,,,1142,2021-05-05_14h41.33.495,udkast til sockult 2,3.2.3,MacIntel,60,,,,,,,,,,,,,,,,return,3.85800004
