key_resp.keys,key_resp.rt,key_resp_3.keys,key_resp_3.rt,key_resp_2.keys,key_resp_2.rt,anagram_answer,RT,trials.thisRepN,trials.thisTrialN,trials.thisN,trials.thisIndex,trials.ran,trials.order,anagrammer,correct,id,date,expName,psychopyVersion,OS,frameRate,IQ_enter.keys,IQ_enter.rt,IQ_response.keys,IQ_response.corr,IQ_response.rt,key_resp_6.keys,key_resp_6.rt,trials_2.thisRepN,trials_2.thisTrialN,trials_2.thisN,trials_2.thisIndex,trials_2.ran,trials_2.order,options,correctIQanswer,key_resp_7.keys,key_resp_7.rt
return,21.41499996,return,3.878000021,,,,0,1,0,10,0,1,9,REMOVE,,674,2021-04-30_13h45.16.710,udkast til sockult 2,3.2.3,MacIntel,60,,,,,,,,,,,,,,,,,
,,,,,,appelsin,10.81400013,1,0,10,1,1,9,ANISPLEP,appelsin,674,2021-04-30_13h45.16.710,udkast til sockult 2,3.2.3,MacIntel,60,,,,,,,,,,,,,,,,,
,,,,,,splejs,10.64899993,1,0,10,2,1,9,LSEPJ,spejl,674,2021-04-30_13h45.16.710,udkast til sockult 2,3.2.3,MacIntel,60,,,,,,,,,,,,,,,,,
,,,,,,hest,2.5,1,0,10,3,1,9,STEH,hest,674,2021-04-30_13h45.16.710,udkast til sockult 2,3.2.3,MacIntel,60,,,,,,,,,,,,,,,,,
,,,,,,,66.60100007,1,0,10,4,1,9,MKRAAE,kamera,674,2021-04-30_13h45.16.710,udkast til sockult 2,3.2.3,MacIntel,60,,,,,,,,,,,,,,,,,
,,,,,,blomst,5.016000032,1,0,10,5,1,9,MLOBST,blomst,674,2021-04-30_13h45.16.710,udkast til sockult 2,3.2.3,MacIntel,60,,,,,,,,,,,,,,,,,
,,,,,,,52.18300009,1,0,10,6,1,9,DBGOOR,ordbog,674,2021-04-30_13h45.16.710,udkast til sockult 2,3.2.3,MacIntel,60,,,,,,,,,,,,,,,,,
,,,,,,,29.8829999,1,0,10,7,1,9,LKDSAR,skrald,674,2021-04-30_13h45.16.710,udkast til sockult 2,3.2.3,MacIntel,60,,,,,,,,,,,,,,,,,
,,,,,,cykler,20.86599994,1,0,10,8,1,9,LKECYR,cykler,674,2021-04-30_13h45.16.710,udkast til sockult 2,3.2.3,MacIntel,60,,,,,,,,,,,,,,,,,
,,,,,,papir,4.75,1,0,10,9,1,9,PIARP,papir,674,2021-04-30_13h45.16.710,udkast til sockult 2,3.2.3,MacIntel,60,,,,,,,,,,,,,,,,,
,,,,,,,59.6099999,,,,,,,,,674,2021-04-30_13h45.16.710,udkast til sockult 2,3.2.3,MacIntel,60,return,19.48199987,h,1,59.56699991,,,1,0,6,0,1,5,HMT1.png,h,,
,,,,,,,43.41600013,,,,,,,,,674,2021-04-30_13h45.16.710,udkast til sockult 2,3.2.3,MacIntel,60,,,h,1,43.37699986,,,1,0,6,4,1,5,HMT7.png,h,,
,,,,,,,35.08299994,,,,,,,,,674,2021-04-30_13h45.16.710,udkast til sockult 2,3.2.3,MacIntel,60,,,c,1,35.04499984,,,1,0,6,2,1,5,HMT3.png,c,,
,,,,,,,48.83300018,,,,,,,,,674,2021-04-30_13h45.16.710,udkast til sockult 2,3.2.3,MacIntel,60,,,f,0,48.80799985,,,1,0,6,3,1,5,HMT5.png,d,,
,,,,,,,23.4849999,,,,,,,,,674,2021-04-30_13h45.16.710,udkast til sockult 2,3.2.3,MacIntel,60,,,,0,,return,23.44699979,1,0,6,5,1,5,HMT9.png,h,,
,,,,,,,22.14899993,,,,,,,,,674,2021-04-30_13h45.16.710,udkast til sockult 2,3.2.3,MacIntel,60,,,e,1,22.11800003,,,1,0,6,1,1,5,HMT2.png,e,,
,,,,,,,,,,,,,,,,674,2021-04-30_13h45.16.710,udkast til sockult 2,3.2.3,MacIntel,60,,,,,,,,,,,,,,,,return,5.947999954
