key_resp.keys,key_resp.rt,key_resp_3.keys,key_resp_3.rt,key_resp_2.keys,key_resp_2.rt,anagram_answer,RT,trials.thisRepN,trials.thisTrialN,trials.thisN,trials.thisIndex,trials.ran,trials.order,anagrammer,correct,id,date,expName,psychopyVersion,OS,frameRate,IQ_enter.keys,IQ_enter.rt,IQ_response.keys,IQ_response.corr,IQ_response.rt,key_resp_6.keys,key_resp_6.rt,trials_2.thisRepN,trials_2.thisTrialN,trials_2.thisN,trials_2.thisIndex,trials_2.ran,trials_2.order,options,correctIQanswer,key_resp_7.keys,key_resp_7.rt
return,6.825999975,return,0.773999929,,,,0,1,0,10,0,1,9,REMOVE,,827,2021-05-05_19h41.39.221,udkast til sockult 2,3.2.3,MacIntel,60,,,,,,,,,,,,,,,,,
,,,,,,appelsin,14.89400005,1,0,10,1,1,9,ANISPLEP,appelsin,827,2021-05-05_19h41.39.221,udkast til sockult 2,3.2.3,MacIntel,60,,,,,,,,,,,,,,,,,
,,,,,,spejl,10.11400008,1,0,10,2,1,9,LSEPJ,spejl,827,2021-05-05_19h41.39.221,udkast til sockult 2,3.2.3,MacIntel,60,,,,,,,,,,,,,,,,,
,,,,,,hest,5.644999981,1,0,10,3,1,9,STEH,hest,827,2021-05-05_19h41.39.221,udkast til sockult 2,3.2.3,MacIntel,60,,,,,,,,,,,,,,,,,
,,,,,,,196.3209999,1,0,10,4,1,9,MKRAAE,kamera,827,2021-05-05_19h41.39.221,udkast til sockult 2,3.2.3,MacIntel,60,,,,,,,,,,,,,,,,,
,,,,,,blomst,8.193000078,1,0,10,5,1,9,MLOBST,blomst,827,2021-05-05_19h41.39.221,udkast til sockult 2,3.2.3,MacIntel,60,,,,,,,,,,,,,,,,,
,,,,,,ordbog,59.59599996,1,0,10,6,1,9,DBGOOR,ordbog,827,2021-05-05_19h41.39.221,udkast til sockult 2,3.2.3,MacIntel,60,,,,,,,,,,,,,,,,,
,,,,,,skrald,25.25999999,1,0,10,7,1,9,LKDSAR,skrald,827,2021-05-05_19h41.39.221,udkast til sockult 2,3.2.3,MacIntel,60,,,,,,,,,,,,,,,,,
,,,,,,cykler,5.079999924,1,0,10,8,1,9,LKECYR,cykler,827,2021-05-05_19h41.39.221,udkast til sockult 2,3.2.3,MacIntel,60,,,,,,,,,,,,,,,,,
,,,,,,papir,2.897000074,1,0,10,9,1,9,PIARP,papir,827,2021-05-05_19h41.39.221,udkast til sockult 2,3.2.3,MacIntel,60,,,,,,,,,,,,,,,,,
,,,,,,,68.50499988,,,,,,,,,827,2021-05-05_19h41.39.221,udkast til sockult 2,3.2.3,MacIntel,60,return,4.578999996,e,1,68.40299988,,,1,0,6,1,1,5,HMT2.png,e,,
,,,,,,,84.59500003,,,,,,,,,827,2021-05-05_19h41.39.221,udkast til sockult 2,3.2.3,MacIntel,60,,,c,0,84.50999975,,,1,0,6,5,1,5,HMT9.png,h,,
,,,,,,,56.477,,,,,,,,,827,2021-05-05_19h41.39.221,udkast til sockult 2,3.2.3,MacIntel,60,,,f,0,56.40199995,,,1,0,6,2,1,5,HMT3.png,c,,
,,,,,,,30.48399997,,,,,,,,,827,2021-05-05_19h41.39.221,udkast til sockult 2,3.2.3,MacIntel,60,,,h,1,30.20600009,,,1,0,6,0,1,5,HMT1.png,h,,
,,,,,,,97.50300002,,,,,,,,,827,2021-05-05_19h41.39.221,udkast til sockult 2,3.2.3,MacIntel,60,,,d,0,97.33599997,,,1,0,6,4,1,5,HMT7.png,h,,
,,,,,,,10.76300001,,,,,,,,,827,2021-05-05_19h41.39.221,udkast til sockult 2,3.2.3,MacIntel,60,,,d,1,10.67700005,,,1,0,6,3,1,5,HMT5.png,d,,
,,,,,,,,,,,,,,,,827,2021-05-05_19h41.39.221,udkast til sockult 2,3.2.3,MacIntel,60,,,,,,,,,,,,,,,,return,10.36399984
