key_resp.keys,key_resp.rt,key_resp_3.keys,key_resp_3.rt,key_resp_2.keys,key_resp_2.rt,anagram_answer,RT,trials.thisRepN,trials.thisTrialN,trials.thisN,trials.thisIndex,trials.ran,trials.order,anagrammer,correct,id,date,expName,psychopyVersion,OS,frameRate,IQ_enter.keys,IQ_enter.rt,IQ_response.keys,IQ_response.corr,IQ_response.rt,key_resp_6.keys,key_resp_6.rt,trials_2.thisRepN,trials_2.thisTrialN,trials_2.thisN,trials_2.thisIndex,trials_2.ran,trials_2.order,options,correctIQanswer,key_resp_7.keys,key_resp_7.rt
return,28.78999972,return,4.525000095,,,,0.000999928,1,0,10,0,1,9,REMOVE,,244,2021-05-08_11h05.38.627,udkast til sockult 2,3.2.3,MacIntel,60,,,,,,,,,,,,,,,,,
,,,,,,,67.09100008,1,0,10,1,1,9,ANISPLEP,appelsin,244,2021-05-08_11h05.38.627,udkast til sockult 2,3.2.3,MacIntel,60,,,,,,,,,,,,,,,,,
,,,,,,spejl,8.550000191,1,0,10,2,1,9,LSEPJ,spejl,244,2021-05-08_11h05.38.627,udkast til sockult 2,3.2.3,MacIntel,60,,,,,,,,,,,,,,,,,
,,,,,,hest,12.1500001,1,0,10,3,1,9,STEH,hest,244,2021-05-08_11h05.38.627,udkast til sockult 2,3.2.3,MacIntel,60,,,,,,,,,,,,,,,,,
,,,,,,kamera,25.23399997,1,0,10,4,1,9,MKRAAE,kamera,244,2021-05-08_11h05.38.627,udkast til sockult 2,3.2.3,MacIntel,60,,,,,,,,,,,,,,,,,
,,,,,,blomst,4.581999779,1,0,10,5,1,9,MLOBST,blomst,244,2021-05-08_11h05.38.627,udkast til sockult 2,3.2.3,MacIntel,60,,,,,,,,,,,,,,,,,
,,,,,,,35.73600006,1,0,10,6,1,9,DBGOOR,ordbog,244,2021-05-08_11h05.38.627,udkast til sockult 2,3.2.3,MacIntel,60,,,,,,,,,,,,,,,,,
,,,,,,lakrids,3.330999851,1,0,10,7,1,9,LKDSAR,skrald,244,2021-05-08_11h05.38.627,udkast til sockult 2,3.2.3,MacIntel,60,,,,,,,,,,,,,,,,,
,,,,,,cykler,5.148999929,1,0,10,8,1,9,LKECYR,cykler,244,2021-05-08_11h05.38.627,udkast til sockult 2,3.2.3,MacIntel,60,,,,,,,,,,,,,,,,,
,,,,,,papir,8.200000048,1,0,10,9,1,9,PIARP,papir,244,2021-05-08_11h05.38.627,udkast til sockult 2,3.2.3,MacIntel,60,,,,,,,,,,,,,,,,,
,,,,,,,14.34100008,,,,,,,,,244,2021-05-08_11h05.38.627,udkast til sockult 2,3.2.3,MacIntel,60,return,14.66799998,h,1,14.29899979,,,1,0,6,0,1,5,HMT1.png,h,,
,,,,,,,7.531999826,,,,,,,,,244,2021-05-08_11h05.38.627,udkast til sockult 2,3.2.3,MacIntel,60,,,e,1,7.488999844,,,1,0,6,1,1,5,HMT2.png,e,,
,,,,,,,24.18400002,,,,,,,,,244,2021-05-08_11h05.38.627,udkast til sockult 2,3.2.3,MacIntel,60,,,d,1,24.15400004,,,1,0,6,3,1,5,HMT5.png,d,,
,,,,,,,23.71799994,,,,,,,,,244,2021-05-08_11h05.38.627,udkast til sockult 2,3.2.3,MacIntel,60,,,h,1,23.68300009,,,1,0,6,4,1,5,HMT7.png,h,,
,,,,,,,46.81900001,,,,,,,,,244,2021-05-08_11h05.38.627,udkast til sockult 2,3.2.3,MacIntel,60,,,c,0,46.77900004,,,1,0,6,5,1,5,HMT9.png,h,,
,,,,,,,11.78499985,,,,,,,,,244,2021-05-08_11h05.38.627,udkast til sockult 2,3.2.3,MacIntel,60,,,c,1,11.75199986,,,1,0,6,2,1,5,HMT3.png,c,,
,,,,,,,,,,,,,,,,244,2021-05-08_11h05.38.627,udkast til sockult 2,3.2.3,MacIntel,60,,,,,,,,,,,,,,,,return,10.65400004
