key_resp.keys,key_resp.rt,key_resp_3.keys,key_resp_3.rt,key_resp_2.keys,key_resp_2.rt,anagram_answer,RT,trials.thisRepN,trials.thisTrialN,trials.thisN,trials.thisIndex,trials.ran,trials.order,anagrammer,correct,id,date,expName,psychopyVersion,OS,frameRate,IQ_enter.keys,IQ_enter.rt,IQ_response.keys,IQ_response.corr,IQ_response.rt,key_resp_6.keys,key_resp_6.rt,trials_2.thisRepN,trials_2.thisTrialN,trials_2.thisN,trials_2.thisIndex,trials_2.ran,trials_2.order,options,correctIQanswer,key_resp_7.keys,key_resp_7.rt
return,22.21000004,return,4.963999987,,,,0,1,0,10,0,1,9,REMOVE,,15,2021-05-05_14h26.58.727,udkast til sockult 2,3.2.3,Win32,60,,,,,,,,,,,,,,,,,
,,,,,,,85.352,1,0,10,1,1,9,ANISPLEP,appelsin,15,2021-05-05_14h26.58.727,udkast til sockult 2,3.2.3,Win32,60,,,,,,,,,,,,,,,,,
,,,,,,spejl,15.227,1,0,10,2,1,9,LSEPJ,spejl,15,2021-05-05_14h26.58.727,udkast til sockult 2,3.2.3,Win32,60,,,,,,,,,,,,,,,,,
,,,,,,hest,4.346999884,1,0,10,3,1,9,STEH,hest,15,2021-05-05_14h26.58.727,udkast til sockult 2,3.2.3,Win32,60,,,,,,,,,,,,,,,,,
,,,,,,,56.03100014,1,0,10,4,1,9,MKRAAE,kamera,15,2021-05-05_14h26.58.727,udkast til sockult 2,3.2.3,Win32,60,,,,,,,,,,,,,,,,,
,,,,,,blomst,10.66199994,1,0,10,5,1,9,MLOBST,blomst,15,2021-05-05_14h26.58.727,udkast til sockult 2,3.2.3,Win32,60,,,,,,,,,,,,,,,,,
,,,,,,ordbog,31.08800006,1,0,10,6,1,9,DBGOOR,ordbog,15,2021-05-05_14h26.58.727,udkast til sockult 2,3.2.3,Win32,60,,,,,,,,,,,,,,,,,
,,,,,,,76.47300005,1,0,10,7,1,9,LKDSAR,skrald,15,2021-05-05_14h26.58.727,udkast til sockult 2,3.2.3,Win32,60,,,,,,,,,,,,,,,,,
,,,,,,cykler,12.16199994,1,0,10,8,1,9,LKECYR,cykler,15,2021-05-05_14h26.58.727,udkast til sockult 2,3.2.3,Win32,60,,,,,,,,,,,,,,,,,
,,,,,,papir,6.28000021,1,0,10,9,1,9,PIARP,papir,15,2021-05-05_14h26.58.727,udkast til sockult 2,3.2.3,Win32,60,,,,,,,,,,,,,,,,,
,,,,,,,117.306,,,,,,,,,15,2021-05-05_14h26.58.727,udkast til sockult 2,3.2.3,Win32,60,return,25.54200006,f,0,117.2360001,,,1,0,6,1,1,5,HMT2.png,e,,
,,,,,,,138.868,,,,,,,,,15,2021-05-05_14h26.58.727,udkast til sockult 2,3.2.3,Win32,60,,,b,0,138.799,,,1,0,6,2,1,5,HMT3.png,c,,
,,,,,,,269.5240002,,,,,,,,,15,2021-05-05_14h26.58.727,udkast til sockult 2,3.2.3,Win32,60,,,h,1,269.457,,,1,0,6,5,1,5,HMT9.png,h,,
,,,,,,,36.00300002,,,,,,,,,15,2021-05-05_14h26.58.727,udkast til sockult 2,3.2.3,Win32,60,,,h,1,35.94599986,,,1,0,6,0,1,5,HMT1.png,h,,
,,,,,,,74.35700011,,,,,,,,,15,2021-05-05_14h26.58.727,udkast til sockult 2,3.2.3,Win32,60,,,d,1,74.29999995,,,1,0,6,3,1,5,HMT5.png,d,,
,,,,,,,44.1170001,,,,,,,,,15,2021-05-05_14h26.58.727,udkast til sockult 2,3.2.3,Win32,60,,,h,1,44.06200004,,,1,0,6,4,1,5,HMT7.png,h,,
,,,,,,,,,,,,,,,,15,2021-05-05_14h26.58.727,udkast til sockult 2,3.2.3,Win32,60,,,,,,,,,,,,,,,,return,3.972000122
