key_resp.keys,key_resp.rt,key_resp_3.keys,key_resp_3.rt,key_resp_2.keys,key_resp_2.rt,anagram_answer,RT,trials.thisRepN,trials.thisTrialN,trials.thisN,trials.thisIndex,trials.ran,trials.order,anagrammer,correct,id,date,expName,psychopyVersion,OS,frameRate,IQ_enter.keys,IQ_enter.rt,IQ_response.keys,IQ_response.corr,IQ_response.rt,key_resp_6.keys,key_resp_6.rt,trials_2.thisRepN,trials_2.thisTrialN,trials_2.thisN,trials_2.thisIndex,trials_2.ran,trials_2.order,options,correctIQanswer,key_resp_7.keys,key_resp_7.rt
return,48.69099998,return,12.7099998,,,,0,1,0,10,0,1,9,REMOVE,,1219,2021-05-06_21h00.51.890,udkast til sockult 2,3.2.3,MacIntel,60,,,,,,,,,,,,,,,,,
,,,,,,appelsin,15.94499993,1,0,10,1,1,9,ANISPLEP,appelsin,1219,2021-05-06_21h00.51.890,udkast til sockult 2,3.2.3,MacIntel,60,,,,,,,,,,,,,,,,,
,,,,,,spejl,4.532999992,1,0,10,2,1,9,LSEPJ,spejl,1219,2021-05-06_21h00.51.890,udkast til sockult 2,3.2.3,MacIntel,60,,,,,,,,,,,,,,,,,
,,,,,,hest,3.915999889,1,0,10,3,1,9,STEH,hest,1219,2021-05-06_21h00.51.890,udkast til sockult 2,3.2.3,MacIntel,60,,,,,,,,,,,,,,,,,
,,,,,,,73.38399982,1,0,10,4,1,9,MKRAAE,kamera,1219,2021-05-06_21h00.51.890,udkast til sockult 2,3.2.3,MacIntel,60,,,,,,,,,,,,,,,,,
,,,,,,blomst,14.71700001,1,0,10,5,1,9,MLOBST,blomst,1219,2021-05-06_21h00.51.890,udkast til sockult 2,3.2.3,MacIntel,60,,,,,,,,,,,,,,,,,
,,,,,,ordbog,13.81700015,1,0,10,6,1,9,DBGOOR,ordbog,1219,2021-05-06_21h00.51.890,udkast til sockult 2,3.2.3,MacIntel,60,,,,,,,,,,,,,,,,,
,,,,,,skrald,10.71599984,1,0,10,7,1,9,LKDSAR,skrald,1219,2021-05-06_21h00.51.890,udkast til sockult 2,3.2.3,MacIntel,60,,,,,,,,,,,,,,,,,
,,,,,,cykler,5.165999889,1,0,10,8,1,9,LKECYR,cykler,1219,2021-05-06_21h00.51.890,udkast til sockult 2,3.2.3,MacIntel,60,,,,,,,,,,,,,,,,,
,,,,,,papir,26.93400002,1,0,10,9,1,9,PIARP,papir,1219,2021-05-06_21h00.51.890,udkast til sockult 2,3.2.3,MacIntel,60,,,,,,,,,,,,,,,,,
,,,,,,,67.39400005,,,,,,,,,1219,2021-05-06_21h00.51.890,udkast til sockult 2,3.2.3,MacIntel,60,return,39.35500002,h,0,67.35899997,,,1,0,6,3,1,5,HMT5.png,d,,
,,,,,,,60.83399987,,,,,,,,,1219,2021-05-06_21h00.51.890,udkast til sockult 2,3.2.3,MacIntel,60,,,f,0,60.80199981,,,1,0,6,5,1,5,HMT9.png,h,,
,,,,,,,84.05099988,,,,,,,,,1219,2021-05-06_21h00.51.890,udkast til sockult 2,3.2.3,MacIntel,60,,,h,1,84.02099991,,,1,0,6,4,1,5,HMT7.png,h,,
,,,,,,,34.81700015,,,,,,,,,1219,2021-05-06_21h00.51.890,udkast til sockult 2,3.2.3,MacIntel,60,,,h,1,34.78900003,,,1,0,6,0,1,5,HMT1.png,h,,
,,,,,,,73.46700001,,,,,,,,,1219,2021-05-06_21h00.51.890,udkast til sockult 2,3.2.3,MacIntel,60,,,b,0,73.43499994,,,1,0,6,1,1,5,HMT2.png,e,,
,,,,,,,53.8829999,,,,,,,,,1219,2021-05-06_21h00.51.890,udkast til sockult 2,3.2.3,MacIntel,60,,,b,0,53.85299993,,,1,0,6,2,1,5,HMT3.png,c,,
,,,,,,,,,,,,,,,,1219,2021-05-06_21h00.51.890,udkast til sockult 2,3.2.3,MacIntel,60,,,,,,,,,,,,,,,,return,10.75399995
