key_resp.keys,key_resp.rt,key_resp_3.keys,key_resp_3.rt,key_resp_2.keys,key_resp_2.rt,anagram_answer,RT,trials.thisRepN,trials.thisTrialN,trials.thisN,trials.thisIndex,trials.ran,trials.order,anagrammer,correct,id,date,expName,psychopyVersion,OS,frameRate,IQ_enter.keys,IQ_enter.rt,IQ_response.keys,IQ_response.corr,IQ_response.rt,key_resp_6.keys,key_resp_6.rt,trials_2.thisRepN,trials_2.thisTrialN,trials_2.thisN,trials_2.thisIndex,trials_2.ran,trials_2.order,options,correctIQanswer,key_resp_7.keys,key_resp_7.rt
return,23.77599978,return,3.823999882,,,,0,1,0,10,0,1,9,REMOVE,,478,2021-04-29_14h25.22.170,udkast til sockult 2,3.2.3,MacIntel,60,,,,,,,,,,,,,,,,,
,,,,,,paplinse,104.4169998,1,0,10,1,1,9,ANISPLEP,appelsin,478,2021-04-29_14h25.22.170,udkast til sockult 2,3.2.3,MacIntel,60,,,,,,,,,,,,,,,,,
,,,,,,spejl,3.898999929,1,0,10,2,1,9,LSEPJ,spejl,478,2021-04-29_14h25.22.170,udkast til sockult 2,3.2.3,MacIntel,60,,,,,,,,,,,,,,,,,
,,,,,,hest,3.898999929,1,0,10,3,1,9,STEH,hest,478,2021-04-29_14h25.22.170,udkast til sockult 2,3.2.3,MacIntel,60,,,,,,,,,,,,,,,,,
,,,,,,kamera,144.5480001,1,0,10,4,1,9,MKRAAE,kamera,478,2021-04-29_14h25.22.170,udkast til sockult 2,3.2.3,MacIntel,60,,,,,,,,,,,,,,,,,
,,,,,,blomst,29.01100016,1,0,10,5,1,9,MLOBST,blomst,478,2021-04-29_14h25.22.170,udkast til sockult 2,3.2.3,MacIntel,60,,,,,,,,,,,,,,,,,
,,,,,,ordbog,5.96600008,1,0,10,6,1,9,DBGOOR,ordbog,478,2021-04-29_14h25.22.170,udkast til sockult 2,3.2.3,MacIntel,60,,,,,,,,,,,,,,,,,
,,,,,,skrald,23.84800005,1,0,10,7,1,9,LKDSAR,skrald,478,2021-04-29_14h25.22.170,udkast til sockult 2,3.2.3,MacIntel,60,,,,,,,,,,,,,,,,,
,,,,,,cykler,7.999000072,1,0,10,8,1,9,LKECYR,cykler,478,2021-04-29_14h25.22.170,udkast til sockult 2,3.2.3,MacIntel,60,,,,,,,,,,,,,,,,,
,,,,,,papir,1.899000168,1,0,10,9,1,9,PIARP,papir,478,2021-04-29_14h25.22.170,udkast til sockult 2,3.2.3,MacIntel,60,,,,,,,,,,,,,,,,,
,,,,,,,9.075000048,,,,,,,,,478,2021-04-29_14h25.22.170,udkast til sockult 2,3.2.3,MacIntel,60,return,12.59199977,d,0,9.027999878,,,1,0,6,4,1,5,HMT7.png,h,,
,,,,,,,28.648,,,,,,,,,478,2021-04-29_14h25.22.170,udkast til sockult 2,3.2.3,MacIntel,60,,,,0,,return,28.60599995,1,0,6,5,1,5,HMT9.png,h,,
,,,,,,,33.34800005,,,,,,,,,478,2021-04-29_14h25.22.170,udkast til sockult 2,3.2.3,MacIntel,60,,,h,1,33.30599999,,,1,0,6,0,1,5,HMT1.png,h,,
,,,,,,,29.76499987,,,,,,,,,478,2021-04-29_14h25.22.170,udkast til sockult 2,3.2.3,MacIntel,60,,,c,1,29.73599982,,,1,0,6,2,1,5,HMT3.png,c,,
,,,,,,,28.03300023,,,,,,,,,478,2021-04-29_14h25.22.170,udkast til sockult 2,3.2.3,MacIntel,60,,,e,1,27.99699998,,,1,0,6,1,1,5,HMT2.png,e,,
,,,,,,,17.398,,,,,,,,,478,2021-04-29_14h25.22.170,udkast til sockult 2,3.2.3,MacIntel,60,,,d,1,17.36599994,,,1,0,6,3,1,5,HMT5.png,d,,
,,,,,,,,,,,,,,,,478,2021-04-29_14h25.22.170,udkast til sockult 2,3.2.3,MacIntel,60,,,,,,,,,,,,,,,,return,3.453999996
