key_resp.keys,key_resp.rt,key_resp_3.keys,key_resp_3.rt,key_resp_2.keys,key_resp_2.rt,anagram_answer,RT,trials.thisRepN,trials.thisTrialN,trials.thisN,trials.thisIndex,trials.ran,trials.order,anagrammer,correct,id,date,expName,psychopyVersion,OS,frameRate,IQ_enter.keys,IQ_enter.rt,IQ_response.keys,IQ_response.corr,IQ_response.rt,key_resp_6.keys,key_resp_6.rt,trials_2.thisRepN,trials_2.thisTrialN,trials_2.thisN,trials_2.thisIndex,trials_2.ran,trials_2.order,options,correctIQanswer,key_resp_7.keys,key_resp_7.rt
return,22.77999997,return,6.865999937,,,,0,1,0,10,0,1,9,REMOVE,,1077,2021-05-03_15h36.47.922,udkast til sockult 2,3.2.3,MacIntel,60,,,,,,,,,,,,,,,,,
,,,,,,appelsin,42.55099988,1,0,10,1,1,9,ANISPLEP,appelsin,1077,2021-05-03_15h36.47.922,udkast til sockult 2,3.2.3,MacIntel,60,,,,,,,,,,,,,,,,,
,,,,,,spejl,35.98200011,1,0,10,2,1,9,LSEPJ,spejl,1077,2021-05-03_15h36.47.922,udkast til sockult 2,3.2.3,MacIntel,60,,,,,,,,,,,,,,,,,
,,,,,,hest,2.565999985,1,0,10,3,1,9,STEH,hest,1077,2021-05-03_15h36.47.922,udkast til sockult 2,3.2.3,MacIntel,60,,,,,,,,,,,,,,,,,
,,,,,,,97.69199991,1,0,10,4,1,9,MKRAAE,kamera,1077,2021-05-03_15h36.47.922,udkast til sockult 2,3.2.3,MacIntel,60,,,,,,,,,,,,,,,,,
,,,,,,blomst,13.10599995,1,0,10,5,1,9,MLOBST,blomst,1077,2021-05-03_15h36.47.922,udkast til sockult 2,3.2.3,MacIntel,60,,,,,,,,,,,,,,,,,
,,,,,,rodbog,123.447,1,0,10,6,1,9,DBGOOR,ordbog,1077,2021-05-03_15h36.47.922,udkast til sockult 2,3.2.3,MacIntel,60,,,,,,,,,,,,,,,,,
,,,,,,skrald,101.3079998,1,0,10,7,1,9,LKDSAR,skrald,1077,2021-05-03_15h36.47.922,udkast til sockult 2,3.2.3,MacIntel,60,,,,,,,,,,,,,,,,,
,,,,,,cykler,9.86500001,1,0,10,8,1,9,LKECYR,cykler,1077,2021-05-03_15h36.47.922,udkast til sockult 2,3.2.3,MacIntel,60,,,,,,,,,,,,,,,,,
,,,,,,papir,128.141,1,0,10,9,1,9,PIARP,papir,1077,2021-05-03_15h36.47.922,udkast til sockult 2,3.2.3,MacIntel,60,,,,,,,,,,,,,,,,,
,,,,,,,44.59000015,,,,,,,,,1077,2021-05-03_15h36.47.922,udkast til sockult 2,3.2.3,MacIntel,60,return,30.72000003,h,1,44.55700016,,,1,0,6,0,1,5,HMT1.png,h,,
,,,,,,,8.148999929,,,,,,,,,1077,2021-05-03_15h36.47.922,udkast til sockult 2,3.2.3,MacIntel,60,,,e,1,8.111999989,,,1,0,6,1,1,5,HMT2.png,e,,
,,,,,,,18.16400003,,,,,,,,,1077,2021-05-03_15h36.47.922,udkast til sockult 2,3.2.3,MacIntel,60,,,c,1,18.12800002,,,1,0,6,2,1,5,HMT3.png,c,,
,,,,,,,334.806,,,,,,,,,1077,2021-05-03_15h36.47.922,udkast til sockult 2,3.2.3,MacIntel,60,,,h,1,334.7709999,,,1,0,6,5,1,5,HMT9.png,h,,
,,,,,,,21.18499994,,,,,,,,,1077,2021-05-03_15h36.47.922,udkast til sockult 2,3.2.3,MacIntel,60,,,d,1,21.148,,,1,0,6,3,1,5,HMT5.png,d,,
,,,,,,,33.22300005,,,,,,,,,1077,2021-05-03_15h36.47.922,udkast til sockult 2,3.2.3,MacIntel,60,,,h,1,33.18899989,,,1,0,6,4,1,5,HMT7.png,h,,
,,,,,,,,,,,,,,,,1077,2021-05-03_15h36.47.922,udkast til sockult 2,3.2.3,MacIntel,60,,,,,,,,,,,,,,,,return,8.069000006
