key_resp.keys,key_resp.rt,key_resp_3.keys,key_resp_3.rt,key_resp_2.keys,key_resp_2.rt,anagram_answer,RT,trials.thisRepN,trials.thisTrialN,trials.thisN,trials.thisIndex,trials.ran,trials.order,anagrammer,correct,id,date,expName,psychopyVersion,OS,frameRate,IQ_enter.keys,IQ_enter.rt,IQ_response.keys,IQ_response.corr,IQ_response.rt,key_resp_6.keys,key_resp_6.rt,trials_2.thisRepN,trials_2.thisTrialN,trials_2.thisN,trials_2.thisIndex,trials_2.ran,trials_2.order,options,correctIQanswer,key_resp_7.keys,key_resp_7.rt
return,22.96000004,return,5.437000036,,,,0.001000166,1,0,10,0,1,9,REMOVE,,444,2021-04-29_21h45.33.185,udkast til sockult 2,3.2.3,MacIntel,60,,,,,,,,,,,,,,,,,
,,,,,,appelsin,210.6499999,1,0,10,1,1,9,ANISPLEP,appelsin,444,2021-04-29_21h45.33.185,udkast til sockult 2,3.2.3,MacIntel,60,,,,,,,,,,,,,,,,,
,,,,,,spejl,38.20000005,1,0,10,2,1,9,LSEPJ,spejl,444,2021-04-29_21h45.33.185,udkast til sockult 2,3.2.3,MacIntel,60,,,,,,,,,,,,,,,,,
,,,,,,hest,6.383000135,1,0,10,3,1,9,STEH,hest,444,2021-04-29_21h45.33.185,udkast til sockult 2,3.2.3,MacIntel,60,,,,,,,,,,,,,,,,,
,,,,,,kamera,41.67599988,1,0,10,4,1,9,MKRAAE,kamera,444,2021-04-29_21h45.33.185,udkast til sockult 2,3.2.3,MacIntel,60,,,,,,,,,,,,,,,,,
,,,,,,blomst,16.6099999,1,0,10,5,1,9,MLOBST,blomst,444,2021-04-29_21h45.33.185,udkast til sockult 2,3.2.3,MacIntel,60,,,,,,,,,,,,,,,,,
,,,,,,ordbog,20.52200007,1,0,10,6,1,9,DBGOOR,ordbog,444,2021-04-29_21h45.33.185,udkast til sockult 2,3.2.3,MacIntel,60,,,,,,,,,,,,,,,,,
,,,,,,skrald,24.5480001,1,0,10,7,1,9,LKDSAR,skrald,444,2021-04-29_21h45.33.185,udkast til sockult 2,3.2.3,MacIntel,60,,,,,,,,,,,,,,,,,
,,,,,,cykler,24.18099999,1,0,10,8,1,9,LKECYR,cykler,444,2021-04-29_21h45.33.185,udkast til sockult 2,3.2.3,MacIntel,60,,,,,,,,,,,,,,,,,
,,,,,,papir,13.26799989,1,0,10,9,1,9,PIARP,papir,444,2021-04-29_21h45.33.185,udkast til sockult 2,3.2.3,MacIntel,60,,,,,,,,,,,,,,,,,
,,,,,,,79.63100004,,,,,,,,,444,2021-04-29_21h45.33.185,udkast til sockult 2,3.2.3,MacIntel,60,return,42.84800029,g,0,79.55400014,,,1,0,6,5,1,5,HMT9.png,h,,
,,,,,,,28.29099989,,,,,,,,,444,2021-04-29_21h45.33.185,udkast til sockult 2,3.2.3,MacIntel,60,,,d,0,28.2420001,,,1,0,6,0,1,5,HMT1.png,h,,
,,,,,,,29.41199994,,,,,,,,,444,2021-04-29_21h45.33.185,udkast til sockult 2,3.2.3,MacIntel,60,,,a,0,29.35300016,,,1,0,6,1,1,5,HMT2.png,e,,
,,,,,,,16.81000018,,,,,,,,,444,2021-04-29_21h45.33.185,udkast til sockult 2,3.2.3,MacIntel,60,,,b,0,16.75100017,,,1,0,6,3,1,5,HMT5.png,d,,
,,,,,,,28.42400002,,,,,,,,,444,2021-04-29_21h45.33.185,udkast til sockult 2,3.2.3,MacIntel,60,,,e,0,28.37300014,,,1,0,6,4,1,5,HMT7.png,h,,
,,,,,,,13.68600011,,,,,,,,,444,2021-04-29_21h45.33.185,udkast til sockult 2,3.2.3,MacIntel,60,,,f,0,13.6400001,,,1,0,6,2,1,5,HMT3.png,c,,
,,,,,,,,,,,,,,,,444,2021-04-29_21h45.33.185,udkast til sockult 2,3.2.3,MacIntel,60,,,,,,,,,,,,,,,,return,6.542000055
