key_resp.keys,key_resp.rt,key_resp_3.keys,key_resp_3.rt,key_resp_2.keys,key_resp_2.rt,anagram_answer,RT,trials.thisRepN,trials.thisTrialN,trials.thisN,trials.thisIndex,trials.ran,trials.order,anagrammer,correct,id,date,expName,psychopyVersion,OS,frameRate,IQ_enter.keys,IQ_enter.rt,IQ_response.keys,IQ_response.corr,IQ_response.rt,key_resp_6.keys,key_resp_6.rt,trials_2.thisRepN,trials_2.thisTrialN,trials_2.thisN,trials_2.thisIndex,trials_2.ran,trials_2.order,options,correctIQanswer,key_resp_7.keys,key_resp_7.rt
return,24.67799997,return,3.431999922,,,,0,1,0,10,0,1,9,REMOVE,,855,2021-04-29_17h33.53.337,udkast til sockult 2,3.2.3,MacIntel,60,,,,,,,,,,,,,,,,,
,,,,,,appelsin,53.45700002,1,0,10,1,1,9,ANISPLEP,appelsin,855,2021-04-29_17h33.53.337,udkast til sockult 2,3.2.3,MacIntel,60,,,,,,,,,,,,,,,,,
,,,,,,spejl,5.648999929,1,0,10,2,1,9,LSEPJ,spejl,855,2021-04-29_17h33.53.337,udkast til sockult 2,3.2.3,MacIntel,60,,,,,,,,,,,,,,,,,
,,,,,,hets,3.888999939,1,0,10,3,1,9,STEH,hest,855,2021-04-29_17h33.53.337,udkast til sockult 2,3.2.3,MacIntel,60,,,,,,,,,,,,,,,,,
,,,,,,kramae,33.90400004,1,0,10,4,1,9,MKRAAE,kamera,855,2021-04-29_17h33.53.337,udkast til sockult 2,3.2.3,MacIntel,60,,,,,,,,,,,,,,,,,
,,,,,,blomst,13.23800015,1,0,10,5,1,9,MLOBST,blomst,855,2021-04-29_17h33.53.337,udkast til sockult 2,3.2.3,MacIntel,60,,,,,,,,,,,,,,,,,
,,,,,,ordbog,27.38399982,1,0,10,6,1,9,DBGOOR,ordbog,855,2021-04-29_17h33.53.337,udkast til sockult 2,3.2.3,MacIntel,60,,,,,,,,,,,,,,,,,
,,,,,,skrald,6.667000055,1,0,10,7,1,9,LKDSAR,skrald,855,2021-04-29_17h33.53.337,udkast til sockult 2,3.2.3,MacIntel,60,,,,,,,,,,,,,,,,,
,,,,,,cykler,15.98699999,1,0,10,8,1,9,LKECYR,cykler,855,2021-04-29_17h33.53.337,udkast til sockult 2,3.2.3,MacIntel,60,,,,,,,,,,,,,,,,,
,,,,,,papir,7.599999905,1,0,10,9,1,9,PIARP,papir,855,2021-04-29_17h33.53.337,udkast til sockult 2,3.2.3,MacIntel,60,,,,,,,,,,,,,,,,,
,,,,,,,19.7650001,,,,,,,,,855,2021-04-29_17h33.53.337,udkast til sockult 2,3.2.3,MacIntel,60,return,11.85500002,h,1,19.70599985,,,1,0,6,0,1,5,HMT1.png,h,,
,,,,,,,8.463999987,,,,,,,,,855,2021-04-29_17h33.53.337,udkast til sockult 2,3.2.3,MacIntel,60,,,c,1,8.401999712,,,1,0,6,2,1,5,HMT3.png,c,,
,,,,,,,26.43799996,,,,,,,,,855,2021-04-29_17h33.53.337,udkast til sockult 2,3.2.3,MacIntel,60,,,c,0,26.37899995,,,1,0,6,5,1,5,HMT9.png,h,,
,,,,,,,19.45000005,,,,,,,,,855,2021-04-29_17h33.53.337,udkast til sockult 2,3.2.3,MacIntel,60,,,h,0,19.39399981,,,1,0,6,3,1,5,HMT5.png,d,,
,,,,,,,6.59800005,,,,,,,,,855,2021-04-29_17h33.53.337,udkast til sockult 2,3.2.3,MacIntel,60,,,e,1,6.542999983,,,1,0,6,1,1,5,HMT2.png,e,,
,,,,,,,7.633000135,,,,,,,,,855,2021-04-29_17h33.53.337,udkast til sockult 2,3.2.3,MacIntel,60,,,d,0,7.571999788,,,1,0,6,4,1,5,HMT7.png,h,,
,,,,,,,,,,,,,,,,855,2021-04-29_17h33.53.337,udkast til sockult 2,3.2.3,MacIntel,60,,,,,,,,,,,,,,,,return,4.746999741
