key_resp.keys,key_resp.rt,key_resp_3.keys,key_resp_3.rt,key_resp_2.keys,key_resp_2.rt,anagram_answer,RT,trials.thisRepN,trials.thisTrialN,trials.thisN,trials.thisIndex,trials.ran,trials.order,anagrammer,correct,id,date,expName,psychopyVersion,OS,frameRate,IQ_enter.keys,IQ_enter.rt,IQ_response.keys,IQ_response.corr,IQ_response.rt,key_resp_6.keys,key_resp_6.rt,trials_2.thisRepN,trials_2.thisTrialN,trials_2.thisN,trials_2.thisIndex,trials_2.ran,trials_2.order,options,correctIQanswer,key_resp_7.keys,key_resp_7.rt
return,27.22200012,return,4.658000231,,,,0,1,0,10,0,1,9,REMOVE,,1924,2021-05-05_13h59.33.764,udkast til sockult 2,3.2.3,Win32,60,,,,,,,,,,,,,,,,,
,,,,,,,176.6210001,1,0,10,1,1,9,ANISPLEP,appelsin,1924,2021-05-05_13h59.33.764,udkast til sockult 2,3.2.3,Win32,60,,,,,,,,,,,,,,,,,
,,,,,,spejl,17.96099997,1,0,10,2,1,9,LSEPJ,spejl,1924,2021-05-05_13h59.33.764,udkast til sockult 2,3.2.3,Win32,60,,,,,,,,,,,,,,,,,
,,,,,,hest,8.268999815,1,0,10,3,1,9,STEH,hest,1924,2021-05-05_13h59.33.764,udkast til sockult 2,3.2.3,Win32,60,,,,,,,,,,,,,,,,,
,,,,,,,53.21300006,1,0,10,4,1,9,MKRAAE,kamera,1924,2021-05-05_13h59.33.764,udkast til sockult 2,3.2.3,Win32,60,,,,,,,,,,,,,,,,,
,,,,,,blomst,17.66899991,1,0,10,5,1,9,MLOBST,blomst,1924,2021-05-05_13h59.33.764,udkast til sockult 2,3.2.3,Win32,60,,,,,,,,,,,,,,,,,
,,,,,,ordbog,90.73599982,1,0,10,6,1,9,DBGOOR,ordbog,1924,2021-05-05_13h59.33.764,udkast til sockult 2,3.2.3,Win32,60,,,,,,,,,,,,,,,,,
,,,,,,,60.796,1,0,10,7,1,9,LKDSAR,skrald,1924,2021-05-05_13h59.33.764,udkast til sockult 2,3.2.3,Win32,60,,,,,,,,,,,,,,,,,
,,,,,,,42.75699997,1,0,10,8,1,9,LKECYR,cykler,1924,2021-05-05_13h59.33.764,udkast til sockult 2,3.2.3,Win32,60,,,,,,,,,,,,,,,,,
,,,,,,papir,6.593000174,1,0,10,9,1,9,PIARP,papir,1924,2021-05-05_13h59.33.764,udkast til sockult 2,3.2.3,Win32,60,,,,,,,,,,,,,,,,,
,,,,,,,134.645,,,,,,,,,1924,2021-05-05_13h59.33.764,udkast til sockult 2,3.2.3,Win32,60,return,14.66800022,h,1,134.6340003,,,1,0,6,0,1,5,HMT1.png,h,,
,,,,,,,17.12199998,,,,,,,,,1924,2021-05-05_13h59.33.764,udkast til sockult 2,3.2.3,Win32,60,,,b,0,17.12199998,,,1,0,6,2,1,5,HMT3.png,c,,
,,,,,,,90.82999992,,,,,,,,,1924,2021-05-05_13h59.33.764,udkast til sockult 2,3.2.3,Win32,60,,,e,0,90.82100034,,,1,0,6,5,1,5,HMT9.png,h,,
,,,,,,,39.34500003,,,,,,,,,1924,2021-05-05_13h59.33.764,udkast til sockult 2,3.2.3,Win32,60,,,d,1,39.3440001,,,1,0,6,3,1,5,HMT5.png,d,,
,,,,,,,41.92799997,,,,,,,,,1924,2021-05-05_13h59.33.764,udkast til sockult 2,3.2.3,Win32,60,,,h,1,41.92800021,,,1,0,6,4,1,5,HMT7.png,h,,
,,,,,,,32.09299994,,,,,,,,,1924,2021-05-05_13h59.33.764,udkast til sockult 2,3.2.3,Win32,60,,,e,1,32.09300017,,,1,0,6,1,1,5,HMT2.png,e,,
,,,,,,,,,,,,,,,,1924,2021-05-05_13h59.33.764,udkast til sockult 2,3.2.3,Win32,60,,,,,,,,,,,,,,,,return,6.72300005
