key_resp.keys,key_resp.rt,key_resp_3.keys,key_resp_3.rt,key_resp_2.keys,key_resp_2.rt,anagram_answer,RT,trials.thisRepN,trials.thisTrialN,trials.thisN,trials.thisIndex,trials.ran,trials.order,anagrammer,correct,id,date,expName,psychopyVersion,OS,frameRate,IQ_enter.keys,IQ_enter.rt,IQ_response.keys,IQ_response.corr,IQ_response.rt,key_resp_6.keys,key_resp_6.rt,trials_2.thisRepN,trials_2.thisTrialN,trials_2.thisN,trials_2.thisIndex,trials_2.ran,trials_2.order,options,correctIQanswer,key_resp_7.keys,key_resp_7.rt
return,6.059999943,return,8.845000029,,,,0,1,0,10,0,1,9,REMOVE,,968,2021-05-07_11h43.06.110,udkast til sockult 2,3.2.3,Win32,60,,,,,,,,,,,,,,,,,
,,,,,,appelsin,147.454,1,0,10,1,1,9,ANISPLEP,appelsin,968,2021-05-07_11h43.06.110,udkast til sockult 2,3.2.3,Win32,60,,,,,,,,,,,,,,,,,
,,,,,,spejl,26.07800007,1,0,10,2,1,9,LSEPJ,spejl,968,2021-05-07_11h43.06.110,udkast til sockult 2,3.2.3,Win32,60,,,,,,,,,,,,,,,,,
,,,,,,hest,4.567000151,1,0,10,3,1,9,STEH,hest,968,2021-05-07_11h43.06.110,udkast til sockult 2,3.2.3,Win32,60,,,,,,,,,,,,,,,,,
,,,,,,kamera,28.53699994,1,0,10,4,1,9,MKRAAE,kamera,968,2021-05-07_11h43.06.110,udkast til sockult 2,3.2.3,Win32,60,,,,,,,,,,,,,,,,,
,,,,,,blomst,7.072000027,1,0,10,5,1,9,MLOBST,blomst,968,2021-05-07_11h43.06.110,udkast til sockult 2,3.2.3,Win32,60,,,,,,,,,,,,,,,,,
,,,,,,ordbog,119.822,1,0,10,6,1,9,DBGOOR,ordbog,968,2021-05-07_11h43.06.110,udkast til sockult 2,3.2.3,Win32,60,,,,,,,,,,,,,,,,,
,,,,,,skrald,32.30500007,1,0,10,7,1,9,LKDSAR,skrald,968,2021-05-07_11h43.06.110,udkast til sockult 2,3.2.3,Win32,60,,,,,,,,,,,,,,,,,
,,,,,,cykler,6.370999813,1,0,10,8,1,9,LKECYR,cykler,968,2021-05-07_11h43.06.110,udkast til sockult 2,3.2.3,Win32,60,,,,,,,,,,,,,,,,,
,,,,,,papir,6.895999908,1,0,10,9,1,9,PIARP,papir,968,2021-05-07_11h43.06.110,udkast til sockult 2,3.2.3,Win32,60,,,,,,,,,,,,,,,,,
,,,,,,,34,,,,,,,,,968,2021-05-07_11h43.06.110,udkast til sockult 2,3.2.3,Win32,60,return,27.53800011,c,1,33.92600012,,,1,0,6,2,1,5,HMT3.png,c,,
,,,,,,,57.39899993,,,,,,,,,968,2021-05-07_11h43.06.110,udkast til sockult 2,3.2.3,Win32,60,,,h,1,57.28500009,,,1,0,6,5,1,5,HMT9.png,h,,
,,,,,,,13.51999998,,,,,,,,,968,2021-05-07_11h43.06.110,udkast til sockult 2,3.2.3,Win32,60,,,e,1,13.421,,,1,0,6,1,1,5,HMT2.png,e,,
,,,,,,,40.88300014,,,,,,,,,968,2021-05-07_11h43.06.110,udkast til sockult 2,3.2.3,Win32,60,,,h,1,40.82500005,,,1,0,6,4,1,5,HMT7.png,h,,
,,,,,,,18.8670001,,,,,,,,,968,2021-05-07_11h43.06.110,udkast til sockult 2,3.2.3,Win32,60,,,d,1,18.77400017,,,1,0,6,3,1,5,HMT5.png,d,,
,,,,,,,27.68700004,,,,,,,,,968,2021-05-07_11h43.06.110,udkast til sockult 2,3.2.3,Win32,60,,,h,1,27.60599995,,,1,0,6,0,1,5,HMT1.png,h,,
,,,,,,,,,,,,,,,,968,2021-05-07_11h43.06.110,udkast til sockult 2,3.2.3,Win32,60,,,,,,,,,,,,,,,,return,13.08800006
