key_resp.keys,key_resp.rt,key_resp_3.keys,key_resp_3.rt,key_resp_2.keys,key_resp_2.rt,anagram_answer,RT,trials.thisRepN,trials.thisTrialN,trials.thisN,trials.thisIndex,trials.ran,trials.order,anagrammer,correct,id,date,expName,psychopyVersion,OS,frameRate,IQ_enter.keys,IQ_enter.rt,IQ_response.keys,IQ_response.corr,IQ_response.rt,key_resp_6.keys,key_resp_6.rt,trials_2.thisRepN,trials_2.thisTrialN,trials_2.thisN,trials_2.thisIndex,trials_2.ran,trials_2.order,options,correctIQanswer,key_resp_7.keys,key_resp_7.rt
return,20.204,return,5.226000309,,,,0.001000166,1,0,10,0,1,9,REMOVE,,1745,2021-04-30_14h29.07.202,udkast til sockult 2,3.2.3,Win32,60,,,,,,,,,,,,,,,,,
,,,,,,,219.3729999,1,0,10,1,1,9,ANISPLEP,appelsin,1745,2021-04-30_14h29.07.202,udkast til sockult 2,3.2.3,Win32,60,,,,,,,,,,,,,,,,,
,,,,,,spejl,11.375,1,0,10,2,1,9,LSEPJ,spejl,1745,2021-04-30_14h29.07.202,udkast til sockult 2,3.2.3,Win32,60,,,,,,,,,,,,,,,,,
,,,,,,hest,2.451999903,1,0,10,3,1,9,STEH,hest,1745,2021-04-30_14h29.07.202,udkast til sockult 2,3.2.3,Win32,60,,,,,,,,,,,,,,,,,
,,,,,,kamera,13.02199984,1,0,10,4,1,9,MKRAAE,kamera,1745,2021-04-30_14h29.07.202,udkast til sockult 2,3.2.3,Win32,60,,,,,,,,,,,,,,,,,
,,,,,,blomst,2.061999798,1,0,10,5,1,9,MLOBST,blomst,1745,2021-04-30_14h29.07.202,udkast til sockult 2,3.2.3,Win32,60,,,,,,,,,,,,,,,,,
,,,,,,bogrod,18.82599998,1,0,10,6,1,9,DBGOOR,ordbog,1745,2021-04-30_14h29.07.202,udkast til sockult 2,3.2.3,Win32,60,,,,,,,,,,,,,,,,,
,,,,,,skrald,8.644000053,1,0,10,7,1,9,LKDSAR,skrald,1745,2021-04-30_14h29.07.202,udkast til sockult 2,3.2.3,Win32,60,,,,,,,,,,,,,,,,,
,,,,,,cykler,2.463000059,1,0,10,8,1,9,LKECYR,cykler,1745,2021-04-30_14h29.07.202,udkast til sockult 2,3.2.3,Win32,60,,,,,,,,,,,,,,,,,
,,,,,,papir,1.981999874,1,0,10,9,1,9,PIARP,papir,1745,2021-04-30_14h29.07.202,udkast til sockult 2,3.2.3,Win32,60,,,,,,,,,,,,,,,,,
,,,,,,,43.18299985,,,,,,,,,1745,2021-04-30_14h29.07.202,udkast til sockult 2,3.2.3,Win32,60,return,14.54999995,,0,,return,42.9400003,1,0,6,2,1,5,HMT3.png,c,,
,,,,,,,17.42399979,,,,,,,,,1745,2021-04-30_14h29.07.202,udkast til sockult 2,3.2.3,Win32,60,,,h,1,17.2900002,,,1,0,6,0,1,5,HMT1.png,h,,
,,,,,,,35.04900002,,,,,,,,,1745,2021-04-30_14h29.07.202,udkast til sockult 2,3.2.3,Win32,60,,,h,1,34.81900024,,,1,0,6,4,1,5,HMT7.png,h,,
,,,,,,,21.3210001,,,,,,,,,1745,2021-04-30_14h29.07.202,udkast til sockult 2,3.2.3,Win32,60,,,d,1,21.16200018,,,1,0,6,3,1,5,HMT5.png,d,,
,,,,,,,9.676000118,,,,,,,,,1745,2021-04-30_14h29.07.202,udkast til sockult 2,3.2.3,Win32,60,,,e,1,9.453000069,,,1,0,6,1,1,5,HMT2.png,e,,
,,,,,,,17.47300005,,,,,,,,,1745,2021-04-30_14h29.07.202,udkast til sockult 2,3.2.3,Win32,60,,,,0,,return,17.32100034,1,0,6,5,1,5,HMT9.png,h,,
,,,,,,,,,,,,,,,,1745,2021-04-30_14h29.07.202,udkast til sockult 2,3.2.3,Win32,60,,,,,,,,,,,,,,,,return,6.035000086
