key_resp.keys,key_resp.rt,key_resp_3.keys,key_resp_3.rt,key_resp_2.keys,key_resp_2.rt,anagram_answer,RT,trials.thisRepN,trials.thisTrialN,trials.thisN,trials.thisIndex,trials.ran,trials.order,anagrammer,correct,id,date,expName,psychopyVersion,OS,frameRate,IQ_enter.keys,IQ_enter.rt,IQ_response.keys,IQ_response.corr,IQ_response.rt,key_resp_6.keys,key_resp_6.rt,trials_2.thisRepN,trials_2.thisTrialN,trials_2.thisN,trials_2.thisIndex,trials_2.ran,trials_2.order,options,correctIQanswer,key_resp_7.keys,key_resp_7.rt
return,141.7130001,return,7.861999989,,,,0,1,0,10,0,1,9,REMOVE,,1062,2021-05-05_21h13.02.708,udkast til sockult 2,3.2.3,MacIntel,60,,,,,,,,,,,,,,,,,
,,,,,,appelsin,23.148,1,0,10,1,1,9,ANISPLEP,appelsin,1062,2021-05-05_21h13.02.708,udkast til sockult 2,3.2.3,MacIntel,60,,,,,,,,,,,,,,,,,
,,,,,,spejl,22.81700015,1,0,10,2,1,9,LSEPJ,spejl,1062,2021-05-05_21h13.02.708,udkast til sockult 2,3.2.3,MacIntel,60,,,,,,,,,,,,,,,,,
,,,,,,hest,4.046000004,1,0,10,3,1,9,STEH,hest,1062,2021-05-05_21h13.02.708,udkast til sockult 2,3.2.3,MacIntel,60,,,,,,,,,,,,,,,,,
,,,,,,,119.915,1,0,10,4,1,9,MKRAAE,kamera,1062,2021-05-05_21h13.02.708,udkast til sockult 2,3.2.3,MacIntel,60,,,,,,,,,,,,,,,,,
,,,,,,blomst,5.829999924,1,0,10,5,1,9,MLOBST,blomst,1062,2021-05-05_21h13.02.708,udkast til sockult 2,3.2.3,MacIntel,60,,,,,,,,,,,,,,,,,
,,,,,,ordbog,10.79699993,1,0,10,6,1,9,DBGOOR,ordbog,1062,2021-05-05_21h13.02.708,udkast til sockult 2,3.2.3,MacIntel,60,,,,,,,,,,,,,,,,,
,,,,,,skrald,11.34700012,1,0,10,7,1,9,LKDSAR,skrald,1062,2021-05-05_21h13.02.708,udkast til sockult 2,3.2.3,MacIntel,60,,,,,,,,,,,,,,,,,
,,,,,,cykler,9.247000217,1,0,10,8,1,9,LKECYR,cykler,1062,2021-05-05_21h13.02.708,udkast til sockult 2,3.2.3,MacIntel,60,,,,,,,,,,,,,,,,,
,,,,,,papir,9.264000177,1,0,10,9,1,9,PIARP,papir,1062,2021-05-05_21h13.02.708,udkast til sockult 2,3.2.3,MacIntel,60,,,,,,,,,,,,,,,,,
,,,,,,,172.2179999,,,,,,,,,1062,2021-05-05_21h13.02.708,udkast til sockult 2,3.2.3,MacIntel,60,return,15.45300007,d,1,172.1569998,,,1,0,6,3,1,5,HMT5.png,d,,
,,,,,,,70.1960001,,,,,,,,,1062,2021-05-05_21h13.02.708,udkast til sockult 2,3.2.3,MacIntel,60,,,h,1,70.12000012,,,1,0,6,4,1,5,HMT7.png,h,,
,,,,,,,21.46499991,,,,,,,,,1062,2021-05-05_21h13.02.708,udkast til sockult 2,3.2.3,MacIntel,60,,,e,1,21.38899994,,,1,0,6,1,1,5,HMT2.png,e,,
,,,,,,,48.49699998,,,,,,,,,1062,2021-05-05_21h13.02.708,udkast til sockult 2,3.2.3,MacIntel,60,,,h,1,48.43000007,,,1,0,6,0,1,5,HMT1.png,h,,
,,,,,,,42.34799981,,,,,,,,,1062,2021-05-05_21h13.02.708,udkast til sockult 2,3.2.3,MacIntel,60,,,h,1,42.26900005,,,1,0,6,5,1,5,HMT9.png,h,,
,,,,,,,51.61400008,,,,,,,,,1062,2021-05-05_21h13.02.708,udkast til sockult 2,3.2.3,MacIntel,60,,,a,0,51.53399992,,,1,0,6,2,1,5,HMT3.png,c,,
,,,,,,,,,,,,,,,,1062,2021-05-05_21h13.02.708,udkast til sockult 2,3.2.3,MacIntel,60,,,,,,,,,,,,,,,,return,8.538000107
