key_resp.keys,key_resp.rt,key_resp_3.keys,key_resp_3.rt,key_resp_2.keys,key_resp_2.rt,anagram_answer,RT,trials.thisRepN,trials.thisTrialN,trials.thisN,trials.thisIndex,trials.ran,trials.order,anagrammer,correct,id,date,expName,psychopyVersion,OS,frameRate,IQ_enter.keys,IQ_enter.rt,IQ_response.keys,IQ_response.corr,IQ_response.rt,key_resp_6.keys,key_resp_6.rt,trials_2.thisRepN,trials_2.thisTrialN,trials_2.thisN,trials_2.thisIndex,trials_2.ran,trials_2.order,options,correctIQanswer,key_resp_7.keys,key_resp_7.rt
return,19.86399984,return,3.585999966,,,,0,1,0,10,0,1,9,REMOVE,,896,2021-04-28_12h20.16.232,udkast til sockult 2,3.2.3,Win32,60,,,,,,,,,,,,,,,,,
,,,,,,,121.5190001,1,0,10,1,1,9,ANISPLEP,appelsin,896,2021-04-28_12h20.16.232,udkast til sockult 2,3.2.3,Win32,60,,,,,,,,,,,,,,,,,
,,,,,,spejl,9.39199996,1,0,10,2,1,9,LSEPJ,spejl,896,2021-04-28_12h20.16.232,udkast til sockult 2,3.2.3,Win32,60,,,,,,,,,,,,,,,,,
,,,,,,hest,2.845999956,1,0,10,3,1,9,STEH,hest,896,2021-04-28_12h20.16.232,udkast til sockult 2,3.2.3,Win32,60,,,,,,,,,,,,,,,,,
,,,,,,,84.64300013,1,0,10,4,1,9,MKRAAE,kamera,896,2021-04-28_12h20.16.232,udkast til sockult 2,3.2.3,Win32,60,,,,,,,,,,,,,,,,,
,,,,,,blomst,17.80400014,1,0,10,5,1,9,MLOBST,blomst,896,2021-04-28_12h20.16.232,udkast til sockult 2,3.2.3,Win32,60,,,,,,,,,,,,,,,,,
,,,,,,,42.78700018,1,0,10,6,1,9,DBGOOR,ordbog,896,2021-04-28_12h20.16.232,udkast til sockult 2,3.2.3,Win32,60,,,,,,,,,,,,,,,,,
,,,,,,,41.83700013,1,0,10,7,1,9,LKDSAR,skrald,896,2021-04-28_12h20.16.232,udkast til sockult 2,3.2.3,Win32,60,,,,,,,,,,,,,,,,,
,,,,,,cykler,7.50999999,1,0,10,8,1,9,LKECYR,cykler,896,2021-04-28_12h20.16.232,udkast til sockult 2,3.2.3,Win32,60,,,,,,,,,,,,,,,,,
,,,,,,papir,5.528000116,1,0,10,9,1,9,PIARP,papir,896,2021-04-28_12h20.16.232,udkast til sockult 2,3.2.3,Win32,60,,,,,,,,,,,,,,,,,
,,,,,,,59.72000003,,,,,,,,,896,2021-04-28_12h20.16.232,udkast til sockult 2,3.2.3,Win32,60,return,13.62399983,f,0,59.62999988,,,1,0,6,1,1,5,HMT2.png,e,,
,,,,,,,45.29899979,,,,,,,,,896,2021-04-28_12h20.16.232,udkast til sockult 2,3.2.3,Win32,60,,,a,0,45.19400001,,,1,0,6,4,1,5,HMT7.png,h,,
,,,,,,,36.12199998,,,,,,,,,896,2021-04-28_12h20.16.232,udkast til sockult 2,3.2.3,Win32,60,,,b,0,36.01399994,,,1,0,6,5,1,5,HMT9.png,h,,
,,,,,,,17.75200009,,,,,,,,,896,2021-04-28_12h20.16.232,udkast til sockult 2,3.2.3,Win32,60,,,h,1,17.66700006,,,1,0,6,0,1,5,HMT1.png,h,,
,,,,,,,21.21499991,,,,,,,,,896,2021-04-28_12h20.16.232,udkast til sockult 2,3.2.3,Win32,60,,,h,0,21.13399982,,,1,0,6,3,1,5,HMT5.png,d,,
,,,,,,,25.09700012,,,,,,,,,896,2021-04-28_12h20.16.232,udkast til sockult 2,3.2.3,Win32,60,,,b,0,25.00999999,,,1,0,6,2,1,5,HMT3.png,c,,
,,,,,,,,,,,,,,,,896,2021-04-28_12h20.16.232,udkast til sockult 2,3.2.3,Win32,60,,,,,,,,,,,,,,,,return,7.25399971
