key_resp.keys,key_resp.rt,key_resp_3.keys,key_resp_3.rt,key_resp_2.keys,key_resp_2.rt,anagram_answer,RT,trials.thisRepN,trials.thisTrialN,trials.thisN,trials.thisIndex,trials.ran,trials.order,anagrammer,correct,id,date,expName,psychopyVersion,OS,frameRate,IQ_enter.keys,IQ_enter.rt,IQ_response.keys,IQ_response.corr,IQ_response.rt,key_resp_6.keys,key_resp_6.rt,trials_2.thisRepN,trials_2.thisTrialN,trials_2.thisN,trials_2.thisIndex,trials_2.ran,trials_2.order,options,correctIQanswer,key_resp_7.keys,key_resp_7.rt
return,17.13300014,return,2.521000147,,,,0.000999928,1,0,10,0,1,9,REMOVE,,52,2021-04-30_11h13.14.410,udkast til sockult 2,3.2.3,Win32,60,,,,,,,,,,,,,,,,,
,,,,,,,34.24699998,1,0,10,1,1,9,ANISPLEP,appelsin,52,2021-04-30_11h13.14.410,udkast til sockult 2,3.2.3,Win32,60,,,,,,,,,,,,,,,,,
,,,,,,spejl,4.286999941,1,0,10,2,1,9,LSEPJ,spejl,52,2021-04-30_11h13.14.410,udkast til sockult 2,3.2.3,Win32,60,,,,,,,,,,,,,,,,,
,,,,,,hest,4.038999796,1,0,10,3,1,9,STEH,hest,52,2021-04-30_11h13.14.410,udkast til sockult 2,3.2.3,Win32,60,,,,,,,,,,,,,,,,,
,,,,,,kamera,23.81000018,1,0,10,4,1,9,MKRAAE,kamera,52,2021-04-30_11h13.14.410,udkast til sockult 2,3.2.3,Win32,60,,,,,,,,,,,,,,,,,
,,,,,,blomst,6.373000145,1,0,10,5,1,9,MLOBST,blomst,52,2021-04-30_11h13.14.410,udkast til sockult 2,3.2.3,Win32,60,,,,,,,,,,,,,,,,,
,,,,,,,55.12300014,1,0,10,6,1,9,DBGOOR,ordbog,52,2021-04-30_11h13.14.410,udkast til sockult 2,3.2.3,Win32,60,,,,,,,,,,,,,,,,,
,,,,,,,32.62200022,1,0,10,7,1,9,LKDSAR,skrald,52,2021-04-30_11h13.14.410,udkast til sockult 2,3.2.3,Win32,60,,,,,,,,,,,,,,,,,
,,,,,,cykler,8.998000145,1,0,10,8,1,9,LKECYR,cykler,52,2021-04-30_11h13.14.410,udkast til sockult 2,3.2.3,Win32,60,,,,,,,,,,,,,,,,,
,,,,,,papir,4.70600009,1,0,10,9,1,9,PIARP,papir,52,2021-04-30_11h13.14.410,udkast til sockult 2,3.2.3,Win32,60,,,,,,,,,,,,,,,,,
,,,,,,,24.69799995,,,,,,,,,52,2021-04-30_11h13.14.410,udkast til sockult 2,3.2.3,Win32,60,return,12.21800017,e,1,24.59300017,,,1,0,6,1,1,5,HMT2.png,e,,
,,,,,,,45.38400006,,,,,,,,,52,2021-04-30_11h13.14.410,udkast til sockult 2,3.2.3,Win32,60,,,h,1,45.26000023,,,1,0,6,0,1,5,HMT1.png,h,,
,,,,,,,36.33100009,,,,,,,,,52,2021-04-30_11h13.14.410,udkast til sockult 2,3.2.3,Win32,60,,,e,0,36.24500012,,,1,0,6,3,1,5,HMT5.png,d,,
,,,,,,,64.17999983,,,,,,,,,52,2021-04-30_11h13.14.410,udkast til sockult 2,3.2.3,Win32,60,,,h,1,64.05500007,,,1,0,6,5,1,5,HMT9.png,h,,
,,,,,,,33.84599996,,,,,,,,,52,2021-04-30_11h13.14.410,udkast til sockult 2,3.2.3,Win32,60,,,g,0,33.72300005,,,1,0,6,4,1,5,HMT7.png,h,,
,,,,,,,24.45000005,,,,,,,,,52,2021-04-30_11h13.14.410,udkast til sockult 2,3.2.3,Win32,60,,,c,1,24.33400011,,,1,0,6,2,1,5,HMT3.png,c,,
,,,,,,,,,,,,,,,,52,2021-04-30_11h13.14.410,udkast til sockult 2,3.2.3,Win32,60,,,,,,,,,,,,,,,,return,2.658000231
