key_resp.keys,key_resp.rt,key_resp_3.keys,key_resp_3.rt,key_resp_2.keys,key_resp_2.rt,anagram_answer,RT,trials.thisRepN,trials.thisTrialN,trials.thisN,trials.thisIndex,trials.ran,trials.order,anagrammer,correct,id,date,expName,psychopyVersion,OS,frameRate,IQ_enter.keys,IQ_enter.rt,IQ_response.keys,IQ_response.corr,IQ_response.rt,key_resp_6.keys,key_resp_6.rt,trials_2.thisRepN,trials_2.thisTrialN,trials_2.thisN,trials_2.thisIndex,trials_2.ran,trials_2.order,options,correctIQanswer,key_resp_7.keys,key_resp_7.rt
return,24.72799993,return,6.496000051,,,,0.000999928,1,0,10,0,1,9,REMOVE,,219,2021-05-05_21h28.31.269,udkast til sockult 2,3.2.3,MacIntel,60,,,,,,,,,,,,,,,,,
,,,,,,,78.41200018,1,0,10,1,1,9,ANISPLEP,appelsin,219,2021-05-05_21h28.31.269,udkast til sockult 2,3.2.3,MacIntel,60,,,,,,,,,,,,,,,,,
,,,,,,spjel,7.184000015,1,0,10,2,1,9,LSEPJ,spejl,219,2021-05-05_21h28.31.269,udkast til sockult 2,3.2.3,MacIntel,60,,,,,,,,,,,,,,,,,
,,,,,,hest,6.200000048,1,0,10,3,1,9,STEH,hest,219,2021-05-05_21h28.31.269,udkast til sockult 2,3.2.3,MacIntel,60,,,,,,,,,,,,,,,,,
,,,,,,marke,55.33699989,1,0,10,4,1,9,MKRAAE,kamera,219,2021-05-05_21h28.31.269,udkast til sockult 2,3.2.3,MacIntel,60,,,,,,,,,,,,,,,,,
,,,,,,blomst,6.868000031,1,0,10,5,1,9,MLOBST,blomst,219,2021-05-05_21h28.31.269,udkast til sockult 2,3.2.3,MacIntel,60,,,,,,,,,,,,,,,,,
,,,,,,ordbog,21.40100002,1,0,10,6,1,9,DBGOOR,ordbog,219,2021-05-05_21h28.31.269,udkast til sockult 2,3.2.3,MacIntel,60,,,,,,,,,,,,,,,,,
,,,,,,skrald,58.23799992,1,0,10,7,1,9,LKDSAR,skrald,219,2021-05-05_21h28.31.269,udkast til sockult 2,3.2.3,MacIntel,60,,,,,,,,,,,,,,,,,
,,,,,,cykler,7.047999859,1,0,10,8,1,9,LKECYR,cykler,219,2021-05-05_21h28.31.269,udkast til sockult 2,3.2.3,MacIntel,60,,,,,,,,,,,,,,,,,
,,,,,,papir,6.233999968,1,0,10,9,1,9,PIARP,papir,219,2021-05-05_21h28.31.269,udkast til sockult 2,3.2.3,MacIntel,60,,,,,,,,,,,,,,,,,
,,,,,,,53.77600002,,,,,,,,,219,2021-05-05_21h28.31.269,udkast til sockult 2,3.2.3,MacIntel,60,return,17.36299992,h,1,53.7249999,,,1,0,6,0,1,5,HMT1.png,h,,
,,,,,,,41.81900001,,,,,,,,,219,2021-05-05_21h28.31.269,udkast til sockult 2,3.2.3,MacIntel,60,,,c,1,41.78399992,,,1,0,6,2,1,5,HMT3.png,c,,
,,,,,,,51.45299983,,,,,,,,,219,2021-05-05_21h28.31.269,udkast til sockult 2,3.2.3,MacIntel,60,,,h,1,51.41699982,,,1,0,6,4,1,5,HMT7.png,h,,
,,,,,,,17.66899991,,,,,,,,,219,2021-05-05_21h28.31.269,udkast til sockult 2,3.2.3,MacIntel,60,,,e,1,17.62999988,,,1,0,6,1,1,5,HMT2.png,e,,
,,,,,,,90.69099998,,,,,,,,,219,2021-05-05_21h28.31.269,udkast til sockult 2,3.2.3,MacIntel,60,,,h,1,90.64699984,,,1,0,6,5,1,5,HMT9.png,h,,
,,,,,,,27.60099983,,,,,,,,,219,2021-05-05_21h28.31.269,udkast til sockult 2,3.2.3,MacIntel,60,,,d,1,27.55900002,,,1,0,6,3,1,5,HMT5.png,d,,
,,,,,,,,,,,,,,,,219,2021-05-05_21h28.31.269,udkast til sockult 2,3.2.3,MacIntel,60,,,,,,,,,,,,,,,,return,8.380000114
