key_resp.keys,key_resp.rt,key_resp_3.keys,key_resp_3.rt,key_resp_2.keys,key_resp_2.rt,anagram_answer,RT,trials.thisRepN,trials.thisTrialN,trials.thisN,trials.thisIndex,trials.ran,trials.order,anagrammer,correct,id,date,expName,psychopyVersion,OS,frameRate,IQ_enter.keys,IQ_enter.rt,IQ_response.keys,IQ_response.corr,IQ_response.rt,key_resp_6.keys,key_resp_6.rt,trials_2.thisRepN,trials_2.thisTrialN,trials_2.thisN,trials_2.thisIndex,trials_2.ran,trials_2.order,options,correctIQanswer,key_resp_7.keys,key_resp_7.rt
return,11574.852,return,5.276000023,,,,0,1,0,10,0,1,9,REMOVE,,211,2021-05-03_20h25.10.389,udkast til sockult 2,3.2.3,MacIntel,60,,,,,,,,,,,,,,,,,
,,,,,,appelsin,32.74000001,1,0,10,1,1,9,ANISPLEP,appelsin,211,2021-05-03_20h25.10.389,udkast til sockult 2,3.2.3,MacIntel,60,,,,,,,,,,,,,,,,,
,,,,,,spejl,5.663000107,1,0,10,2,1,9,LSEPJ,spejl,211,2021-05-03_20h25.10.389,udkast til sockult 2,3.2.3,MacIntel,60,,,,,,,,,,,,,,,,,
,,,,,,hest,4.61500001,1,0,10,3,1,9,STEH,hest,211,2021-05-03_20h25.10.389,udkast til sockult 2,3.2.3,MacIntel,60,,,,,,,,,,,,,,,,,
,,,,,,kamera,9.164999962,1,0,10,4,1,9,MKRAAE,kamera,211,2021-05-03_20h25.10.389,udkast til sockult 2,3.2.3,MacIntel,60,,,,,,,,,,,,,,,,,
,,,,,,blomst,4.681999922,1,0,10,5,1,9,MLOBST,blomst,211,2021-05-03_20h25.10.389,udkast til sockult 2,3.2.3,MacIntel,60,,,,,,,,,,,,,,,,,
,,,,,,ordbog,15.84799981,1,0,10,6,1,9,DBGOOR,ordbog,211,2021-05-03_20h25.10.389,udkast til sockult 2,3.2.3,MacIntel,60,,,,,,,,,,,,,,,,,
,,,,,,skrald,7.881000042,1,0,10,7,1,9,LKDSAR,skrald,211,2021-05-03_20h25.10.389,udkast til sockult 2,3.2.3,MacIntel,60,,,,,,,,,,,,,,,,,
,,,,,,cykler,7.498000145,1,0,10,8,1,9,LKECYR,cykler,211,2021-05-03_20h25.10.389,udkast til sockult 2,3.2.3,MacIntel,60,,,,,,,,,,,,,,,,,
,,,,,,papir,2.730000019,1,0,10,9,1,9,PIARP,papir,211,2021-05-03_20h25.10.389,udkast til sockult 2,3.2.3,MacIntel,60,,,,,,,,,,,,,,,,,
,,,,,,,107.0910001,,,,,,,,,211,2021-05-03_20h25.10.389,udkast til sockult 2,3.2.3,MacIntel,60,return,15.87799978,h,1,107.03,,,1,0,6,5,1,5,HMT9.png,h,,
,,,,,,,23.73099995,,,,,,,,,211,2021-05-03_20h25.10.389,udkast til sockult 2,3.2.3,MacIntel,60,,,c,1,23.65899992,,,1,0,6,2,1,5,HMT3.png,c,,
,,,,,,,20.19799995,,,,,,,,,211,2021-05-03_20h25.10.389,udkast til sockult 2,3.2.3,MacIntel,60,,,d,1,20.11899996,,,1,0,6,3,1,5,HMT5.png,d,,
,,,,,,,18.69700003,,,,,,,,,211,2021-05-03_20h25.10.389,udkast til sockult 2,3.2.3,MacIntel,60,,,e,1,18.61399984,,,1,0,6,1,1,5,HMT2.png,e,,
,,,,,,,11.33000016,,,,,,,,,211,2021-05-03_20h25.10.389,udkast til sockult 2,3.2.3,MacIntel,60,,,h,1,11.26199985,,,1,0,6,0,1,5,HMT1.png,h,,
,,,,,,,117.7160001,,,,,,,,,211,2021-05-03_20h25.10.389,udkast til sockult 2,3.2.3,MacIntel,60,,,h,1,117.6419997,,,1,0,6,4,1,5,HMT7.png,h,,
,,,,,,,,,,,,,,,,211,2021-05-03_20h25.10.389,udkast til sockult 2,3.2.3,MacIntel,60,,,,,,,,,,,,,,,,return,12.69999981
