key_resp.keys,key_resp.rt,key_resp_3.keys,key_resp_3.rt,key_resp_2.keys,key_resp_2.rt,anagram_answer,RT,trials.thisRepN,trials.thisTrialN,trials.thisN,trials.thisIndex,trials.ran,trials.order,anagrammer,correct,id,date,expName,psychopyVersion,OS,frameRate,IQ_enter.keys,IQ_enter.rt,IQ_response.keys,IQ_response.corr,IQ_response.rt,key_resp_6.keys,key_resp_6.rt,trials_2.thisRepN,trials_2.thisTrialN,trials_2.thisN,trials_2.thisIndex,trials_2.ran,trials_2.order,options,correctIQanswer,key_resp_7.keys,key_resp_7.rt
return,4.371999979,return,4.617000103,,,,0,1,0,10,0,1,9,REMOVE,,541,2021-05-04_18h05.46.525,udkast til sockult 2,3.2.3,Win32,60,,,,,,,,,,,,,,,,,
,,,,,,,74.55699992,1,0,10,1,1,9,ANISPLEP,appelsin,541,2021-05-04_18h05.46.525,udkast til sockult 2,3.2.3,Win32,60,,,,,,,,,,,,,,,,,
,,,,,,,66.62599993,1,0,10,2,1,9,LSEPJ,spejl,541,2021-05-04_18h05.46.525,udkast til sockult 2,3.2.3,Win32,60,,,,,,,,,,,,,,,,,
,,,,,,hest,36.796,1,0,10,3,1,9,STEH,hest,541,2021-05-04_18h05.46.525,udkast til sockult 2,3.2.3,Win32,60,,,,,,,,,,,,,,,,,
,,,,,,,56.93400002,1,0,10,4,1,9,MKRAAE,kamera,541,2021-05-04_18h05.46.525,udkast til sockult 2,3.2.3,Win32,60,,,,,,,,,,,,,,,,,
,,,,,,blomst,10.60599995,1,0,10,5,1,9,MLOBST,blomst,541,2021-05-04_18h05.46.525,udkast til sockult 2,3.2.3,Win32,60,,,,,,,,,,,,,,,,,
,,,,,,ordbog,78.79699993,1,0,10,6,1,9,DBGOOR,ordbog,541,2021-05-04_18h05.46.525,udkast til sockult 2,3.2.3,Win32,60,,,,,,,,,,,,,,,,,
,,,,,,,132.3889999,1,0,10,7,1,9,LKDSAR,skrald,541,2021-05-04_18h05.46.525,udkast til sockult 2,3.2.3,Win32,60,,,,,,,,,,,,,,,,,
,,,,,,cykler,24.3599999,1,0,10,8,1,9,LKECYR,cykler,541,2021-05-04_18h05.46.525,udkast til sockult 2,3.2.3,Win32,60,,,,,,,,,,,,,,,,,
,,,,,,papir,53.50300002,1,0,10,9,1,9,PIARP,papir,541,2021-05-04_18h05.46.525,udkast til sockult 2,3.2.3,Win32,60,,,,,,,,,,,,,,,,,
,,,,,,,31.82499981,,,,,,,,,541,2021-05-04_18h05.46.525,udkast til sockult 2,3.2.3,Win32,60,return,16.77200007,d,1,31.68600011,,,1,0,6,3,1,5,HMT5.png,d,,
,,,,,,,193.2840002,,,,,,,,,541,2021-05-04_18h05.46.525,udkast til sockult 2,3.2.3,Win32,60,,,,0,,return,193.158,1,0,6,4,1,5,HMT7.png,h,,
,,,,,,,101.8659999,,,,,,,,,541,2021-05-04_18h05.46.525,udkast til sockult 2,3.2.3,Win32,60,,,e,1,101.737,,,1,0,6,1,1,5,HMT2.png,e,,
,,,,,,,104.4749999,,,,,,,,,541,2021-05-04_18h05.46.525,udkast til sockult 2,3.2.3,Win32,60,,,,0,,return,104.345,1,0,6,2,1,5,HMT3.png,c,,
,,,,,,,138.5680001,,,,,,,,,541,2021-05-04_18h05.46.525,udkast til sockult 2,3.2.3,Win32,60,,,h,1,138.444,,,1,0,6,5,1,5,HMT9.png,h,,
,,,,,,,178.6659999,,,,,,,,,541,2021-05-04_18h05.46.525,udkast til sockult 2,3.2.3,Win32,60,,,h,1,178.5209999,,,1,0,6,0,1,5,HMT1.png,h,,
,,,,,,,,,,,,,,,,541,2021-05-04_18h05.46.525,udkast til sockult 2,3.2.3,Win32,60,,,,,,,,,,,,,,,,return,3.364000082
