key_resp.keys,key_resp.rt,key_resp_3.keys,key_resp_3.rt,key_resp_2.keys,key_resp_2.rt,anagram_answer,RT,trials.thisRepN,trials.thisTrialN,trials.thisN,trials.thisIndex,trials.ran,trials.order,anagrammer,correct,id,date,expName,psychopyVersion,OS,frameRate,IQ_enter.keys,IQ_enter.rt,IQ_response.keys,IQ_response.corr,IQ_response.rt,key_resp_6.keys,key_resp_6.rt,trials_2.thisRepN,trials_2.thisTrialN,trials_2.thisN,trials_2.thisIndex,trials_2.ran,trials_2.order,options,correctIQanswer,key_resp_7.keys,key_resp_7.rt
return,3.98300004,return,3.901000023,,,,0.001000166,1,0,10,0,1,9,REMOVE,,165,2021-05-09_20h22.08.403,udkast til sockult 2,3.2.3,Win32,60,,,,,,,,,,,,,,,,,
,,,,,,,39.91799998,1,0,10,1,1,9,ANISPLEP,appelsin,165,2021-05-09_20h22.08.403,udkast til sockult 2,3.2.3,Win32,60,,,,,,,,,,,,,,,,,
,,,,,,spejl,9.26699996,1,0,10,2,1,9,LSEPJ,spejl,165,2021-05-09_20h22.08.403,udkast til sockult 2,3.2.3,Win32,60,,,,,,,,,,,,,,,,,
,,,,,,hest,3.934999943,1,0,10,3,1,9,STEH,hest,165,2021-05-09_20h22.08.403,udkast til sockult 2,3.2.3,Win32,60,,,,,,,,,,,,,,,,,
,,,,,,,34.66300011,1,0,10,4,1,9,MKRAAE,kamera,165,2021-05-09_20h22.08.403,udkast til sockult 2,3.2.3,Win32,60,,,,,,,,,,,,,,,,,
,,,,,,blomst,5.767999887,1,0,10,5,1,9,MLOBST,blomst,165,2021-05-09_20h22.08.403,udkast til sockult 2,3.2.3,Win32,60,,,,,,,,,,,,,,,,,
,,,,,,ordbog,8.917999983,1,0,10,6,1,9,DBGOOR,ordbog,165,2021-05-09_20h22.08.403,udkast til sockult 2,3.2.3,Win32,60,,,,,,,,,,,,,,,,,
,,,,,,skrald,22.78600001,1,0,10,7,1,9,LKDSAR,skrald,165,2021-05-09_20h22.08.403,udkast til sockult 2,3.2.3,Win32,60,,,,,,,,,,,,,,,,,
,,,,,,cykler,7.648000002,1,0,10,8,1,9,LKECYR,cykler,165,2021-05-09_20h22.08.403,udkast til sockult 2,3.2.3,Win32,60,,,,,,,,,,,,,,,,,
,,,,,,papir,2.707000017,1,0,10,9,1,9,PIARP,papir,165,2021-05-09_20h22.08.403,udkast til sockult 2,3.2.3,Win32,60,,,,,,,,,,,,,,,,,
,,,,,,,44.34500003,,,,,,,,,165,2021-05-09_20h22.08.403,udkast til sockult 2,3.2.3,Win32,60,return,20.68300009,d,1,44.20599985,,,1,0,6,3,1,5,HMT5.png,d,,
,,,,,,,59.76300001,,,,,,,,,165,2021-05-09_20h22.08.403,udkast til sockult 2,3.2.3,Win32,60,,,f,0,59.61999989,,,1,0,6,2,1,5,HMT3.png,c,,
,,,,,,,85.16400003,,,,,,,,,165,2021-05-09_20h22.08.403,udkast til sockult 2,3.2.3,Win32,60,,,h,1,85.03900003,,,1,0,6,0,1,5,HMT1.png,h,,
,,,,,,,36.07999992,,,,,,,,,165,2021-05-09_20h22.08.403,udkast til sockult 2,3.2.3,Win32,60,,,e,0,35.93299985,,,1,0,6,5,1,5,HMT9.png,h,,
,,,,,,,31.97600007,,,,,,,,,165,2021-05-09_20h22.08.403,udkast til sockult 2,3.2.3,Win32,60,,,h,1,31.84200001,,,1,0,6,4,1,5,HMT7.png,h,,
,,,,,,,9.267999887,,,,,,,,,165,2021-05-09_20h22.08.403,udkast til sockult 2,3.2.3,Win32,60,,,e,1,9.120000124,,,1,0,6,1,1,5,HMT2.png,e,,
,,,,,,,,,,,,,,,,165,2021-05-09_20h22.08.403,udkast til sockult 2,3.2.3,Win32,60,,,,,,,,,,,,,,,,return,10.08699989
