key_resp.keys,key_resp.rt,key_resp_3.keys,key_resp_3.rt,key_resp_2.keys,key_resp_2.rt,anagram_answer,RT,trials.thisRepN,trials.thisTrialN,trials.thisN,trials.thisIndex,trials.ran,trials.order,anagrammer,correct,id,date,expName,psychopyVersion,OS,frameRate,IQ_enter.keys,IQ_enter.rt,IQ_response.keys,IQ_response.corr,IQ_response.rt,key_resp_6.keys,key_resp_6.rt,trials_2.thisRepN,trials_2.thisTrialN,trials_2.thisN,trials_2.thisIndex,trials_2.ran,trials_2.order,options,correctIQanswer,key_resp_7.keys,key_resp_7.rt
return,32.93099976,return,6.392999887,,,,0.000999928,1,0,10,0,1,9,REMOVE,,1066,2021-05-05_15h14.39.491,udkast til sockult 2,3.2.3,Win32,60,,,,,,,,,,,,,,,,,
,,,,,,,87.00499988,1,0,10,1,1,9,ANISPLEP,appelsin,1066,2021-05-05_15h14.39.491,udkast til sockult 2,3.2.3,Win32,60,,,,,,,,,,,,,,,,,
,,,,,,spejl,14.023,1,0,10,2,1,9,LSEPJ,spejl,1066,2021-05-05_15h14.39.491,udkast til sockult 2,3.2.3,Win32,60,,,,,,,,,,,,,,,,,
,,,,,,hest,7.527000189,1,0,10,3,1,9,STEH,hest,1066,2021-05-05_15h14.39.491,udkast til sockult 2,3.2.3,Win32,60,,,,,,,,,,,,,,,,,
,,,,,,,62.86199999,1,0,10,4,1,9,MKRAAE,kamera,1066,2021-05-05_15h14.39.491,udkast til sockult 2,3.2.3,Win32,60,,,,,,,,,,,,,,,,,
,,,,,,blomst,10.08300018,1,0,10,5,1,9,MLOBST,blomst,1066,2021-05-05_15h14.39.491,udkast til sockult 2,3.2.3,Win32,60,,,,,,,,,,,,,,,,,
,,,,,,grobod,29.6500001,1,0,10,6,1,9,DBGOOR,ordbog,1066,2021-05-05_15h14.39.491,udkast til sockult 2,3.2.3,Win32,60,,,,,,,,,,,,,,,,,
,,,,,,,24.4000001,1,0,10,7,1,9,LKDSAR,skrald,1066,2021-05-05_15h14.39.491,udkast til sockult 2,3.2.3,Win32,60,,,,,,,,,,,,,,,,,
,,,,,,,0.061000109,1,0,10,8,1,9,LKECYR,cykler,1066,2021-05-05_15h14.39.491,udkast til sockult 2,3.2.3,Win32,60,,,,,,,,,,,,,,,,,
,,,,,,papir,4.953000069,1,0,10,9,1,9,PIARP,papir,1066,2021-05-05_15h14.39.491,udkast til sockult 2,3.2.3,Win32,60,,,,,,,,,,,,,,,,,
,,,,,,,0.746000051,,,,,,,,,1066,2021-05-05_15h14.39.491,udkast til sockult 2,3.2.3,Win32,60,return,76.41700006,,0,,return,0.112999916,1,0,6,1,1,5,HMT2.png,e,,
,,,,,,,39.62299991,,,,,,,,,1066,2021-05-05_15h14.39.491,udkast til sockult 2,3.2.3,Win32,60,,,e,0,39.2349999,,,1,0,6,2,1,5,HMT3.png,c,,
,,,,,,,40.51600003,,,,,,,,,1066,2021-05-05_15h14.39.491,udkast til sockult 2,3.2.3,Win32,60,,,g,0,40.11099982,,,1,0,6,5,1,5,HMT9.png,h,,
,,,,,,,39.82299995,,,,,,,,,1066,2021-05-05_15h14.39.491,udkast til sockult 2,3.2.3,Win32,60,,,d,0,39.45000005,,,1,0,6,4,1,5,HMT7.png,h,,
,,,,,,,24.45799994,,,,,,,,,1066,2021-05-05_15h14.39.491,udkast til sockult 2,3.2.3,Win32,60,,,d,1,24.03100014,,,1,0,6,3,1,5,HMT5.png,d,,
,,,,,,,20.13499999,,,,,,,,,1066,2021-05-05_15h14.39.491,udkast til sockult 2,3.2.3,Win32,60,,,e,0,19.75900006,,,1,0,6,0,1,5,HMT1.png,h,,
,,,,,,,,,,,,,,,,1066,2021-05-05_15h14.39.491,udkast til sockult 2,3.2.3,Win32,60,,,,,,,,,,,,,,,,return,3.144000053
