key_resp.keys,key_resp.rt,key_resp_3.keys,key_resp_3.rt,key_resp_2.keys,key_resp_2.rt,anagram_answer,RT,trials.thisRepN,trials.thisTrialN,trials.thisN,trials.thisIndex,trials.ran,trials.order,anagrammer,correct,id,date,expName,psychopyVersion,OS,frameRate
return,16.72300005,return,2.952000141,,,,0,1,0,10,0,1,9,REMOVE,,1332,2021-05-08_10h47.35.663,udkast til sockult 2,3.2.3,Win32,60
,,,,,,,72.56900001,1,0,10,1,1,9,ANISPLEP,appelsin,1332,2021-05-08_10h47.35.663,udkast til sockult 2,3.2.3,Win32,60
,,,,,,,63.53100014,1,0,10,2,1,9,LSEPJ,spejl,1332,2021-05-08_10h47.35.663,udkast til sockult 2,3.2.3,Win32,60
,,,,,,hest,6.256000042,1,0,10,3,1,9,STEH,hest,1332,2021-05-08_10h47.35.663,udkast til sockult 2,3.2.3,Win32,60
,,,,,,kamera,38.70700002,1,0,10,4,1,9,MKRAAE,kamera,1332,2021-05-08_10h47.35.663,udkast til sockult 2,3.2.3,Win32,60
,,,,,,blomst,11.74499989,1,0,10,5,1,9,MLOBST,blomst,1332,2021-05-08_10h47.35.663,udkast til sockult 2,3.2.3,Win32,60
,,,,,,,57.32599998,1,0,10,6,1,9,DBGOOR,ordbog,1332,2021-05-08_10h47.35.663,udkast til sockult 2,3.2.3,Win32,60
