key_resp.keys,key_resp.rt,key_resp_3.keys,key_resp_3.rt,key_resp_2.keys,key_resp_2.rt,anagram_answer,RT,trials.thisRepN,trials.thisTrialN,trials.thisN,trials.thisIndex,trials.ran,trials.order,anagrammer,correct,id,date,expName,psychopyVersion,OS,frameRate,IQ_enter.keys,IQ_enter.rt,IQ_response.keys,IQ_response.corr,IQ_response.rt,key_resp_6.keys,key_resp_6.rt,trials_2.thisRepN,trials_2.thisTrialN,trials_2.thisN,trials_2.thisIndex,trials_2.ran,trials_2.order,options,correctIQanswer,key_resp_7.keys,key_resp_7.rt
return,8.605999947,return,7.203000069,,,,0,1,0,10,0,1,9,REMOVE,,1382,2021-05-07_13h29.15.816,udkast til sockult 2,3.2.3,Win32,60,,,,,,,,,,,,,,,,,
,,,,,,,28.64600015,1,0,10,1,1,9,ANISPLEP,appelsin,1382,2021-05-07_13h29.15.816,udkast til sockult 2,3.2.3,Win32,60,,,,,,,,,,,,,,,,,
,,,,,,spejl,6.897000074,1,0,10,2,1,9,LSEPJ,spejl,1382,2021-05-07_13h29.15.816,udkast til sockult 2,3.2.3,Win32,60,,,,,,,,,,,,,,,,,
,,,,,,hest,4.914000034,1,0,10,3,1,9,STEH,hest,1382,2021-05-07_13h29.15.816,udkast til sockult 2,3.2.3,Win32,60,,,,,,,,,,,,,,,,,
,,,,,,,68.7249999,1,0,10,4,1,9,MKRAAE,kamera,1382,2021-05-07_13h29.15.816,udkast til sockult 2,3.2.3,Win32,60,,,,,,,,,,,,,,,,,
,,,,,,,39.56099987,1,0,10,5,1,9,MLOBST,blomst,1382,2021-05-07_13h29.15.816,udkast til sockult 2,3.2.3,Win32,60,,,,,,,,,,,,,,,,,
,,,,,,,11.71300006,1,0,10,6,1,9,DBGOOR,ordbog,1382,2021-05-07_13h29.15.816,udkast til sockult 2,3.2.3,Win32,60,,,,,,,,,,,,,,,,,
,,,,,,,14.58100009,1,0,10,7,1,9,LKDSAR,skrald,1382,2021-05-07_13h29.15.816,udkast til sockult 2,3.2.3,Win32,60,,,,,,,,,,,,,,,,,
,,,,,,cykler,3.863999844,1,0,10,8,1,9,LKECYR,cykler,1382,2021-05-07_13h29.15.816,udkast til sockult 2,3.2.3,Win32,60,,,,,,,,,,,,,,,,,
,,,,,,papir,35.52899981,1,0,10,9,1,9,PIARP,papir,1382,2021-05-07_13h29.15.816,udkast til sockult 2,3.2.3,Win32,60,,,,,,,,,,,,,,,,,
,,,,,,,28.59899998,,,,,,,,,1382,2021-05-07_13h29.15.816,udkast til sockult 2,3.2.3,Win32,60,return,15.93500018,h,1,28.53200006,,,1,0,6,4,1,5,HMT7.png,h,,
,,,,,,,22.40799999,,,,,,,,,1382,2021-05-07_13h29.15.816,udkast til sockult 2,3.2.3,Win32,60,,,f,0,22.33100009,,,1,0,6,1,1,5,HMT2.png,e,,
,,,,,,,19.14499998,,,,,,,,,1382,2021-05-07_13h29.15.816,udkast til sockult 2,3.2.3,Win32,60,,,b,0,19.06099987,,,1,0,6,5,1,5,HMT9.png,h,,
,,,,,,,24.3599999,,,,,,,,,1382,2021-05-07_13h29.15.816,udkast til sockult 2,3.2.3,Win32,60,,,c,1,24.28299999,,,1,0,6,2,1,5,HMT3.png,c,,
,,,,,,,20.79500008,,,,,,,,,1382,2021-05-07_13h29.15.816,udkast til sockult 2,3.2.3,Win32,60,,,h,1,20.72800016,,,1,0,6,0,1,5,HMT1.png,h,,
,,,,,,,28.85899997,,,,,,,,,1382,2021-05-07_13h29.15.816,udkast til sockult 2,3.2.3,Win32,60,,,d,1,28.78600001,,,1,0,6,3,1,5,HMT5.png,d,,
,,,,,,,,,,,,,,,,1382,2021-05-07_13h29.15.816,udkast til sockult 2,3.2.3,Win32,60,,,,,,,,,,,,,,,,return,9.774999857
