key_resp.keys,key_resp.rt,key_resp_3.keys,key_resp_3.rt,key_resp_2.keys,key_resp_2.rt,anagram_answer,RT,trials.thisRepN,trials.thisTrialN,trials.thisN,trials.thisIndex,trials.ran,trials.order,anagrammer,correct,id,date,expName,psychopyVersion,OS,frameRate,IQ_enter.keys,IQ_enter.rt,IQ_response.keys,IQ_response.corr,IQ_response.rt,key_resp_6.keys,key_resp_6.rt,trials_2.thisRepN,trials_2.thisTrialN,trials_2.thisN,trials_2.thisIndex,trials_2.ran,trials_2.order,options,correctIQanswer,key_resp_7.keys,key_resp_7.rt
return,5.02699995,return,6.434000015,,,,0,1,0,10,0,1,9,REMOVE,,50,2021-05-03_10h13.58.559,udkast til sockult 2,3.2.3,MacIntel,60,,,,,,,,,,,,,,,,,
,,,,,,appelsin,30.58200002,1,0,10,1,1,9,ANISPLEP,appelsin,50,2021-05-03_10h13.58.559,udkast til sockult 2,3.2.3,MacIntel,60,,,,,,,,,,,,,,,,,
,,,,,,spejl,12.04900002,1,0,10,2,1,9,LSEPJ,spejl,50,2021-05-03_10h13.58.559,udkast til sockult 2,3.2.3,MacIntel,60,,,,,,,,,,,,,,,,,
,,,,,,hest,5.03399992,1,0,10,3,1,9,STEH,hest,50,2021-05-03_10h13.58.559,udkast til sockult 2,3.2.3,MacIntel,60,,,,,,,,,,,,,,,,,
,,,,,,,453.7449999,1,0,10,4,1,9,MKRAAE,kamera,50,2021-05-03_10h13.58.559,udkast til sockult 2,3.2.3,MacIntel,60,,,,,,,,,,,,,,,,,
,,,,,,blomst,8.381999969,1,0,10,5,1,9,MLOBST,blomst,50,2021-05-03_10h13.58.559,udkast til sockult 2,3.2.3,MacIntel,60,,,,,,,,,,,,,,,,,
,,,,,,ordbog,9.715000153,1,0,10,6,1,9,DBGOOR,ordbog,50,2021-05-03_10h13.58.559,udkast til sockult 2,3.2.3,MacIntel,60,,,,,,,,,,,,,,,,,
,,,,,,skrald,22.53600001,1,0,10,7,1,9,LKDSAR,skrald,50,2021-05-03_10h13.58.559,udkast til sockult 2,3.2.3,MacIntel,60,,,,,,,,,,,,,,,,,
,,,,,,cykler,13.19700003,1,0,10,8,1,9,LKECYR,cykler,50,2021-05-03_10h13.58.559,udkast til sockult 2,3.2.3,MacIntel,60,,,,,,,,,,,,,,,,,
,,,,,,papir,11.75,1,0,10,9,1,9,PIARP,papir,50,2021-05-03_10h13.58.559,udkast til sockult 2,3.2.3,MacIntel,60,,,,,,,,,,,,,,,,,
,,,,,,,238.0899999,,,,,,,,,50,2021-05-03_10h13.58.559,udkast til sockult 2,3.2.3,MacIntel,60,return,19.06099987,h,1,238.03,,,1,0,6,5,1,5,HMT9.png,h,,
,,,,,,,42.63199997,,,,,,,,,50,2021-05-03_10h13.58.559,udkast til sockult 2,3.2.3,MacIntel,60,,,d,1,42.58599973,,,1,0,6,3,1,5,HMT5.png,d,,
,,,,,,,182.099,,,,,,,,,50,2021-05-03_10h13.58.559,udkast til sockult 2,3.2.3,MacIntel,60,,,,0,,return,182.0550001,1,0,6,4,1,5,HMT7.png,h,,
,,,,,,,72.46700001,,,,,,,,,50,2021-05-03_10h13.58.559,udkast til sockult 2,3.2.3,MacIntel,60,,,,0,,return,72.43299985,1,0,6,0,1,5,HMT1.png,h,,
,,,,,,,47.98399997,,,,,,,,,50,2021-05-03_10h13.58.559,udkast til sockult 2,3.2.3,MacIntel,60,,,c,1,47.94400001,,,1,0,6,2,1,5,HMT3.png,c,,
,,,,,,,24.73300004,,,,,,,,,50,2021-05-03_10h13.58.559,udkast til sockult 2,3.2.3,MacIntel,60,,,e,1,24.69099998,,,1,0,6,1,1,5,HMT2.png,e,,
,,,,,,,,,,,,,,,,50,2021-05-03_10h13.58.559,udkast til sockult 2,3.2.3,MacIntel,60,,,,,,,,,,,,,,,,return,5.930999994
