key_resp.keys,key_resp.rt,key_resp_3.keys,key_resp_3.rt,key_resp_2.keys,key_resp_2.rt,anagram_answer,RT,trials.thisRepN,trials.thisTrialN,trials.thisN,trials.thisIndex,trials.ran,trials.order,anagrammer,correct,id,date,expName,psychopyVersion,OS,frameRate,IQ_enter.keys,IQ_enter.rt,IQ_response.keys,IQ_response.corr,IQ_response.rt,key_resp_6.keys,key_resp_6.rt,trials_2.thisRepN,trials_2.thisTrialN,trials_2.thisN,trials_2.thisIndex,trials_2.ran,trials_2.order,options,correctIQanswer,key_resp_7.keys,key_resp_7.rt
return,49.76399994,return,7.829999924,,,,0.000999928,1,0,10,0,1,9,REMOVE,,766,2021-05-01_21h06.41.954,udkast til sockult 2,3.2.3,Win32,60,,,,,,,,,,,,,,,,,
,,,,,,,160.184,1,0,10,1,1,9,ANISPLEP,appelsin,766,2021-05-01_21h06.41.954,udkast til sockult 2,3.2.3,Win32,60,,,,,,,,,,,,,,,,,
,,,,,,plejs,96.90299988,1,0,10,2,1,9,LSEPJ,spejl,766,2021-05-01_21h06.41.954,udkast til sockult 2,3.2.3,Win32,60,,,,,,,,,,,,,,,,,
,,,,,,hest,7.714999914,1,0,10,3,1,9,STEH,hest,766,2021-05-01_21h06.41.954,udkast til sockult 2,3.2.3,Win32,60,,,,,,,,,,,,,,,,,
,,,,,,kamera,140.072,1,0,10,4,1,9,MKRAAE,kamera,766,2021-05-01_21h06.41.954,udkast til sockult 2,3.2.3,Win32,60,,,,,,,,,,,,,,,,,
,,,,,,blomst,12.70699978,1,0,10,5,1,9,MLOBST,blomst,766,2021-05-01_21h06.41.954,udkast til sockult 2,3.2.3,Win32,60,,,,,,,,,,,,,,,,,
,,,,,,borgod,237.8930001,1,0,10,6,1,9,DBGOOR,ordbog,766,2021-05-01_21h06.41.954,udkast til sockult 2,3.2.3,Win32,60,,,,,,,,,,,,,,,,,
,,,,,,skrald,192.326,1,0,10,7,1,9,LKDSAR,skrald,766,2021-05-01_21h06.41.954,udkast til sockult 2,3.2.3,Win32,60,,,,,,,,,,,,,,,,,
,,,,,,cykler,7.417000055,1,0,10,8,1,9,LKECYR,cykler,766,2021-05-01_21h06.41.954,udkast til sockult 2,3.2.3,Win32,60,,,,,,,,,,,,,,,,,
,,,,,,papir,3.355999947,1,0,10,9,1,9,PIARP,papir,766,2021-05-01_21h06.41.954,udkast til sockult 2,3.2.3,Win32,60,,,,,,,,,,,,,,,,,
,,,,,,,52.40300012,,,,,,,,,766,2021-05-01_21h06.41.954,udkast til sockult 2,3.2.3,Win32,60,return,28.70099998,c,1,52.31299996,,,1,0,6,2,1,5,HMT3.png,c,,
,,,,,,,132.6359999,,,,,,,,,766,2021-05-01_21h06.41.954,udkast til sockult 2,3.2.3,Win32,60,,,f,0,132.5409999,,,1,0,6,5,1,5,HMT9.png,h,,
,,,,,,,42.73500013,,,,,,,,,766,2021-05-01_21h06.41.954,udkast til sockult 2,3.2.3,Win32,60,,,h,1,42.65799975,,,1,0,6,0,1,5,HMT1.png,h,,
,,,,,,,69.73699999,,,,,,,,,766,2021-05-01_21h06.41.954,udkast til sockult 2,3.2.3,Win32,60,,,d,1,69.65499997,,,1,0,6,3,1,5,HMT5.png,d,,
,,,,,,,90.54900002,,,,,,,,,766,2021-05-01_21h06.41.954,udkast til sockult 2,3.2.3,Win32,60,,,h,1,90.47399974,,,1,0,6,4,1,5,HMT7.png,h,,
,,,,,,,19.8440001,,,,,,,,,766,2021-05-01_21h06.41.954,udkast til sockult 2,3.2.3,Win32,60,,,e,1,19.76999974,,,1,0,6,1,1,5,HMT2.png,e,,
,,,,,,,,,,,,,,,,766,2021-05-01_21h06.41.954,udkast til sockult 2,3.2.3,Win32,60,,,,,,,,,,,,,,,,return,9.142999887
