key_resp.keys,key_resp.rt,key_resp_3.keys,key_resp_3.rt,key_resp_2.keys,key_resp_2.rt,anagram_answer,RT,trials.thisRepN,trials.thisTrialN,trials.thisN,trials.thisIndex,trials.ran,trials.order,anagrammer,correct,id,date,expName,psychopyVersion,OS,frameRate,IQ_enter.keys,IQ_enter.rt,IQ_response.keys,IQ_response.corr,IQ_response.rt,key_resp_6.keys,key_resp_6.rt,trials_2.thisRepN,trials_2.thisTrialN,trials_2.thisN,trials_2.thisIndex,trials_2.ran,trials_2.order,options,correctIQanswer,key_resp_7.keys,key_resp_7.rt
return,14.18199992,return,3.573999882,,,,0.000999928,1,0,10,0,1,9,REMOVE,,1056,2021-05-01_11h06.42.454,udkast til sockult 2,3.2.3,Win32,60,,,,,,,,,,,,,,,,,
,,,,,,,23.26600003,1,0,10,1,1,9,ANISPLEP,appelsin,1056,2021-05-01_11h06.42.454,udkast til sockult 2,3.2.3,Win32,60,,,,,,,,,,,,,,,,,
,,,,,,splejs,30.55099988,1,0,10,2,1,9,LSEPJ,spejl,1056,2021-05-01_11h06.42.454,udkast til sockult 2,3.2.3,Win32,60,,,,,,,,,,,,,,,,,
,,,,,,hest,4.410000086,1,0,10,3,1,9,STEH,hest,1056,2021-05-01_11h06.42.454,udkast til sockult 2,3.2.3,Win32,60,,,,,,,,,,,,,,,,,
,,,,,,,79.87100005,1,0,10,4,1,9,MKRAAE,kamera,1056,2021-05-01_11h06.42.454,udkast til sockult 2,3.2.3,Win32,60,,,,,,,,,,,,,,,,,
,,,,,,blomst,12.23600006,1,0,10,5,1,9,MLOBST,blomst,1056,2021-05-01_11h06.42.454,udkast til sockult 2,3.2.3,Win32,60,,,,,,,,,,,,,,,,,
,,,,,,ordbog,18.26399994,1,0,10,6,1,9,DBGOOR,ordbog,1056,2021-05-01_11h06.42.454,udkast til sockult 2,3.2.3,Win32,60,,,,,,,,,,,,,,,,,
,,,,,,skrald,13.96700001,1,0,10,7,1,9,LKDSAR,skrald,1056,2021-05-01_11h06.42.454,udkast til sockult 2,3.2.3,Win32,60,,,,,,,,,,,,,,,,,
,,,,,,cykler,5.476000071,1,0,10,8,1,9,LKECYR,cykler,1056,2021-05-01_11h06.42.454,udkast til sockult 2,3.2.3,Win32,60,,,,,,,,,,,,,,,,,
,,,,,,papir,2.745000124,1,0,10,9,1,9,PIARP,papir,1056,2021-05-01_11h06.42.454,udkast til sockult 2,3.2.3,Win32,60,,,,,,,,,,,,,,,,,
,,,,,,,20.28600001,,,,,,,,,1056,2021-05-01_11h06.42.454,udkast til sockult 2,3.2.3,Win32,60,return,7.361000061,c,1,20.20299983,,,1,0,6,2,1,5,HMT3.png,c,,
,,,,,,,14.51300001,,,,,,,,,1056,2021-05-01_11h06.42.454,udkast til sockult 2,3.2.3,Win32,60,,,h,1,14.41199994,,,1,0,6,0,1,5,HMT1.png,h,,
,,,,,,,25.90499997,,,,,,,,,1056,2021-05-01_11h06.42.454,udkast til sockult 2,3.2.3,Win32,60,,,h,1,25.81200004,,,1,0,6,4,1,5,HMT7.png,h,,
,,,,,,,68.73500013,,,,,,,,,1056,2021-05-01_11h06.42.454,udkast til sockult 2,3.2.3,Win32,60,,,e,0,68.62199998,,,1,0,6,5,1,5,HMT9.png,h,,
,,,,,,,40.602,,,,,,,,,1056,2021-05-01_11h06.42.454,udkast til sockult 2,3.2.3,Win32,60,,,d,1,40.47099996,,,1,0,6,3,1,5,HMT5.png,d,,
,,,,,,,9.90199995,,,,,,,,,1056,2021-05-01_11h06.42.454,udkast til sockult 2,3.2.3,Win32,60,,,e,1,9.771000147,,,1,0,6,1,1,5,HMT2.png,e,,
,,,,,,,,,,,,,,,,1056,2021-05-01_11h06.42.454,udkast til sockult 2,3.2.3,Win32,60,,,,,,,,,,,,,,,,return,4.148999929
