key_resp.keys,key_resp.rt,key_resp_3.keys,key_resp_3.rt,key_resp_2.keys,key_resp_2.rt,anagram_answer,RT,trials.thisRepN,trials.thisTrialN,trials.thisN,trials.thisIndex,trials.ran,trials.order,anagrammer,correct,id,date,expName,psychopyVersion,OS,frameRate,IQ_enter.keys,IQ_enter.rt,IQ_response.keys,IQ_response.corr,IQ_response.rt,key_resp_6.keys,key_resp_6.rt,trials_2.thisRepN,trials_2.thisTrialN,trials_2.thisN,trials_2.thisIndex,trials_2.ran,trials_2.order,options,correctIQanswer,key_resp_7.keys,key_resp_7.rt
return,3.204999924,return,5.486999989,,,,0,1,0,10,0,1,9,REMOVE,,1861,2021-04-29_17h15.35.499,udkast til sockult 2,3.2.3,MacIntel,60,,,,,,,,,,,,,,,,,
,,,,,,,62.04200006,1,0,10,1,1,9,ANISPLEP,appelsin,1861,2021-04-29_17h15.35.499,udkast til sockult 2,3.2.3,MacIntel,60,,,,,,,,,,,,,,,,,
,,,,,,spejl,72.53299999,1,0,10,2,1,9,LSEPJ,spejl,1861,2021-04-29_17h15.35.499,udkast til sockult 2,3.2.3,MacIntel,60,,,,,,,,,,,,,,,,,
,,,,,,hest,4.917000055,1,0,10,3,1,9,STEH,hest,1861,2021-04-29_17h15.35.499,udkast til sockult 2,3.2.3,MacIntel,60,,,,,,,,,,,,,,,,,
,,,,,,,127.5439999,1,0,10,4,1,9,MKRAAE,kamera,1861,2021-04-29_17h15.35.499,udkast til sockult 2,3.2.3,MacIntel,60,,,,,,,,,,,,,,,,,
,,,,,,blomst,70.44799995,1,0,10,5,1,9,MLOBST,blomst,1861,2021-04-29_17h15.35.499,udkast til sockult 2,3.2.3,MacIntel,60,,,,,,,,,,,,,,,,,
,,,,,,,90.82599998,1,0,10,6,1,9,DBGOOR,ordbog,1861,2021-04-29_17h15.35.499,udkast til sockult 2,3.2.3,MacIntel,60,,,,,,,,,,,,,,,,,
,,,,,,,105.599,1,0,10,7,1,9,LKDSAR,skrald,1861,2021-04-29_17h15.35.499,udkast til sockult 2,3.2.3,MacIntel,60,,,,,,,,,,,,,,,,,
,,,,,,cykler,8.220999956,1,0,10,8,1,9,LKECYR,cykler,1861,2021-04-29_17h15.35.499,udkast til sockult 2,3.2.3,MacIntel,60,,,,,,,,,,,,,,,,,
,,,,,,papir,7.885999918,1,0,10,9,1,9,PIARP,papir,1861,2021-04-29_17h15.35.499,udkast til sockult 2,3.2.3,MacIntel,60,,,,,,,,,,,,,,,,,
,,,,,,,14.898,,,,,,,,,1861,2021-04-29_17h15.35.499,udkast til sockult 2,3.2.3,MacIntel,60,return,27.64499998,e,1,14.85399985,,,1,0,6,1,1,5,HMT2.png,e,,
,,,,,,,29.84700012,,,,,,,,,1861,2021-04-29_17h15.35.499,udkast til sockult 2,3.2.3,MacIntel,60,,,d,1,29.80299997,,,1,0,6,3,1,5,HMT5.png,d,,
,,,,,,,307.895,,,,,,,,,1861,2021-04-29_17h15.35.499,udkast til sockult 2,3.2.3,MacIntel,60,,,h,1,307.858,,,1,0,6,5,1,5,HMT9.png,h,,
,,,,,,,34.20000005,,,,,,,,,1861,2021-04-29_17h15.35.499,udkast til sockult 2,3.2.3,MacIntel,60,,,h,1,34.16699982,,,1,0,6,0,1,5,HMT1.png,h,,
,,,,,,,108.987,,,,,,,,,1861,2021-04-29_17h15.35.499,udkast til sockult 2,3.2.3,MacIntel,60,,,h,1,108.9409997,,,1,0,6,4,1,5,HMT7.png,h,,
,,,,,,,43.53800011,,,,,,,,,1861,2021-04-29_17h15.35.499,udkast til sockult 2,3.2.3,MacIntel,60,,,c,1,43.49399996,,,1,0,6,2,1,5,HMT3.png,c,,
,,,,,,,,,,,,,,,,1861,2021-04-29_17h15.35.499,udkast til sockult 2,3.2.3,MacIntel,60,,,,,,,,,,,,,,,,return,9.991999865
