key_resp.keys,key_resp.rt,key_resp_3.keys,key_resp_3.rt,key_resp_2.keys,key_resp_2.rt,anagram_answer,RT,trials.thisRepN,trials.thisTrialN,trials.thisN,trials.thisIndex,trials.ran,trials.order,anagrammer,correct,id,date,expName,psychopyVersion,OS,frameRate
return,1.367999792,return,1.053999901,,,,0,1,0,10,0,1,9,REMOVE,,607,2021-05-03_10h43.59.796,udkast til sockult 2,3.2.3,MacIntel,60
,,,,,,,4.11500001,1,0,10,1,1,9,ANISPLEP,appelsin,607,2021-05-03_10h43.59.796,udkast til sockult 2,3.2.3,MacIntel,60
,,,,,,,0.799999952,1,0,10,2,1,9,LSEPJ,spejl,607,2021-05-03_10h43.59.796,udkast til sockult 2,3.2.3,MacIntel,60
,,,,,,,1.282000065,1,0,10,3,1,9,STEH,hest,607,2021-05-03_10h43.59.796,udkast til sockult 2,3.2.3,MacIntel,60
