key_resp.keys,key_resp.rt,key_resp_3.keys,key_resp_3.rt,key_resp_2.keys,key_resp_2.rt,anagram_answer,RT,trials.thisRepN,trials.thisTrialN,trials.thisN,trials.thisIndex,trials.ran,trials.order,anagrammer,correct,id,date,expName,psychopyVersion,OS,frameRate,IQ_enter.keys,IQ_enter.rt,IQ_response.keys,IQ_response.corr,IQ_response.rt,key_resp_6.keys,key_resp_6.rt,trials_2.thisRepN,trials_2.thisTrialN,trials_2.thisN,trials_2.thisIndex,trials_2.ran,trials_2.order,options,correctIQanswer,key_resp_7.keys,key_resp_7.rt
return,28.45099998,return,8.036999941,,,,0.000999928,1,0,10,0,1,9,REMOVE,,1739,2021-04-29_11h27.11.782,udkast til sockult 2,3.2.3,Win32,60,,,,,,,,,,,,,,,,,
,,,,,,,169.207,1,0,10,1,1,9,ANISPLEP,appelsin,1739,2021-04-29_11h27.11.782,udkast til sockult 2,3.2.3,Win32,60,,,,,,,,,,,,,,,,,
,,,,,,splejs,38.58100009,1,0,10,2,1,9,LSEPJ,spejl,1739,2021-04-29_11h27.11.782,udkast til sockult 2,3.2.3,Win32,60,,,,,,,,,,,,,,,,,
,,,,,,hest,6.924000025,1,0,10,3,1,9,STEH,hest,1739,2021-04-29_11h27.11.782,udkast til sockult 2,3.2.3,Win32,60,,,,,,,,,,,,,,,,,
,,,,,,makre,61.02400017,1,0,10,4,1,9,MKRAAE,kamera,1739,2021-04-29_11h27.11.782,udkast til sockult 2,3.2.3,Win32,60,,,,,,,,,,,,,,,,,
,,,,,,blomst,11.023,1,0,10,5,1,9,MLOBST,blomst,1739,2021-04-29_11h27.11.782,udkast til sockult 2,3.2.3,Win32,60,,,,,,,,,,,,,,,,,
,,,,,,robog,131.9620001,1,0,10,6,1,9,DBGOOR,ordbog,1739,2021-04-29_11h27.11.782,udkast til sockult 2,3.2.3,Win32,60,,,,,,,,,,,,,,,,,
,,,,,,skrald,178.9259999,1,0,10,7,1,9,LKDSAR,skrald,1739,2021-04-29_11h27.11.782,udkast til sockult 2,3.2.3,Win32,60,,,,,,,,,,,,,,,,,
,,,,,,cykler,28.69099998,1,0,10,8,1,9,LKECYR,cykler,1739,2021-04-29_11h27.11.782,udkast til sockult 2,3.2.3,Win32,60,,,,,,,,,,,,,,,,,
,,,,,,papir,8.973999977,1,0,10,9,1,9,PIARP,papir,1739,2021-04-29_11h27.11.782,udkast til sockult 2,3.2.3,Win32,60,,,,,,,,,,,,,,,,,
,,,,,,,19.47300005,,,,,,,,,1739,2021-04-29_11h27.11.782,udkast til sockult 2,3.2.3,Win32,60,return,55.61800003,d,0,19.41199994,,,1,0,6,4,1,5,HMT7.png,h,,
,,,,,,,117.253,,,,,,,,,1739,2021-04-29_11h27.11.782,udkast til sockult 2,3.2.3,Win32,60,,,c,1,117.1609998,,,1,0,6,2,1,5,HMT3.png,c,,
,,,,,,,91.56699991,,,,,,,,,1739,2021-04-29_11h27.11.782,udkast til sockult 2,3.2.3,Win32,60,,,,0,,return,91.50199986,1,0,6,5,1,5,HMT9.png,h,,
,,,,,,,44.86500001,,,,,,,,,1739,2021-04-29_11h27.11.782,udkast til sockult 2,3.2.3,Win32,60,,,h,1,44.79099989,,,1,0,6,0,1,5,HMT1.png,h,,
,,,,,,,24.99399996,,,,,,,,,1739,2021-04-29_11h27.11.782,udkast til sockult 2,3.2.3,Win32,60,,,d,1,24.9289999,,,1,0,6,3,1,5,HMT5.png,d,,
,,,,,,,32.35300016,,,,,,,,,1739,2021-04-29_11h27.11.782,udkast til sockult 2,3.2.3,Win32,60,,,e,1,32.27499986,,,1,0,6,1,1,5,HMT2.png,e,,
,,,,,,,,,,,,,,,,1739,2021-04-29_11h27.11.782,udkast til sockult 2,3.2.3,Win32,60,,,,,,,,,,,,,,,,return,13.57999992
