key_resp.keys,key_resp.rt,key_resp_3.keys,key_resp_3.rt,key_resp_2.keys,key_resp_2.rt,anagram_answer,RT,trials.thisRepN,trials.thisTrialN,trials.thisN,trials.thisIndex,trials.ran,trials.order,anagrammer,correct,id,date,expName,psychopyVersion,OS,frameRate,IQ_enter.keys,IQ_enter.rt,IQ_response.keys,IQ_response.corr,IQ_response.rt,key_resp_6.keys,key_resp_6.rt,trials_2.thisRepN,trials_2.thisTrialN,trials_2.thisN,trials_2.thisIndex,trials_2.ran,trials_2.order,options,correctIQanswer,key_resp_7.keys,key_resp_7.rt
return,27.17200017,return,6.930000067,,,,0,1,0,10,0,1,9,REMOVE,,156,2021-05-02_19h47.41.750,udkast til sockult 2,3.2.3,MacIntel,60,,,,,,,,,,,,,,,,,
,,,,,,plapins,138.329,1,0,10,1,1,9,ANISPLEP,appelsin,156,2021-05-02_19h47.41.750,udkast til sockult 2,3.2.3,MacIntel,60,,,,,,,,,,,,,,,,,
,,,,,,pejls,16.46300006,1,0,10,2,1,9,LSEPJ,spejl,156,2021-05-02_19h47.41.750,udkast til sockult 2,3.2.3,MacIntel,60,,,,,,,,,,,,,,,,,
,,,,,,hest,10.88100004,1,0,10,3,1,9,STEH,hest,156,2021-05-02_19h47.41.750,udkast til sockult 2,3.2.3,MacIntel,60,,,,,,,,,,,,,,,,,
,,,,,,kraame,32.55899978,1,0,10,4,1,9,MKRAAE,kamera,156,2021-05-02_19h47.41.750,udkast til sockult 2,3.2.3,MacIntel,60,,,,,,,,,,,,,,,,,
,,,,,,blomst,34.76900005,1,0,10,5,1,9,MLOBST,blomst,156,2021-05-02_19h47.41.750,udkast til sockult 2,3.2.3,MacIntel,60,,,,,,,,,,,,,,,,,
,,,,,,gorobg,85.43899989,1,0,10,6,1,9,DBGOOR,ordbog,156,2021-05-02_19h47.41.750,udkast til sockult 2,3.2.3,MacIntel,60,,,,,,,,,,,,,,,,,
,,,,,,lardsk,104.6029999,1,0,10,7,1,9,LKDSAR,skrald,156,2021-05-02_19h47.41.750,udkast til sockult 2,3.2.3,MacIntel,60,,,,,,,,,,,,,,,,,
,,,,,,cykler,13.57099986,1,0,10,8,1,9,LKECYR,cykler,156,2021-05-02_19h47.41.750,udkast til sockult 2,3.2.3,MacIntel,60,,,,,,,,,,,,,,,,,
,,,,,,parip,25.83500004,1,0,10,9,1,9,PIARP,papir,156,2021-05-02_19h47.41.750,udkast til sockult 2,3.2.3,MacIntel,60,,,,,,,,,,,,,,,,,
,,,,,,,278.0650001,,,,,,,,,156,2021-05-02_19h47.41.750,udkast til sockult 2,3.2.3,MacIntel,60,return,41.17800021,h,1,278.0280001,,,1,0,6,5,1,5,HMT9.png,h,,
,,,,,,,242.2970002,,,,,,,,,156,2021-05-02_19h47.41.750,udkast til sockult 2,3.2.3,MacIntel,60,,,g,0,242.2540002,,,1,0,6,4,1,5,HMT7.png,h,,
,,,,,,,98.23200011,,,,,,,,,156,2021-05-02_19h47.41.750,udkast til sockult 2,3.2.3,MacIntel,60,,,a,0,98.19100022,,,1,0,6,2,1,5,HMT3.png,c,,
,,,,,,,55.50600004,,,,,,,,,156,2021-05-02_19h47.41.750,udkast til sockult 2,3.2.3,MacIntel,60,,,h,1,55.47100019,,,1,0,6,0,1,5,HMT1.png,h,,
,,,,,,,31.01099992,,,,,,,,,156,2021-05-02_19h47.41.750,udkast til sockult 2,3.2.3,MacIntel,60,,,d,1,30.97000027,,,1,0,6,3,1,5,HMT5.png,d,,
,,,,,,,45.35899997,,,,,,,,,156,2021-05-02_19h47.41.750,udkast til sockult 2,3.2.3,MacIntel,60,,,e,1,45.32200003,,,1,0,6,1,1,5,HMT2.png,e,,
,,,,,,,,,,,,,,,,156,2021-05-02_19h47.41.750,udkast til sockult 2,3.2.3,MacIntel,60,,,,,,,,,,,,,,,,return,15.77300024
