key_resp.keys,key_resp.rt,key_resp_3.keys,key_resp_3.rt,key_resp_2.keys,key_resp_2.rt,anagram_answer,RT,trials.thisRepN,trials.thisTrialN,trials.thisN,trials.thisIndex,trials.ran,trials.order,anagrammer,correct,id,date,expName,psychopyVersion,OS,frameRate,IQ_enter.keys,IQ_enter.rt,IQ_response.keys,IQ_response.corr,IQ_response.rt,key_resp_6.keys,key_resp_6.rt,trials_2.thisRepN,trials_2.thisTrialN,trials_2.thisN,trials_2.thisIndex,trials_2.ran,trials_2.order,options,correctIQanswer,key_resp_7.keys,key_resp_7.rt
return,17.30900025,return,2.775000095,,,,0,1,0,10,0,1,9,REMOVE,,954,2021-05-06_21h36.34.029,udkast til sockult 2,3.2.3,MacIntel,60,,,,,,,,,,,,,,,,,
,,,,,,,212.586,1,0,10,1,1,9,ANISPLEP,appelsin,954,2021-05-06_21h36.34.029,udkast til sockult 2,3.2.3,MacIntel,60,,,,,,,,,,,,,,,,,
,,,,,,spejl,171.53,1,0,10,2,1,9,LSEPJ,spejl,954,2021-05-06_21h36.34.029,udkast til sockult 2,3.2.3,MacIntel,60,,,,,,,,,,,,,,,,,
,,,,,,hest,3.766000032,1,0,10,3,1,9,STEH,hest,954,2021-05-06_21h36.34.029,udkast til sockult 2,3.2.3,MacIntel,60,,,,,,,,,,,,,,,,,
,,,,,,kamera,187.5480001,1,0,10,4,1,9,MKRAAE,kamera,954,2021-05-06_21h36.34.029,udkast til sockult 2,3.2.3,MacIntel,60,,,,,,,,,,,,,,,,,
,,,,,,blomst,46.99600005,1,0,10,5,1,9,MLOBST,blomst,954,2021-05-06_21h36.34.029,udkast til sockult 2,3.2.3,MacIntel,60,,,,,,,,,,,,,,,,,
,,,,,,ordbog,377.497,1,0,10,6,1,9,DBGOOR,ordbog,954,2021-05-06_21h36.34.029,udkast til sockult 2,3.2.3,MacIntel,60,,,,,,,,,,,,,,,,,
,,,,,,skrald,33.86599994,1,0,10,7,1,9,LKDSAR,skrald,954,2021-05-06_21h36.34.029,udkast til sockult 2,3.2.3,MacIntel,60,,,,,,,,,,,,,,,,,
,,,,,,cykler,6.450000048,1,0,10,8,1,9,LKECYR,cykler,954,2021-05-06_21h36.34.029,udkast til sockult 2,3.2.3,MacIntel,60,,,,,,,,,,,,,,,,,
,,,,,,papir,5.332999945,1,0,10,9,1,9,PIARP,papir,954,2021-05-06_21h36.34.029,udkast til sockult 2,3.2.3,MacIntel,60,,,,,,,,,,,,,,,,,
,,,,,,,118.921,,,,,,,,,954,2021-05-06_21h36.34.029,udkast til sockult 2,3.2.3,MacIntel,60,return,9.894000292,e,0,118.8870003,,,1,0,6,4,1,5,HMT7.png,h,,
,,,,,,,175.779,,,,,,,,,954,2021-05-06_21h36.34.029,udkast til sockult 2,3.2.3,MacIntel,60,,,e,0,175.7420001,,,1,0,6,5,1,5,HMT9.png,h,,
,,,,,,,158.6789999,,,,,,,,,954,2021-05-06_21h36.34.029,udkast til sockult 2,3.2.3,MacIntel,60,,,a,0,158.6450002,,,1,0,6,2,1,5,HMT3.png,c,,
,,,,,,,51.28200006,,,,,,,,,954,2021-05-06_21h36.34.029,udkast til sockult 2,3.2.3,MacIntel,60,,,h,1,51.25400019,,,1,0,6,0,1,5,HMT1.png,h,,
,,,,,,,33.89900017,,,,,,,,,954,2021-05-06_21h36.34.029,udkast til sockult 2,3.2.3,MacIntel,60,,,d,1,33.8690002,,,1,0,6,3,1,5,HMT5.png,d,,
,,,,,,,24.41199994,,,,,,,,,954,2021-05-06_21h36.34.029,udkast til sockult 2,3.2.3,MacIntel,60,,,e,1,24.38000011,,,1,0,6,1,1,5,HMT2.png,e,,
,,,,,,,,,,,,,,,,954,2021-05-06_21h36.34.029,udkast til sockult 2,3.2.3,MacIntel,60,,,,,,,,,,,,,,,,return,5.107000113
