key_resp.keys,key_resp.rt,key_resp_3.keys,key_resp_3.rt,key_resp_2.keys,key_resp_2.rt,anagram_answer,RT,trials.thisRepN,trials.thisTrialN,trials.thisN,trials.thisIndex,trials.ran,trials.order,anagrammer,correct,id,date,expName,psychopyVersion,OS,frameRate,IQ_enter.keys,IQ_enter.rt,IQ_response.keys,IQ_response.corr,IQ_response.rt,key_resp_6.keys,key_resp_6.rt,trials_2.thisRepN,trials_2.thisTrialN,trials_2.thisN,trials_2.thisIndex,trials_2.ran,trials_2.order,options,correctIQanswer,key_resp_7.keys,key_resp_7.rt
return,29.09100008,return,4.242000103,,,,0,1,0,10,0,1,9,REMOVE,,1674,2021-04-29_20h26.22.483,udkast til sockult 2,3.2.3,MacIntel,60,,,,,,,,,,,,,,,,,
,,,,,,,52.02399993,1,0,10,1,1,9,ANISPLEP,appelsin,1674,2021-04-29_20h26.22.483,udkast til sockult 2,3.2.3,MacIntel,60,,,,,,,,,,,,,,,,,
,,,,,,spejl,73.97799993,1,0,10,2,1,9,LSEPJ,spejl,1674,2021-04-29_20h26.22.483,udkast til sockult 2,3.2.3,MacIntel,60,,,,,,,,,,,,,,,,,
,,,,,,hest,51.70000005,1,0,10,3,1,9,STEH,hest,1674,2021-04-29_20h26.22.483,udkast til sockult 2,3.2.3,MacIntel,60,,,,,,,,,,,,,,,,,
,,,,,,,77.773,1,0,10,4,1,9,MKRAAE,kamera,1674,2021-04-29_20h26.22.483,udkast til sockult 2,3.2.3,MacIntel,60,,,,,,,,,,,,,,,,,
,,,,,,,57.76800013,1,0,10,5,1,9,MLOBST,blomst,1674,2021-04-29_20h26.22.483,udkast til sockult 2,3.2.3,MacIntel,60,,,,,,,,,,,,,,,,,
,,,,,,,62.33900023,1,0,10,6,1,9,DBGOOR,ordbog,1674,2021-04-29_20h26.22.483,udkast til sockult 2,3.2.3,MacIntel,60,,,,,,,,,,,,,,,,,
,,,,,,,20.28200006,1,0,10,7,1,9,LKDSAR,skrald,1674,2021-04-29_20h26.22.483,udkast til sockult 2,3.2.3,MacIntel,60,,,,,,,,,,,,,,,,,
,,,,,,cykler,10.34899998,1,0,10,8,1,9,LKECYR,cykler,1674,2021-04-29_20h26.22.483,udkast til sockult 2,3.2.3,MacIntel,60,,,,,,,,,,,,,,,,,
,,,,,,papir,3.312999964,1,0,10,9,1,9,PIARP,papir,1674,2021-04-29_20h26.22.483,udkast til sockult 2,3.2.3,MacIntel,60,,,,,,,,,,,,,,,,,
,,,,,,,49.21000004,,,,,,,,,1674,2021-04-29_20h26.22.483,udkast til sockult 2,3.2.3,MacIntel,60,return,20.44000006,g,0,49.11100006,,,1,0,6,5,1,5,HMT9.png,h,,
,,,,,,,63.53600001,,,,,,,,,1674,2021-04-29_20h26.22.483,udkast til sockult 2,3.2.3,MacIntel,60,,,e,1,63.47200012,,,1,0,6,1,1,5,HMT2.png,e,,
,,,,,,,27.41700006,,,,,,,,,1674,2021-04-29_20h26.22.483,udkast til sockult 2,3.2.3,MacIntel,60,,,f,0,27.35400009,,,1,0,6,3,1,5,HMT5.png,d,,
,,,,,,,69.35500002,,,,,,,,,1674,2021-04-29_20h26.22.483,udkast til sockult 2,3.2.3,MacIntel,60,,,g,0,69.28299999,,,1,0,6,4,1,5,HMT7.png,h,,
,,,,,,,44.55100012,,,,,,,,,1674,2021-04-29_20h26.22.483,udkast til sockult 2,3.2.3,MacIntel,60,,,,0,,return,44.48200011,1,0,6,2,1,5,HMT3.png,c,,
,,,,,,,16.43300009,,,,,,,,,1674,2021-04-29_20h26.22.483,udkast til sockult 2,3.2.3,MacIntel,60,,,,0,,return,16.36299992,1,0,6,0,1,5,HMT1.png,h,,
,,,,,,,,,,,,,,,,1674,2021-04-29_20h26.22.483,udkast til sockult 2,3.2.3,MacIntel,60,,,,,,,,,,,,,,,,return,5.584000111
