key_resp.keys,key_resp.rt,key_resp_3.keys,key_resp_3.rt,key_resp_2.keys,key_resp_2.rt,anagram_answer,RT,trials.thisRepN,trials.thisTrialN,trials.thisN,trials.thisIndex,trials.ran,trials.order,anagrammer,correct,id,date,expName,psychopyVersion,OS,frameRate,IQ_enter.keys,IQ_enter.rt,IQ_response.keys,IQ_response.corr,IQ_response.rt,key_resp_6.keys,key_resp_6.rt,trials_2.thisRepN,trials_2.thisTrialN,trials_2.thisN,trials_2.thisIndex,trials_2.ran,trials_2.order,options,correctIQanswer,key_resp_7.keys,key_resp_7.rt
return,17.68199992,return,4.118000031,,,,0.000999928,1,0,10,0,1,9,REMOVE,,712,2021-05-05_14h09.36.265,udkast til sockult 2,3.2.3,MacIntel,60,,,,,,,,,,,,,,,,,
,,,,,,appelsin,22.22799993,1,0,10,1,1,9,ANISPLEP,appelsin,712,2021-05-05_14h09.36.265,udkast til sockult 2,3.2.3,MacIntel,60,,,,,,,,,,,,,,,,,
,,,,,,spejl,11.20000005,1,0,10,2,1,9,LSEPJ,spejl,712,2021-05-05_14h09.36.265,udkast til sockult 2,3.2.3,MacIntel,60,,,,,,,,,,,,,,,,,
,,,,,,hest,4.082000017,1,0,10,3,1,9,STEH,hest,712,2021-05-05_14h09.36.265,udkast til sockult 2,3.2.3,MacIntel,60,,,,,,,,,,,,,,,,,
,,,,,,kamera,180.5020001,1,0,10,4,1,9,MKRAAE,kamera,712,2021-05-05_14h09.36.265,udkast til sockult 2,3.2.3,MacIntel,60,,,,,,,,,,,,,,,,,
,,,,,,blomst,7.532000065,1,0,10,5,1,9,MLOBST,blomst,712,2021-05-05_14h09.36.265,udkast til sockult 2,3.2.3,MacIntel,60,,,,,,,,,,,,,,,,,
,,,,,,ordbog,16.13200021,1,0,10,6,1,9,DBGOOR,ordbog,712,2021-05-05_14h09.36.265,udkast til sockult 2,3.2.3,MacIntel,60,,,,,,,,,,,,,,,,,
,,,,,,skrald,118.868,1,0,10,7,1,9,LKDSAR,skrald,712,2021-05-05_14h09.36.265,udkast til sockult 2,3.2.3,MacIntel,60,,,,,,,,,,,,,,,,,
,,,,,,cykler,4.44900012,1,0,10,8,1,9,LKECYR,cykler,712,2021-05-05_14h09.36.265,udkast til sockult 2,3.2.3,MacIntel,60,,,,,,,,,,,,,,,,,
,,,,,,papir,9.982000113,1,0,10,9,1,9,PIARP,papir,712,2021-05-05_14h09.36.265,udkast til sockult 2,3.2.3,MacIntel,60,,,,,,,,,,,,,,,,,
,,,,,,,25.82299995,,,,,,,,,712,2021-05-05_14h09.36.265,udkast til sockult 2,3.2.3,MacIntel,60,return,14.33899999,e,1,25.76899981,,,1,0,6,1,1,5,HMT2.png,e,,
,,,,,,,46.00099993,,,,,,,,,712,2021-05-05_14h09.36.265,udkast til sockult 2,3.2.3,MacIntel,60,,,d,0,45.95700002,,,1,0,6,5,1,5,HMT9.png,h,,
,,,,,,,20.69900012,,,,,,,,,712,2021-05-05_14h09.36.265,udkast til sockult 2,3.2.3,MacIntel,60,,,c,1,20.65400004,,,1,0,6,2,1,5,HMT3.png,c,,
,,,,,,,40.71799994,,,,,,,,,712,2021-05-05_14h09.36.265,udkast til sockult 2,3.2.3,MacIntel,60,,,h,1,40.6869998,,,1,0,6,0,1,5,HMT1.png,h,,
,,,,,,,29.51400018,,,,,,,,,712,2021-05-05_14h09.36.265,udkast til sockult 2,3.2.3,MacIntel,60,,,d,1,29.47099996,,,1,0,6,3,1,5,HMT5.png,d,,
,,,,,,,10.91599989,,,,,,,,,712,2021-05-05_14h09.36.265,udkast til sockult 2,3.2.3,MacIntel,60,,,d,0,10.87799978,,,1,0,6,4,1,5,HMT7.png,h,,
,,,,,,,,,,,,,,,,712,2021-05-05_14h09.36.265,udkast til sockult 2,3.2.3,MacIntel,60,,,,,,,,,,,,,,,,return,6.899999857
