key_resp.keys,key_resp.rt,key_resp_3.keys,key_resp_3.rt,key_resp_2.keys,key_resp_2.rt,anagram_answer,RT,trials.thisRepN,trials.thisTrialN,trials.thisN,trials.thisIndex,trials.ran,trials.order,anagrammer,correct,id,date,expName,psychopyVersion,OS,frameRate,IQ_enter.keys,IQ_enter.rt,IQ_response.keys,IQ_response.corr,IQ_response.rt,key_resp_6.keys,key_resp_6.rt,trials_2.thisRepN,trials_2.thisTrialN,trials_2.thisN,trials_2.thisIndex,trials_2.ran,trials_2.order,options,correctIQanswer,key_resp_7.keys,key_resp_7.rt
return,10.94700027,return,2.298000097,,,,0.001000166,1,0,10,0,1,9,REMOVE,,1732,2021-05-03_10h14.39.879,udkast til sockult 2,3.2.3,MacIntel,60,,,,,,,,,,,,,,,,,
,,,,,,appelsin,2011.426,1,0,10,1,1,9,ANISPLEP,appelsin,1732,2021-05-03_10h14.39.879,udkast til sockult 2,3.2.3,MacIntel,60,,,,,,,,,,,,,,,,,
,,,,,,spejl,27.75399995,1,0,10,2,1,9,LSEPJ,spejl,1732,2021-05-03_10h14.39.879,udkast til sockult 2,3.2.3,MacIntel,60,,,,,,,,,,,,,,,,,
,,,,,,hest,3.251000166,1,0,10,3,1,9,STEH,hest,1732,2021-05-03_10h14.39.879,udkast til sockult 2,3.2.3,MacIntel,60,,,,,,,,,,,,,,,,,
,,,,,,kamera,4.309999943,1,0,10,4,1,9,MKRAAE,kamera,1732,2021-05-03_10h14.39.879,udkast til sockult 2,3.2.3,MacIntel,60,,,,,,,,,,,,,,,,,
,,,,,,blomst,8.653000116,1,0,10,5,1,9,MLOBST,blomst,1732,2021-05-03_10h14.39.879,udkast til sockult 2,3.2.3,MacIntel,60,,,,,,,,,,,,,,,,,
,,,,,,ordbog,127.0929999,1,0,10,6,1,9,DBGOOR,ordbog,1732,2021-05-03_10h14.39.879,udkast til sockult 2,3.2.3,MacIntel,60,,,,,,,,,,,,,,,,,
,,,,,,skrald,20.454,1,0,10,7,1,9,LKDSAR,skrald,1732,2021-05-03_10h14.39.879,udkast til sockult 2,3.2.3,MacIntel,60,,,,,,,,,,,,,,,,,
,,,,,,cykler,19.70799994,1,0,10,8,1,9,LKECYR,cykler,1732,2021-05-03_10h14.39.879,udkast til sockult 2,3.2.3,MacIntel,60,,,,,,,,,,,,,,,,,
,,,,,,papir,5.718999863,1,0,10,9,1,9,PIARP,papir,1732,2021-05-03_10h14.39.879,udkast til sockult 2,3.2.3,MacIntel,60,,,,,,,,,,,,,,,,,
,,,,,,,167.3469999,,,,,,,,,1732,2021-05-03_10h14.39.879,udkast til sockult 2,3.2.3,MacIntel,60,return,4.463999987,h,1,167.2160001,,,1,0,6,4,1,5,HMT7.png,h,,
,,,,,,,57.41799998,,,,,,,,,1732,2021-05-03_10h14.39.879,udkast til sockult 2,3.2.3,MacIntel,60,,,c,1,57.29700017,,,1,0,6,2,1,5,HMT3.png,c,,
,,,,,,,86.00300002,,,,,,,,,1732,2021-05-03_10h14.39.879,udkast til sockult 2,3.2.3,MacIntel,60,,,h,1,85.87400031,,,1,0,6,5,1,5,HMT9.png,h,,
,,,,,,,14.6190002,,,,,,,,,1732,2021-05-03_10h14.39.879,udkast til sockult 2,3.2.3,MacIntel,60,,,e,1,14.5150001,,,1,0,6,1,1,5,HMT2.png,e,,
,,,,,,,20.9690001,,,,,,,,,1732,2021-05-03_10h14.39.879,udkast til sockult 2,3.2.3,MacIntel,60,,,h,1,20.8920002,,,1,0,6,0,1,5,HMT1.png,h,,
,,,,,,,54.47799993,,,,,,,,,1732,2021-05-03_10h14.39.879,udkast til sockult 2,3.2.3,MacIntel,60,,,d,1,54.40400028,,,1,0,6,3,1,5,HMT5.png,d,,
,,,,,,,,,,,,,,,,1732,2021-05-03_10h14.39.879,udkast til sockult 2,3.2.3,MacIntel,60,,,,,,,,,,,,,,,,return,5.799000025
