key_resp.keys,key_resp.rt,key_resp_3.keys,key_resp_3.rt,key_resp_2.keys,key_resp_2.rt,anagram_answer,RT,trials.thisRepN,trials.thisTrialN,trials.thisN,trials.thisIndex,trials.ran,trials.order,anagrammer,correct,id,date,expName,psychopyVersion,OS,frameRate,IQ_enter.keys,IQ_enter.rt,IQ_response.keys,IQ_response.corr,IQ_response.rt,key_resp_6.keys,key_resp_6.rt,trials_2.thisRepN,trials_2.thisTrialN,trials_2.thisN,trials_2.thisIndex,trials_2.ran,trials_2.order,options,correctIQanswer,key_resp_7.keys,key_resp_7.rt
return,43.14500022,return,6.389000177,,,,0,1,0,10,0,1,9,REMOVE,,1775,2021-04-30_19h13.57.041,udkast til sockult 2,3.2.3,Win32,60,,,,,,,,,,,,,,,,,
,,,,,,,103.0740001,1,0,10,1,1,9,ANISPLEP,appelsin,1775,2021-04-30_19h13.57.041,udkast til sockult 2,3.2.3,Win32,60,,,,,,,,,,,,,,,,,
,,,,,,pejls,19.19799995,1,0,10,2,1,9,LSEPJ,spejl,1775,2021-04-30_19h13.57.041,udkast til sockult 2,3.2.3,Win32,60,,,,,,,,,,,,,,,,,
,,,,,,hest,24.37700009,1,0,10,3,1,9,STEH,hest,1775,2021-04-30_19h13.57.041,udkast til sockult 2,3.2.3,Win32,60,,,,,,,,,,,,,,,,,
,,,,,,,65.33599997,1,0,10,4,1,9,MKRAAE,kamera,1775,2021-04-30_19h13.57.041,udkast til sockult 2,3.2.3,Win32,60,,,,,,,,,,,,,,,,,
,,,,,,blomst,7.048000097,1,0,10,5,1,9,MLOBST,blomst,1775,2021-04-30_19h13.57.041,udkast til sockult 2,3.2.3,Win32,60,,,,,,,,,,,,,,,,,
,,,,,,,44.56299996,1,0,10,6,1,9,DBGOOR,ordbog,1775,2021-04-30_19h13.57.041,udkast til sockult 2,3.2.3,Win32,60,,,,,,,,,,,,,,,,,
,,,,,,,14.76499987,1,0,10,7,1,9,LKDSAR,skrald,1775,2021-04-30_19h13.57.041,udkast til sockult 2,3.2.3,Win32,60,,,,,,,,,,,,,,,,,
,,,,,,cykler,6.982000113,1,0,10,8,1,9,LKECYR,cykler,1775,2021-04-30_19h13.57.041,udkast til sockult 2,3.2.3,Win32,60,,,,,,,,,,,,,,,,,
,,,,,,papir,8.913999796,1,0,10,9,1,9,PIARP,papir,1775,2021-04-30_19h13.57.041,udkast til sockult 2,3.2.3,Win32,60,,,,,,,,,,,,,,,,,
,,,,,,,60.4289999,,,,,,,,,1775,2021-04-30_19h13.57.041,udkast til sockult 2,3.2.3,Win32,60,return,33.38800025,f,0,60.31800008,,,1,0,6,2,1,5,HMT3.png,c,,
,,,,,,,33.41100001,,,,,,,,,1775,2021-04-30_19h13.57.041,udkast til sockult 2,3.2.3,Win32,60,,,d,1,33.26800013,,,1,0,6,3,1,5,HMT5.png,d,,
,,,,,,,43.7980001,,,,,,,,,1775,2021-04-30_19h13.57.041,udkast til sockult 2,3.2.3,Win32,60,,,a,0,43.67100024,,,1,0,6,5,1,5,HMT9.png,h,,
,,,,,,,60.96200013,,,,,,,,,1775,2021-04-30_19h13.57.041,udkast til sockult 2,3.2.3,Win32,60,,,h,1,60.82300019,,,1,0,6,0,1,5,HMT1.png,h,,
,,,,,,,33.51200008,,,,,,,,,1775,2021-04-30_19h13.57.041,udkast til sockult 2,3.2.3,Win32,60,,,e,1,33.3610003,,,1,0,6,1,1,5,HMT2.png,e,,
,,,,,,,39.21300006,,,,,,,,,1775,2021-04-30_19h13.57.041,udkast til sockult 2,3.2.3,Win32,60,,,g,0,39.03700018,,,1,0,6,4,1,5,HMT7.png,h,,
,,,,,,,,,,,,,,,,1775,2021-04-30_19h13.57.041,udkast til sockult 2,3.2.3,Win32,60,,,,,,,,,,,,,,,,return,7.898000002
