key_resp.keys,key_resp.rt,key_resp_3.keys,key_resp_3.rt,key_resp_2.keys,key_resp_2.rt,anagram_answer,RT,trials.thisRepN,trials.thisTrialN,trials.thisN,trials.thisIndex,trials.ran,trials.order,anagrammer,correct,id,date,expName,psychopyVersion,OS,frameRate,IQ_enter.keys,IQ_enter.rt,IQ_response.keys,IQ_response.corr,IQ_response.rt,key_resp_6.keys,key_resp_6.rt,trials_2.thisRepN,trials_2.thisTrialN,trials_2.thisN,trials_2.thisIndex,trials_2.ran,trials_2.order,options,correctIQanswer,key_resp_7.keys,key_resp_7.rt
return,19.03100014,return,3.254000187,,,,0.000999928,1,0,10,0,1,9,REMOVE,,1119,2021-05-05_17h40.51.118,udkast til sockult 2,3.2.3,MacIntel,60,,,,,,,,,,,,,,,,,
,,,,,,,137.6760001,1,0,10,1,1,9,ANISPLEP,appelsin,1119,2021-05-05_17h40.51.118,udkast til sockult 2,3.2.3,MacIntel,60,,,,,,,,,,,,,,,,,
,,,,,,spejl,4.273000002,1,0,10,2,1,9,LSEPJ,spejl,1119,2021-05-05_17h40.51.118,udkast til sockult 2,3.2.3,MacIntel,60,,,,,,,,,,,,,,,,,
,,,,,,hest,2.383999825,1,0,10,3,1,9,STEH,hest,1119,2021-05-05_17h40.51.118,udkast til sockult 2,3.2.3,MacIntel,60,,,,,,,,,,,,,,,,,
,,,,,,,51.35699987,1,0,10,4,1,9,MKRAAE,kamera,1119,2021-05-05_17h40.51.118,udkast til sockult 2,3.2.3,MacIntel,60,,,,,,,,,,,,,,,,,
,,,,,,blomst,9.019000053,1,0,10,5,1,9,MLOBST,blomst,1119,2021-05-05_17h40.51.118,udkast til sockult 2,3.2.3,MacIntel,60,,,,,,,,,,,,,,,,,
,,,,,,ordbog,12.72100019,1,0,10,6,1,9,DBGOOR,ordbog,1119,2021-05-05_17h40.51.118,udkast til sockult 2,3.2.3,MacIntel,60,,,,,,,,,,,,,,,,,
,,,,,,skrald,3.713999987,1,0,10,7,1,9,LKDSAR,skrald,1119,2021-05-05_17h40.51.118,udkast til sockult 2,3.2.3,MacIntel,60,,,,,,,,,,,,,,,,,
,,,,,,cykler,4.051000118,1,0,10,8,1,9,LKECYR,cykler,1119,2021-05-05_17h40.51.118,udkast til sockult 2,3.2.3,MacIntel,60,,,,,,,,,,,,,,,,,
,,,,,,papir,2.266000032,1,0,10,9,1,9,PIARP,papir,1119,2021-05-05_17h40.51.118,udkast til sockult 2,3.2.3,MacIntel,60,,,,,,,,,,,,,,,,,
,,,,,,,28.12100005,,,,,,,,,1119,2021-05-05_17h40.51.118,udkast til sockult 2,3.2.3,MacIntel,60,return,14.4070003,h,1,28.03500009,,,1,0,6,5,1,5,HMT9.png,h,,
,,,,,,,79.27199984,,,,,,,,,1119,2021-05-05_17h40.51.118,udkast til sockult 2,3.2.3,MacIntel,60,,,h,1,79.19400024,,,1,0,6,4,1,5,HMT7.png,h,,
,,,,,,,12.58899999,,,,,,,,,1119,2021-05-05_17h40.51.118,udkast til sockult 2,3.2.3,MacIntel,60,,,e,1,12.51200032,,,1,0,6,1,1,5,HMT2.png,e,,
,,,,,,,21.28999996,,,,,,,,,1119,2021-05-05_17h40.51.118,udkast til sockult 2,3.2.3,MacIntel,60,,,c,1,21.21399999,,,1,0,6,2,1,5,HMT3.png,c,,
,,,,,,,39.43499994,,,,,,,,,1119,2021-05-05_17h40.51.118,udkast til sockult 2,3.2.3,MacIntel,60,,,h,1,39.36300015,,,1,0,6,0,1,5,HMT1.png,h,,
,,,,,,,24.25999999,,,,,,,,,1119,2021-05-05_17h40.51.118,udkast til sockult 2,3.2.3,MacIntel,60,,,d,1,24.1880002,,,1,0,6,3,1,5,HMT5.png,d,,
,,,,,,,,,,,,,,,,1119,2021-05-05_17h40.51.118,udkast til sockult 2,3.2.3,MacIntel,60,,,,,,,,,,,,,,,,return,8.823000193
