key_resp.keys,key_resp.rt,key_resp_3.keys,key_resp_3.rt,key_resp_2.keys,key_resp_2.rt,anagram_answer,RT,trials.thisRepN,trials.thisTrialN,trials.thisN,trials.thisIndex,trials.ran,trials.order,anagrammer,correct,id,date,expName,psychopyVersion,OS,frameRate,IQ_enter.keys,IQ_enter.rt,IQ_response.keys,IQ_response.corr,IQ_response.rt,key_resp_6.keys,key_resp_6.rt,trials_2.thisRepN,trials_2.thisTrialN,trials_2.thisN,trials_2.thisIndex,trials_2.ran,trials_2.order,options,correctIQanswer,key_resp_7.keys,key_resp_7.rt
return,20.90399981,return,5.422999859,,,,0,1,0,10,0,1,9,REMOVE,,228,2021-05-01_10h28.14.957,udkast til sockult 2,3.2.3,Win32,60,,,,,,,,,,,,,,,,,
,,,,,,,225.7639999,1,0,10,1,1,9,ANISPLEP,appelsin,228,2021-05-01_10h28.14.957,udkast til sockult 2,3.2.3,Win32,60,,,,,,,,,,,,,,,,,
,,,,,,spejl,5.927000046,1,0,10,2,1,9,LSEPJ,spejl,228,2021-05-01_10h28.14.957,udkast til sockult 2,3.2.3,Win32,60,,,,,,,,,,,,,,,,,
,,,,,,hest,4.078999996,1,0,10,3,1,9,STEH,hest,228,2021-05-01_10h28.14.957,udkast til sockult 2,3.2.3,Win32,60,,,,,,,,,,,,,,,,,
,,,,,,,59.22600007,1,0,10,4,1,9,MKRAAE,kamera,228,2021-05-01_10h28.14.957,udkast til sockult 2,3.2.3,Win32,60,,,,,,,,,,,,,,,,,
,,,,,,blomst,14.67400002,1,0,10,5,1,9,MLOBST,blomst,228,2021-05-01_10h28.14.957,udkast til sockult 2,3.2.3,Win32,60,,,,,,,,,,,,,,,,,
,,,,,,ordbog,13.55900002,1,0,10,6,1,9,DBGOOR,ordbog,228,2021-05-01_10h28.14.957,udkast til sockult 2,3.2.3,Win32,60,,,,,,,,,,,,,,,,,
,,,,,,skrald,7.625999928,1,0,10,7,1,9,LKDSAR,skrald,228,2021-05-01_10h28.14.957,udkast til sockult 2,3.2.3,Win32,60,,,,,,,,,,,,,,,,,
,,,,,,cykler,7.54399991,1,0,10,8,1,9,LKECYR,cykler,228,2021-05-01_10h28.14.957,udkast til sockult 2,3.2.3,Win32,60,,,,,,,,,,,,,,,,,
,,,,,,papir,7.260999918,1,0,10,9,1,9,PIARP,papir,228,2021-05-01_10h28.14.957,udkast til sockult 2,3.2.3,Win32,60,,,,,,,,,,,,,,,,,
,,,,,,,67.94599986,,,,,,,,,228,2021-05-01_10h28.14.957,udkast til sockult 2,3.2.3,Win32,60,return,30.86800003,a,0,67.7099998,,,1,0,6,2,1,5,HMT3.png,c,,
,,,,,,,19.42500019,,,,,,,,,228,2021-05-01_10h28.14.957,udkast til sockult 2,3.2.3,Win32,60,,,h,0,19.2019999,,,1,0,6,3,1,5,HMT5.png,d,,
,,,,,,,105.3009999,,,,,,,,,228,2021-05-01_10h28.14.957,udkast til sockult 2,3.2.3,Win32,60,,,g,0,105.0619998,,,1,0,6,4,1,5,HMT7.png,h,,
,,,,,,,59.57299995,,,,,,,,,228,2021-05-01_10h28.14.957,udkast til sockult 2,3.2.3,Win32,60,,,e,0,59.37099981,,,1,0,6,0,1,5,HMT1.png,h,,
,,,,,,,113.3040001,,,,,,,,,228,2021-05-01_10h28.14.957,udkast til sockult 2,3.2.3,Win32,60,,,h,1,113.0499997,,,1,0,6,5,1,5,HMT9.png,h,,
,,,,,,,12.4230001,,,,,,,,,228,2021-05-01_10h28.14.957,udkast til sockult 2,3.2.3,Win32,60,,,e,1,12.14199972,,,1,0,6,1,1,5,HMT2.png,e,,
,,,,,,,,,,,,,,,,228,2021-05-01_10h28.14.957,udkast til sockult 2,3.2.3,Win32,60,,,,,,,,,,,,,,,,return,4.906999826
