key_resp.keys,key_resp.rt,key_resp_3.keys,key_resp_3.rt,key_resp_2.keys,key_resp_2.rt,anagram_answer,RT,trials.thisRepN,trials.thisTrialN,trials.thisN,trials.thisIndex,trials.ran,trials.order,anagrammer,correct,id,date,expName,psychopyVersion,OS,frameRate,IQ_enter.keys,IQ_enter.rt,IQ_response.keys,IQ_response.corr,IQ_response.rt,key_resp_6.keys,key_resp_6.rt,trials_2.thisRepN,trials_2.thisTrialN,trials_2.thisN,trials_2.thisIndex,trials_2.ran,trials_2.order,options,correctIQanswer,key_resp_7.keys,key_resp_7.rt
return,26.80000019,return,3.812999964,,,,0.000999928,1,0,10,0,1,9,REMOVE,,1142,2021-04-30_19h52.39.201,udkast til sockult 2,3.2.3,Win32,60,,,,,,,,,,,,,,,,,
,,,,,,appelsin,99.90600014,1,0,10,1,1,9,ANISPLEP,appelsin,1142,2021-04-30_19h52.39.201,udkast til sockult 2,3.2.3,Win32,60,,,,,,,,,,,,,,,,,
,,,,,,spejl,11.59500003,1,0,10,2,1,9,LSEPJ,spejl,1142,2021-04-30_19h52.39.201,udkast til sockult 2,3.2.3,Win32,60,,,,,,,,,,,,,,,,,
,,,,,,hest,2.880000114,1,0,10,3,1,9,STEH,hest,1142,2021-04-30_19h52.39.201,udkast til sockult 2,3.2.3,Win32,60,,,,,,,,,,,,,,,,,
,,,,,,,95.62800002,1,0,10,4,1,9,MKRAAE,kamera,1142,2021-04-30_19h52.39.201,udkast til sockult 2,3.2.3,Win32,60,,,,,,,,,,,,,,,,,
,,,,,,blomst,9.227999926,1,0,10,5,1,9,MLOBST,blomst,1142,2021-04-30_19h52.39.201,udkast til sockult 2,3.2.3,Win32,60,,,,,,,,,,,,,,,,,
,,,,,,ordbog,16.12800002,1,0,10,6,1,9,DBGOOR,ordbog,1142,2021-04-30_19h52.39.201,udkast til sockult 2,3.2.3,Win32,60,,,,,,,,,,,,,,,,,
,,,,,,skrald,18.72600007,1,0,10,7,1,9,LKDSAR,skrald,1142,2021-04-30_19h52.39.201,udkast til sockult 2,3.2.3,Win32,60,,,,,,,,,,,,,,,,,
,,,,,,cykler,7.080000162,1,0,10,8,1,9,LKECYR,cykler,1142,2021-04-30_19h52.39.201,udkast til sockult 2,3.2.3,Win32,60,,,,,,,,,,,,,,,,,
,,,,,,papir,26.1420002,1,0,10,9,1,9,PIARP,papir,1142,2021-04-30_19h52.39.201,udkast til sockult 2,3.2.3,Win32,60,,,,,,,,,,,,,,,,,
,,,,,,,8.417000055,,,,,,,,,1142,2021-04-30_19h52.39.201,udkast til sockult 2,3.2.3,Win32,60,return,17.97800016,e,1,8.304000139,,,1,0,6,1,1,5,HMT2.png,e,,
,,,,,,,12.86100006,,,,,,,,,1142,2021-04-30_19h52.39.201,udkast til sockult 2,3.2.3,Win32,60,,,d,1,12.74500036,,,1,0,6,3,1,5,HMT5.png,d,,
,,,,,,,138.4009998,,,,,,,,,1142,2021-04-30_19h52.39.201,udkast til sockult 2,3.2.3,Win32,60,,,h,1,138.2710001,,,1,0,6,5,1,5,HMT9.png,h,,
,,,,,,,35.273,,,,,,,,,1142,2021-04-30_19h52.39.201,udkast til sockult 2,3.2.3,Win32,60,,,h,1,35.16600013,,,1,0,6,4,1,5,HMT7.png,h,,
,,,,,,,51.01999998,,,,,,,,,1142,2021-04-30_19h52.39.201,udkast til sockult 2,3.2.3,Win32,60,,,h,1,50.89900017,,,1,0,6,0,1,5,HMT1.png,h,,
,,,,,,,25.1099999,,,,,,,,,1142,2021-04-30_19h52.39.201,udkast til sockult 2,3.2.3,Win32,60,,,c,1,24.97400022,,,1,0,6,2,1,5,HMT3.png,c,,
,,,,,,,,,,,,,,,,1142,2021-04-30_19h52.39.201,udkast til sockult 2,3.2.3,Win32,60,,,,,,,,,,,,,,,,return,8.437000036
