key_resp.keys,key_resp.rt,key_resp_3.keys,key_resp_3.rt,key_resp_2.keys,key_resp_2.rt,anagram_answer,RT,trials.thisRepN,trials.thisTrialN,trials.thisN,trials.thisIndex,trials.ran,trials.order,anagrammer,correct,id,date,expName,psychopyVersion,OS,frameRate,IQ_enter.keys,IQ_enter.rt,IQ_response.keys,IQ_response.corr,IQ_response.rt,key_resp_6.keys,key_resp_6.rt,trials_2.thisRepN,trials_2.thisTrialN,trials_2.thisN,trials_2.thisIndex,trials_2.ran,trials_2.order,options,correctIQanswer,key_resp_7.keys,key_resp_7.rt
return,37.19599986,return,3.61500001,,,,0,1,0,10,0,1,9,REMOVE,,144,2021-05-03_17h39.26.205,udkast til sockult 2,3.2.3,MacIntel,60,,,,,,,,,,,,,,,,,
,,,,,,appelsin,68.49699998,1,0,10,1,1,9,ANISPLEP,appelsin,144,2021-05-03_17h39.26.205,udkast til sockult 2,3.2.3,MacIntel,60,,,,,,,,,,,,,,,,,
,,,,,,spejl,8.644000053,1,0,10,2,1,9,LSEPJ,spejl,144,2021-05-03_17h39.26.205,udkast til sockult 2,3.2.3,MacIntel,60,,,,,,,,,,,,,,,,,
,,,,,,hest,3.43900013,1,0,10,3,1,9,STEH,hest,144,2021-05-03_17h39.26.205,udkast til sockult 2,3.2.3,MacIntel,60,,,,,,,,,,,,,,,,,
,,,,,,kamera,18.65799999,1,0,10,4,1,9,MKRAAE,kamera,144,2021-05-03_17h39.26.205,udkast til sockult 2,3.2.3,MacIntel,60,,,,,,,,,,,,,,,,,
,,,,,,blomst,3.678999901,1,0,10,5,1,9,MLOBST,blomst,144,2021-05-03_17h39.26.205,udkast til sockult 2,3.2.3,MacIntel,60,,,,,,,,,,,,,,,,,
,,,,,,ordbog,20.60399985,1,0,10,6,1,9,DBGOOR,ordbog,144,2021-05-03_17h39.26.205,udkast til sockult 2,3.2.3,MacIntel,60,,,,,,,,,,,,,,,,,
,,,,,,skrald,45.22900009,1,0,10,7,1,9,LKDSAR,skrald,144,2021-05-03_17h39.26.205,udkast til sockult 2,3.2.3,MacIntel,60,,,,,,,,,,,,,,,,,
,,,,,,cykler,15.32299995,1,0,10,8,1,9,LKECYR,cykler,144,2021-05-03_17h39.26.205,udkast til sockult 2,3.2.3,MacIntel,60,,,,,,,,,,,,,,,,,
,,,,,,papir,3.496000051,1,0,10,9,1,9,PIARP,papir,144,2021-05-03_17h39.26.205,udkast til sockult 2,3.2.3,MacIntel,60,,,,,,,,,,,,,,,,,
,,,,,,,97.85000014,,,,,,,,,144,2021-05-03_17h39.26.205,udkast til sockult 2,3.2.3,MacIntel,60,return,17.14999986,h,1,97.78500009,,,1,0,6,5,1,5,HMT9.png,h,,
,,,,,,,31.10599995,,,,,,,,,144,2021-05-03_17h39.26.205,udkast til sockult 2,3.2.3,MacIntel,60,,,h,1,30.99499989,,,1,0,6,0,1,5,HMT1.png,h,,
,,,,,,,22.85599995,,,,,,,,,144,2021-05-03_17h39.26.205,udkast til sockult 2,3.2.3,MacIntel,60,,,c,1,22.7809999,,,1,0,6,2,1,5,HMT3.png,c,,
,,,,,,,33.94799995,,,,,,,,,144,2021-05-03_17h39.26.205,udkast til sockult 2,3.2.3,MacIntel,60,,,d,1,33.83599997,,,1,0,6,3,1,5,HMT5.png,d,,
,,,,,,,29.60800004,,,,,,,,,144,2021-05-03_17h39.26.205,udkast til sockult 2,3.2.3,MacIntel,60,,,h,1,29.35199976,,,1,0,6,4,1,5,HMT7.png,h,,
,,,,,,,11.49799991,,,,,,,,,144,2021-05-03_17h39.26.205,udkast til sockult 2,3.2.3,MacIntel,60,,,e,1,11.34800005,,,1,0,6,1,1,5,HMT2.png,e,,
,,,,,,,,,,,,,,,,144,2021-05-03_17h39.26.205,udkast til sockult 2,3.2.3,MacIntel,60,,,,,,,,,,,,,,,,return,12.125
