key_resp.keys,key_resp.rt,key_resp_3.keys,key_resp_3.rt,key_resp_2.keys,key_resp_2.rt,anagram_answer,RT,trials.thisRepN,trials.thisTrialN,trials.thisN,trials.thisIndex,trials.ran,trials.order,anagrammer,correct,id,date,expName,psychopyVersion,OS,frameRate,IQ_enter.keys,IQ_enter.rt,IQ_response.keys,IQ_response.corr,IQ_response.rt,key_resp_6.keys,key_resp_6.rt,trials_2.thisRepN,trials_2.thisTrialN,trials_2.thisN,trials_2.thisIndex,trials_2.ran,trials_2.order,options,correctIQanswer,key_resp_7.keys,key_resp_7.rt
return,14.398,return,2.036000252,,,,0,1,0,10,0,1,9,REMOVE,,1674,2021-05-02_19h14.30.970,udkast til sockult 2,3.2.3,MacIntel,60,,,,,,,,,,,,,,,,,
,,,,,,,139.5740001,1,0,10,1,1,9,ANISPLEP,appelsin,1674,2021-05-02_19h14.30.970,udkast til sockult 2,3.2.3,MacIntel,60,,,,,,,,,,,,,,,,,
,,,,,,spejl,23.11199999,1,0,10,2,1,9,LSEPJ,spejl,1674,2021-05-02_19h14.30.970,udkast til sockult 2,3.2.3,MacIntel,60,,,,,,,,,,,,,,,,,
,,,,,,hest,3.125,1,0,10,3,1,9,STEH,hest,1674,2021-05-02_19h14.30.970,udkast til sockult 2,3.2.3,MacIntel,60,,,,,,,,,,,,,,,,,
,,,,,,,80.98500013,1,0,10,4,1,9,MKRAAE,kamera,1674,2021-05-02_19h14.30.970,udkast til sockult 2,3.2.3,MacIntel,60,,,,,,,,,,,,,,,,,
,,,,,,blomst,8.288999796,1,0,10,5,1,9,MLOBST,blomst,1674,2021-05-02_19h14.30.970,udkast til sockult 2,3.2.3,MacIntel,60,,,,,,,,,,,,,,,,,
,,,,,,ordbog,13.40199995,1,0,10,6,1,9,DBGOOR,ordbog,1674,2021-05-02_19h14.30.970,udkast til sockult 2,3.2.3,MacIntel,60,,,,,,,,,,,,,,,,,
,,,,,,skrald,27.95700002,1,0,10,7,1,9,LKDSAR,skrald,1674,2021-05-02_19h14.30.970,udkast til sockult 2,3.2.3,MacIntel,60,,,,,,,,,,,,,,,,,
,,,,,,cykler,6.835999966,1,0,10,8,1,9,LKECYR,cykler,1674,2021-05-02_19h14.30.970,udkast til sockult 2,3.2.3,MacIntel,60,,,,,,,,,,,,,,,,,
,,,,,,papir,5.046000004,1,0,10,9,1,9,PIARP,papir,1674,2021-05-02_19h14.30.970,udkast til sockult 2,3.2.3,MacIntel,60,,,,,,,,,,,,,,,,,
,,,,,,,37.70900011,,,,,,,,,1674,2021-05-02_19h14.30.970,udkast til sockult 2,3.2.3,MacIntel,60,return,7.179000139,e,1,37.65600014,,,1,0,6,1,1,5,HMT2.png,e,,
,,,,,,,33.63899994,,,,,,,,,1674,2021-05-02_19h14.30.970,udkast til sockult 2,3.2.3,MacIntel,60,,,c,1,33.60200024,,,1,0,6,2,1,5,HMT3.png,c,,
,,,,,,,37.90100002,,,,,,,,,1674,2021-05-02_19h14.30.970,udkast til sockult 2,3.2.3,MacIntel,60,,,,0,,return,37.86500025,1,0,6,5,1,5,HMT9.png,h,,
,,,,,,,23.23000002,,,,,,,,,1674,2021-05-02_19h14.30.970,udkast til sockult 2,3.2.3,MacIntel,60,,,,0,,return,23.19100022,1,0,6,4,1,5,HMT7.png,h,,
,,,,,,,59.25900006,,,,,,,,,1674,2021-05-02_19h14.30.970,udkast til sockult 2,3.2.3,MacIntel,60,,,h,1,59.22399998,,,1,0,6,0,1,5,HMT1.png,h,,
,,,,,,,32.33599997,,,,,,,,,1674,2021-05-02_19h14.30.970,udkast til sockult 2,3.2.3,MacIntel,60,,,f,0,32.29800034,,,1,0,6,3,1,5,HMT5.png,d,,
,,,,,,,,,,,,,,,,1674,2021-05-02_19h14.30.970,udkast til sockult 2,3.2.3,MacIntel,60,,,,,,,,,,,,,,,,return,2.298000097
