key_resp.keys,key_resp.rt,key_resp_3.keys,key_resp_3.rt,key_resp_2.keys,key_resp_2.rt,anagram_answer,RT,trials.thisRepN,trials.thisTrialN,trials.thisN,trials.thisIndex,trials.ran,trials.order,anagrammer,correct,id,date,expName,psychopyVersion,OS,frameRate,IQ_enter.keys,IQ_enter.rt,IQ_response.keys,IQ_response.corr,IQ_response.rt,key_resp_6.keys,key_resp_6.rt,trials_2.thisRepN,trials_2.thisTrialN,trials_2.thisN,trials_2.thisIndex,trials_2.ran,trials_2.order,options,correctIQanswer,key_resp_7.keys,key_resp_7.rt
return,25.47899985,return,4.843999863,,,,0,1,0,10,0,1,9,REMOVE,,1247,2021-05-03_20h57.04.420,udkast til sockult 2,3.2.3,Win32,60,,,,,,,,,,,,,,,,,
,,,,,,,57.37299991,1,0,10,1,1,9,ANISPLEP,appelsin,1247,2021-05-03_20h57.04.420,udkast til sockult 2,3.2.3,Win32,60,,,,,,,,,,,,,,,,,
,,,,,,,74.59800005,1,0,10,2,1,9,LSEPJ,spejl,1247,2021-05-03_20h57.04.420,udkast til sockult 2,3.2.3,Win32,60,,,,,,,,,,,,,,,,,
,,,,,,hest,6.683000088,1,0,10,3,1,9,STEH,hest,1247,2021-05-03_20h57.04.420,udkast til sockult 2,3.2.3,Win32,60,,,,,,,,,,,,,,,,,
,,,,,,,42.49799991,1,0,10,4,1,9,MKRAAE,kamera,1247,2021-05-03_20h57.04.420,udkast til sockult 2,3.2.3,Win32,60,,,,,,,,,,,,,,,,,
,,,,,,blomst,25.93099999,1,0,10,5,1,9,MLOBST,blomst,1247,2021-05-03_20h57.04.420,udkast til sockult 2,3.2.3,Win32,60,,,,,,,,,,,,,,,,,
,,,,,,bogrod,41.58200002,1,0,10,6,1,9,DBGOOR,ordbog,1247,2021-05-03_20h57.04.420,udkast til sockult 2,3.2.3,Win32,60,,,,,,,,,,,,,,,,,
,,,,,,lakrids,16.59800005,1,0,10,7,1,9,LKDSAR,skrald,1247,2021-05-03_20h57.04.420,udkast til sockult 2,3.2.3,Win32,60,,,,,,,,,,,,,,,,,
,,,,,,,24.43099999,1,0,10,8,1,9,LKECYR,cykler,1247,2021-05-03_20h57.04.420,udkast til sockult 2,3.2.3,Win32,60,,,,,,,,,,,,,,,,,
,,,,,,,48.58300018,1,0,10,9,1,9,PIARP,papir,1247,2021-05-03_20h57.04.420,udkast til sockult 2,3.2.3,Win32,60,,,,,,,,,,,,,,,,,
,,,,,,,133.7540002,,,,,,,,,1247,2021-05-03_20h57.04.420,udkast til sockult 2,3.2.3,Win32,60,return,20.26999998,h,1,133.701,,,1,0,6,4,1,5,HMT7.png,h,,
,,,,,,,28.38100004,,,,,,,,,1247,2021-05-03_20h57.04.420,udkast til sockult 2,3.2.3,Win32,60,,,d,1,28.31299996,,,1,0,6,3,1,5,HMT5.png,d,,
,,,,,,,95.56299996,,,,,,,,,1247,2021-05-03_20h57.04.420,udkast til sockult 2,3.2.3,Win32,60,,,c,1,95.48099995,,,1,0,6,2,1,5,HMT3.png,c,,
,,,,,,,7.262000084,,,,,,,,,1247,2021-05-03_20h57.04.420,udkast til sockult 2,3.2.3,Win32,60,,,,0,,return,7.156000137,1,0,6,5,1,5,HMT9.png,h,,
,,,,,,,11.11599994,,,,,,,,,1247,2021-05-03_20h57.04.420,udkast til sockult 2,3.2.3,Win32,60,,,,0,,return,11.06099987,1,0,6,0,1,5,HMT1.png,h,,
,,,,,,,2.115999937,,,,,,,,,1247,2021-05-03_20h57.04.420,udkast til sockult 2,3.2.3,Win32,60,,,,0,,return,2.059000015,1,0,6,1,1,5,HMT2.png,e,,
,,,,,,,,,,,,,,,,1247,2021-05-03_20h57.04.420,udkast til sockult 2,3.2.3,Win32,60,,,,,,,,,,,,,,,,return,2.595999956
