key_resp.keys,key_resp.rt,key_resp_3.keys,key_resp_3.rt,key_resp_2.keys,key_resp_2.rt,anagram_answer,RT,trials.thisRepN,trials.thisTrialN,trials.thisN,trials.thisIndex,trials.ran,trials.order,anagrammer,correct,id,date,expName,psychopyVersion,OS,frameRate,IQ_enter.keys,IQ_enter.rt,IQ_response.keys,IQ_response.corr,IQ_response.rt,key_resp_6.keys,key_resp_6.rt,trials_2.thisRepN,trials_2.thisTrialN,trials_2.thisN,trials_2.thisIndex,trials_2.ran,trials_2.order,options,correctIQanswer,key_resp_7.keys,key_resp_7.rt
return,21.20000005,return,3.39199996,,,,0,1,0,10,0,1,9,REMOVE,,1128,2021-04-29_22h19.24.422,udkast til sockult 2,3.2.3,MacIntel,60,,,,,,,,,,,,,,,,,
,,,,,,slap penis,73.71799994,1,0,10,1,1,9,ANISPLEP,appelsin,1128,2021-04-29_22h19.24.422,udkast til sockult 2,3.2.3,MacIntel,60,,,,,,,,,,,,,,,,,
,,,,,,spejl,6.667999983,1,0,10,2,1,9,LSEPJ,spejl,1128,2021-04-29_22h19.24.422,udkast til sockult 2,3.2.3,MacIntel,60,,,,,,,,,,,,,,,,,
,,,,,,hest,4.5,1,0,10,3,1,9,STEH,hest,1128,2021-04-29_22h19.24.422,udkast til sockult 2,3.2.3,MacIntel,60,,,,,,,,,,,,,,,,,
,,,,,,markea,177.7490001,1,0,10,4,1,9,MKRAAE,kamera,1128,2021-04-29_22h19.24.422,udkast til sockult 2,3.2.3,MacIntel,60,,,,,,,,,,,,,,,,,
,,,,,,blomst,22.93400002,1,0,10,5,1,9,MLOBST,blomst,1128,2021-04-29_22h19.24.422,udkast til sockult 2,3.2.3,MacIntel,60,,,,,,,,,,,,,,,,,
,,,,,,brodog,135.2969999,1,0,10,6,1,9,DBGOOR,ordbog,1128,2021-04-29_22h19.24.422,udkast til sockult 2,3.2.3,MacIntel,60,,,,,,,,,,,,,,,,,
,,,,,,dralsk,102.7590001,1,0,10,7,1,9,LKDSAR,skrald,1128,2021-04-29_22h19.24.422,udkast til sockult 2,3.2.3,MacIntel,60,,,,,,,,,,,,,,,,,
,,,,,,cykler ,20.11800003,1,0,10,8,1,9,LKECYR,cykler,1128,2021-04-29_22h19.24.422,udkast til sockult 2,3.2.3,MacIntel,60,,,,,,,,,,,,,,,,,
,,,,,,parip ,37.26999998,1,0,10,9,1,9,PIARP,papir,1128,2021-04-29_22h19.24.422,udkast til sockult 2,3.2.3,MacIntel,60,,,,,,,,,,,,,,,,,
,,,,,,,106.4119999,,,,,,,,,1128,2021-04-29_22h19.24.422,udkast til sockult 2,3.2.3,MacIntel,60,return,19.62899995,d,1,106.358,,,1,0,6,3,1,5,HMT5.png,d,,
,,,,,,,31.03600001,,,,,,,,,1128,2021-04-29_22h19.24.422,udkast til sockult 2,3.2.3,MacIntel,60,,,c,1,31.00199986,,,1,0,6,2,1,5,HMT3.png,c,,
,,,,,,,21.41799998,,,,,,,,,1128,2021-04-29_22h19.24.422,udkast til sockult 2,3.2.3,MacIntel,60,,,e,1,21.37099981,,,1,0,6,1,1,5,HMT2.png,e,,
,,,,,,,323.1140001,,,,,,,,,1128,2021-04-29_22h19.24.422,udkast til sockult 2,3.2.3,MacIntel,60,,,h,1,323.075,,,1,0,6,5,1,5,HMT9.png,h,,
,,,,,,,33.72000003,,,,,,,,,1128,2021-04-29_22h19.24.422,udkast til sockult 2,3.2.3,MacIntel,60,,,h,1,33.68599987,,,1,0,6,0,1,5,HMT1.png,h,,
,,,,,,,53.921,,,,,,,,,1128,2021-04-29_22h19.24.422,udkast til sockult 2,3.2.3,MacIntel,60,,,h,1,53.87800002,,,1,0,6,4,1,5,HMT7.png,h,,
,,,,,,,,,,,,,,,,1128,2021-04-29_22h19.24.422,udkast til sockult 2,3.2.3,MacIntel,60,,,,,,,,,,,,,,,,return,5.508000135
