key_resp.keys,key_resp.rt,key_resp_3.keys,key_resp_3.rt,key_resp_2.keys,key_resp_2.rt,anagram_answer,RT,trials.thisRepN,trials.thisTrialN,trials.thisN,trials.thisIndex,trials.ran,trials.order,anagrammer,correct,id,date,expName,psychopyVersion,OS,frameRate,IQ_enter.keys,IQ_enter.rt,IQ_response.keys,IQ_response.corr,IQ_response.rt,key_resp_6.keys,key_resp_6.rt,trials_2.thisRepN,trials_2.thisTrialN,trials_2.thisN,trials_2.thisIndex,trials_2.ran,trials_2.order,options,correctIQanswer,key_resp_7.keys,key_resp_7.rt
return,22.7840004,return,6.424000263,,,,0,1,0,10,0,1,9,REMOVE,,1263,2021-04-29_20h11.27.358,udkast til sockult 2,3.2.3,Linux x86_64,60,,,,,,,,,,,,,,,,,
,,,,,,appelsin,12.40999985,1,0,10,1,1,9,ANISPLEP,appelsin,1263,2021-04-29_20h11.27.358,udkast til sockult 2,3.2.3,Linux x86_64,60,,,,,,,,,,,,,,,,,
,,,,,,spejl,11.04900002,1,0,10,2,1,9,LSEPJ,spejl,1263,2021-04-29_20h11.27.358,udkast til sockult 2,3.2.3,Linux x86_64,60,,,,,,,,,,,,,,,,,
,,,,,,hest,2.666000128,1,0,10,3,1,9,STEH,hest,1263,2021-04-29_20h11.27.358,udkast til sockult 2,3.2.3,Linux x86_64,60,,,,,,,,,,,,,,,,,
,,,,,,,85.954,1,0,10,4,1,9,MKRAAE,kamera,1263,2021-04-29_20h11.27.358,udkast til sockult 2,3.2.3,Linux x86_64,60,,,,,,,,,,,,,,,,,
,,,,,,blomst,6.431999922,1,0,10,5,1,9,MLOBST,blomst,1263,2021-04-29_20h11.27.358,udkast til sockult 2,3.2.3,Linux x86_64,60,,,,,,,,,,,,,,,,,
,,,,,,ordbog,31.38399982,1,0,10,6,1,9,DBGOOR,ordbog,1263,2021-04-29_20h11.27.358,udkast til sockult 2,3.2.3,Linux x86_64,60,,,,,,,,,,,,,,,,,
,,,,,,skrald,9.982999802,1,0,10,7,1,9,LKDSAR,skrald,1263,2021-04-29_20h11.27.358,udkast til sockult 2,3.2.3,Linux x86_64,60,,,,,,,,,,,,,,,,,
,,,,,,cykler,4.997999907,1,0,10,8,1,9,LKECYR,cykler,1263,2021-04-29_20h11.27.358,udkast til sockult 2,3.2.3,Linux x86_64,60,,,,,,,,,,,,,,,,,
,,,,,,papir,2.732000113,1,0,10,9,1,9,PIARP,papir,1263,2021-04-29_20h11.27.358,udkast til sockult 2,3.2.3,Linux x86_64,60,,,,,,,,,,,,,,,,,
,,,,,,,0.165999889,,,,,,,,,1263,2021-04-29_20h11.27.358,udkast til sockult 2,3.2.3,Linux x86_64,60,return,16.8150003,,0,,return,0.002000093,1,0,6,4,1,5,HMT7.png,h,,
,,,,,,,27.17299986,,,,,,,,,1263,2021-04-29_20h11.27.358,udkast til sockult 2,3.2.3,Linux x86_64,60,,,,0,,return,27.02900028,1,0,6,3,1,5,HMT5.png,d,,
,,,,,,,14.16499996,,,,,,,,,1263,2021-04-29_20h11.27.358,udkast til sockult 2,3.2.3,Linux x86_64,60,,,,0,,return,14.02100015,1,0,6,5,1,5,HMT9.png,h,,
,,,,,,,15.91599989,,,,,,,,,1263,2021-04-29_20h11.27.358,udkast til sockult 2,3.2.3,Linux x86_64,60,,,b,0,15.7670002,,,1,0,6,1,1,5,HMT2.png,e,,
,,,,,,,4.098999977,,,,,,,,,1263,2021-04-29_20h11.27.358,udkast til sockult 2,3.2.3,Linux x86_64,60,,,,0,,return,3.969000101,1,0,6,2,1,5,HMT3.png,c,,
,,,,,,,10.88199997,,,,,,,,,1263,2021-04-29_20h11.27.358,udkast til sockult 2,3.2.3,Linux x86_64,60,,,h,1,10.73200011,,,1,0,6,0,1,5,HMT1.png,h,,
,,,,,,,,,,,,,,,,1263,2021-04-29_20h11.27.358,udkast til sockult 2,3.2.3,Linux x86_64,60,,,,,,,,,,,,,,,,return,5.071000099
