key_resp.keys,key_resp.rt,key_resp_3.keys,key_resp_3.rt,key_resp_2.keys,key_resp_2.rt,anagram_answer,RT,trials.thisRepN,trials.thisTrialN,trials.thisN,trials.thisIndex,trials.ran,trials.order,anagrammer,correct,id,date,expName,psychopyVersion,OS,frameRate,IQ_enter.keys,IQ_enter.rt,IQ_response.keys,IQ_response.corr,IQ_response.rt,key_resp_6.keys,key_resp_6.rt,trials_2.thisRepN,trials_2.thisTrialN,trials_2.thisN,trials_2.thisIndex,trials_2.ran,trials_2.order,options,correctIQanswer,key_resp_7.keys,key_resp_7.rt
return,30.47600007,return,4.306000233,,,,0,1,0,10,0,1,9,REMOVE,,1445,2021-05-04_18h15.00.982,udkast til sockult 2,3.2.3,MacIntel,60,,,,,,,,,,,,,,,,,
,,,,,,,88.35700011,1,0,10,1,1,9,ANISPLEP,appelsin,1445,2021-05-04_18h15.00.982,udkast til sockult 2,3.2.3,MacIntel,60,,,,,,,,,,,,,,,,,
,,,,,,spejl,8.249000072,1,0,10,2,1,9,LSEPJ,spejl,1445,2021-05-04_18h15.00.982,udkast til sockult 2,3.2.3,MacIntel,60,,,,,,,,,,,,,,,,,
,,,,,,hest,3.431999922,1,0,10,3,1,9,STEH,hest,1445,2021-05-04_18h15.00.982,udkast til sockult 2,3.2.3,MacIntel,60,,,,,,,,,,,,,,,,,
,,,,,,kamera,8.832999945,1,0,10,4,1,9,MKRAAE,kamera,1445,2021-05-04_18h15.00.982,udkast til sockult 2,3.2.3,MacIntel,60,,,,,,,,,,,,,,,,,
,,,,,,blomst,6.315999985,1,0,10,5,1,9,MLOBST,blomst,1445,2021-05-04_18h15.00.982,udkast til sockult 2,3.2.3,MacIntel,60,,,,,,,,,,,,,,,,,
,,,,,,ordbog,11.98200011,1,0,10,6,1,9,DBGOOR,ordbog,1445,2021-05-04_18h15.00.982,udkast til sockult 2,3.2.3,MacIntel,60,,,,,,,,,,,,,,,,,
,,,,,,skrald,13.91700006,1,0,10,7,1,9,LKDSAR,skrald,1445,2021-05-04_18h15.00.982,udkast til sockult 2,3.2.3,MacIntel,60,,,,,,,,,,,,,,,,,
,,,,,,cykler,4.915999889,1,0,10,8,1,9,LKECYR,cykler,1445,2021-05-04_18h15.00.982,udkast til sockult 2,3.2.3,MacIntel,60,,,,,,,,,,,,,,,,,
,,,,,,papir,2.166000128,1,0,10,9,1,9,PIARP,papir,1445,2021-05-04_18h15.00.982,udkast til sockult 2,3.2.3,MacIntel,60,,,,,,,,,,,,,,,,,
,,,,,,,76.07800007,,,,,,,,,1445,2021-05-04_18h15.00.982,udkast til sockult 2,3.2.3,MacIntel,60,return,24.61600018,h,1,76.04400015,,,1,0,6,5,1,5,HMT9.png,h,,
,,,,,,,36.64400005,,,,,,,,,1445,2021-05-04_18h15.00.982,udkast til sockult 2,3.2.3,MacIntel,60,,,h,1,36.61600018,,,1,0,6,4,1,5,HMT7.png,h,,
,,,,,,,43.96600008,,,,,,,,,1445,2021-05-04_18h15.00.982,udkast til sockult 2,3.2.3,MacIntel,60,,,h,0,43.9380002,,,1,0,6,3,1,5,HMT5.png,d,,
,,,,,,,15.83299994,,,,,,,,,1445,2021-05-04_18h15.00.982,udkast til sockult 2,3.2.3,MacIntel,60,,,e,1,15.80200005,,,1,0,6,1,1,5,HMT2.png,e,,
,,,,,,,23.86600018,,,,,,,,,1445,2021-05-04_18h15.00.982,udkast til sockult 2,3.2.3,MacIntel,60,,,c,1,23.83400011,,,1,0,6,2,1,5,HMT3.png,c,,
,,,,,,,11.71600008,,,,,,,,,1445,2021-05-04_18h15.00.982,udkast til sockult 2,3.2.3,MacIntel,60,,,h,1,11.69400001,,,1,0,6,0,1,5,HMT1.png,h,,
,,,,,,,,,,,,,,,,1445,2021-05-04_18h15.00.982,udkast til sockult 2,3.2.3,MacIntel,60,,,,,,,,,,,,,,,,return,6.874000311
