key_resp.keys,key_resp.rt,key_resp_3.keys,key_resp_3.rt,key_resp_2.keys,key_resp_2.rt,anagram_answer,RT,trials.thisRepN,trials.thisTrialN,trials.thisN,trials.thisIndex,trials.ran,trials.order,anagrammer,correct,id,date,expName,psychopyVersion,OS,frameRate,IQ_enter.keys,IQ_enter.rt,IQ_response.keys,IQ_response.corr,IQ_response.rt,key_resp_6.keys,key_resp_6.rt,trials_2.thisRepN,trials_2.thisTrialN,trials_2.thisN,trials_2.thisIndex,trials_2.ran,trials_2.order,options,correctIQanswer,key_resp_7.keys,key_resp_7.rt
return,25.50999975,return,4.121999979,,,,0,1,0,10,0,1,9,REMOVE,,520,2021-05-06_21h17.50.488,udkast til sockult 2,3.2.3,Win32,60,,,,,,,,,,,,,,,,,
,,,,,,appelsin,5.368000031,1,0,10,1,1,9,ANISPLEP,appelsin,520,2021-05-06_21h17.50.488,udkast til sockult 2,3.2.3,Win32,60,,,,,,,,,,,,,,,,,
,,,,,,,11.31299996,1,0,10,2,1,9,LSEPJ,spejl,520,2021-05-06_21h17.50.488,udkast til sockult 2,3.2.3,Win32,60,,,,,,,,,,,,,,,,,
,,,,,,hest,2.864000082,1,0,10,3,1,9,STEH,hest,520,2021-05-06_21h17.50.488,udkast til sockult 2,3.2.3,Win32,60,,,,,,,,,,,,,,,,,
,,,,,,,36.93000007,1,0,10,4,1,9,MKRAAE,kamera,520,2021-05-06_21h17.50.488,udkast til sockult 2,3.2.3,Win32,60,,,,,,,,,,,,,,,,,
,,,,,,blomst,17.56200004,1,0,10,5,1,9,MLOBST,blomst,520,2021-05-06_21h17.50.488,udkast til sockult 2,3.2.3,Win32,60,,,,,,,,,,,,,,,,,
,,,,,,,40.26099992,1,0,10,6,1,9,DBGOOR,ordbog,520,2021-05-06_21h17.50.488,udkast til sockult 2,3.2.3,Win32,60,,,,,,,,,,,,,,,,,
,,,,,,lakrids,5.046999931,1,0,10,7,1,9,LKDSAR,skrald,520,2021-05-06_21h17.50.488,udkast til sockult 2,3.2.3,Win32,60,,,,,,,,,,,,,,,,,
,,,,,,cykler,9.813999891,1,0,10,8,1,9,LKECYR,cykler,520,2021-05-06_21h17.50.488,udkast til sockult 2,3.2.3,Win32,60,,,,,,,,,,,,,,,,,
,,,,,,papir,3.197000027,1,0,10,9,1,9,PIARP,papir,520,2021-05-06_21h17.50.488,udkast til sockult 2,3.2.3,Win32,60,,,,,,,,,,,,,,,,,
,,,,,,,61.63400006,,,,,,,,,520,2021-05-06_21h17.50.488,udkast til sockult 2,3.2.3,Win32,60,return,20.82599974,d,0,61.54799986,,,1,0,6,4,1,5,HMT7.png,h,,
,,,,,,,61.50099993,,,,,,,,,520,2021-05-06_21h17.50.488,udkast til sockult 2,3.2.3,Win32,60,,,,0,,return,61.40899992,1,0,6,5,1,5,HMT9.png,h,,
,,,,,,,66.07599998,,,,,,,,,520,2021-05-06_21h17.50.488,udkast til sockult 2,3.2.3,Win32,60,,,d,1,65.99799991,,,1,0,6,3,1,5,HMT5.png,d,,
,,,,,,,18.37800002,,,,,,,,,520,2021-05-06_21h17.50.488,udkast til sockult 2,3.2.3,Win32,60,,,e,1,18.30099988,,,1,0,6,1,1,5,HMT2.png,e,,
,,,,,,,66.28800011,,,,,,,,,520,2021-05-06_21h17.50.488,udkast til sockult 2,3.2.3,Win32,60,,,h,1,66.20499992,,,1,0,6,0,1,5,HMT1.png,h,,
,,,,,,,37.87800002,,,,,,,,,520,2021-05-06_21h17.50.488,udkast til sockult 2,3.2.3,Win32,60,,,c,1,37.80299997,,,1,0,6,2,1,5,HMT3.png,c,,
,,,,,,,,,,,,,,,,520,2021-05-06_21h17.50.488,udkast til sockult 2,3.2.3,Win32,60,,,,,,,,,,,,,,,,return,13.83899999
