key_resp.keys,key_resp.rt,key_resp_3.keys,key_resp_3.rt,key_resp_2.keys,key_resp_2.rt,anagram_answer,RT,trials.thisRepN,trials.thisTrialN,trials.thisN,trials.thisIndex,trials.ran,trials.order,anagrammer,correct,id,date,expName,psychopyVersion,OS,frameRate,IQ_enter.keys,IQ_enter.rt,IQ_response.keys,IQ_response.corr,IQ_response.rt,key_resp_6.keys,key_resp_6.rt,trials_2.thisRepN,trials_2.thisTrialN,trials_2.thisN,trials_2.thisIndex,trials_2.ran,trials_2.order,options,correctIQanswer,key_resp_7.keys,key_resp_7.rt
return,23.39299989,return,23.25199986,,,,0,1,0,10,0,1,9,REMOVE,,103,2021-05-06_21h01.36.085,udkast til sockult 2,3.2.3,Win32,60,,,,,,,,,,,,,,,,,
,,,,,,sanipple,237.493,1,0,10,1,1,9,ANISPLEP,appelsin,103,2021-05-06_21h01.36.085,udkast til sockult 2,3.2.3,Win32,60,,,,,,,,,,,,,,,,,
,,,,,,sjelp,94.81200004,1,0,10,2,1,9,LSEPJ,spejl,103,2021-05-06_21h01.36.085,udkast til sockult 2,3.2.3,Win32,60,,,,,,,,,,,,,,,,,
,,,,,,hest,14.04799986,1,0,10,3,1,9,STEH,hest,103,2021-05-06_21h01.36.085,udkast til sockult 2,3.2.3,Win32,60,,,,,,,,,,,,,,,,,
,,,,,,kamera,39.15499997,1,0,10,4,1,9,MKRAAE,kamera,103,2021-05-06_21h01.36.085,udkast til sockult 2,3.2.3,Win32,60,,,,,,,,,,,,,,,,,
,,,,,,blomst,48.41700006,1,0,10,5,1,9,MLOBST,blomst,103,2021-05-06_21h01.36.085,udkast til sockult 2,3.2.3,Win32,60,,,,,,,,,,,,,,,,,
,,,,,,ordbog,21.55999994,1,0,10,6,1,9,DBGOOR,ordbog,103,2021-05-06_21h01.36.085,udkast til sockult 2,3.2.3,Win32,60,,,,,,,,,,,,,,,,,
,,,,,,skrald,34.62800002,1,0,10,7,1,9,LKDSAR,skrald,103,2021-05-06_21h01.36.085,udkast til sockult 2,3.2.3,Win32,60,,,,,,,,,,,,,,,,,
,,,,,,cykler,8.850000143,1,0,10,8,1,9,LKECYR,cykler,103,2021-05-06_21h01.36.085,udkast til sockult 2,3.2.3,Win32,60,,,,,,,,,,,,,,,,,
,,,,,,papir,12.17600012,1,0,10,9,1,9,PIARP,papir,103,2021-05-06_21h01.36.085,udkast til sockult 2,3.2.3,Win32,60,,,,,,,,,,,,,,,,,
,,,,,,,50.75899982,,,,,,,,,103,2021-05-06_21h01.36.085,udkast til sockult 2,3.2.3,Win32,60,return,25.5769999,a,0,50.56599998,,,1,0,6,1,1,5,HMT2.png,e,,
,,,,,,,96.40600014,,,,,,,,,103,2021-05-06_21h01.36.085,udkast til sockult 2,3.2.3,Win32,60,,,h,1,96.22299981,,,1,0,6,4,1,5,HMT7.png,h,,
,,,,,,,27.16199994,,,,,,,,,103,2021-05-06_21h01.36.085,udkast til sockult 2,3.2.3,Win32,60,,,e,0,26.99299979,,,1,0,6,2,1,5,HMT3.png,c,,
,,,,,,,7.767999887,,,,,,,,,103,2021-05-06_21h01.36.085,udkast til sockult 2,3.2.3,Win32,60,,,h,1,7.605000019,,,1,0,6,5,1,5,HMT9.png,h,,
,,,,,,,34.09599996,,,,,,,,,103,2021-05-06_21h01.36.085,udkast til sockult 2,3.2.3,Win32,60,,,d,1,33.95299983,,,1,0,6,3,1,5,HMT5.png,d,,
,,,,,,,111.7969999,,,,,,,,,103,2021-05-06_21h01.36.085,udkast til sockult 2,3.2.3,Win32,60,,,e,0,111.6529999,,,1,0,6,0,1,5,HMT1.png,h,,
,,,,,,,,,,,,,,,,103,2021-05-06_21h01.36.085,udkast til sockult 2,3.2.3,Win32,60,,,,,,,,,,,,,,,,return,8.529000044
