key_resp.keys,key_resp.rt,key_resp_3.keys,key_resp_3.rt,key_resp_2.keys,key_resp_2.rt,anagram_answer,RT,trials.thisRepN,trials.thisTrialN,trials.thisN,trials.thisIndex,trials.ran,trials.order,anagrammer,correct,id,date,expName,psychopyVersion,OS,frameRate,IQ_enter.keys,IQ_enter.rt,IQ_response.keys,IQ_response.corr,IQ_response.rt,key_resp_6.keys,key_resp_6.rt,trials_2.thisRepN,trials_2.thisTrialN,trials_2.thisN,trials_2.thisIndex,trials_2.ran,trials_2.order,options,correctIQanswer,key_resp_7.keys,key_resp_7.rt
return,31.61599994,return,4.287000179,,,,0,1,0,10,0,1,9,REMOVE,,1797,2021-05-04_16h55.16.399,udkast til sockult 2,3.2.3,Win32,60,,,,,,,,,,,,,,,,,
,,,,,,,147.9979999,1,0,10,1,1,9,ANISPLEP,appelsin,1797,2021-05-04_16h55.16.399,udkast til sockult 2,3.2.3,Win32,60,,,,,,,,,,,,,,,,,
,,,,,,spejl,135.138,1,0,10,2,1,9,LSEPJ,spejl,1797,2021-05-04_16h55.16.399,udkast til sockult 2,3.2.3,Win32,60,,,,,,,,,,,,,,,,,
,,,,,,hest,3.662000179,1,0,10,3,1,9,STEH,hest,1797,2021-05-04_16h55.16.399,udkast til sockult 2,3.2.3,Win32,60,,,,,,,,,,,,,,,,,
,,,,,,kamera,91.41899991,1,0,10,4,1,9,MKRAAE,kamera,1797,2021-05-04_16h55.16.399,udkast til sockult 2,3.2.3,Win32,60,,,,,,,,,,,,,,,,,
,,,,,,blomst,8.073999882,1,0,10,5,1,9,MLOBST,blomst,1797,2021-05-04_16h55.16.399,udkast til sockult 2,3.2.3,Win32,60,,,,,,,,,,,,,,,,,
,,,,,,,203.7850001,1,0,10,6,1,9,DBGOOR,ordbog,1797,2021-05-04_16h55.16.399,udkast til sockult 2,3.2.3,Win32,60,,,,,,,,,,,,,,,,,
,,,,,,skrald,27.00399995,1,0,10,7,1,9,LKDSAR,skrald,1797,2021-05-04_16h55.16.399,udkast til sockult 2,3.2.3,Win32,60,,,,,,,,,,,,,,,,,
,,,,,,cykler,10.8039999,1,0,10,8,1,9,LKECYR,cykler,1797,2021-05-04_16h55.16.399,udkast til sockult 2,3.2.3,Win32,60,,,,,,,,,,,,,,,,,
,,,,,,papir,5.326999903,1,0,10,9,1,9,PIARP,papir,1797,2021-05-04_16h55.16.399,udkast til sockult 2,3.2.3,Win32,60,,,,,,,,,,,,,,,,,
,,,,,,,141.391,,,,,,,,,1797,2021-05-04_16h55.16.399,udkast til sockult 2,3.2.3,Win32,60,return,22.80500007,h,1,141.3299999,,,1,0,6,4,1,5,HMT7.png,h,,
,,,,,,,44.43499994,,,,,,,,,1797,2021-05-04_16h55.16.399,udkast til sockult 2,3.2.3,Win32,60,,,d,1,44.375,,,1,0,6,3,1,5,HMT5.png,d,,
,,,,,,,194.2119999,,,,,,,,,1797,2021-05-04_16h55.16.399,udkast til sockult 2,3.2.3,Win32,60,,,h,1,194.1429999,,,1,0,6,5,1,5,HMT9.png,h,,
,,,,,,,186.0530002,,,,,,,,,1797,2021-05-04_16h55.16.399,udkast til sockult 2,3.2.3,Win32,60,,,,0,,return,185.9929998,1,0,6,0,1,5,HMT1.png,h,,
,,,,,,,19.727,,,,,,,,,1797,2021-05-04_16h55.16.399,udkast til sockult 2,3.2.3,Win32,60,,,e,1,19.65899992,,,1,0,6,1,1,5,HMT2.png,e,,
,,,,,,,21.74300003,,,,,,,,,1797,2021-05-04_16h55.16.399,udkast til sockult 2,3.2.3,Win32,60,,,c,1,21.67599988,,,1,0,6,2,1,5,HMT3.png,c,,
,,,,,,,,,,,,,,,,1797,2021-05-04_16h55.16.399,udkast til sockult 2,3.2.3,Win32,60,,,,,,,,,,,,,,,,return,6.763999939
