key_resp.keys,key_resp.rt,key_resp_3.keys,key_resp_3.rt,key_resp_2.keys,key_resp_2.rt,anagram_answer,RT,trials.thisRepN,trials.thisTrialN,trials.thisN,trials.thisIndex,trials.ran,trials.order,anagrammer,correct,id,date,expName,psychopyVersion,OS,frameRate,IQ_enter.keys,IQ_enter.rt,IQ_response.keys,IQ_response.corr,IQ_response.rt,key_resp_6.keys,key_resp_6.rt,trials_2.thisRepN,trials_2.thisTrialN,trials_2.thisN,trials_2.thisIndex,trials_2.ran,trials_2.order,options,correctIQanswer,key_resp_7.keys,key_resp_7.rt
return,18.87299991,return,3.605000019,,,,0,1,0,10,0,1,9,REMOVE,,1881,2021-05-02_12h06.10.031,udkast til sockult 2,3.2.3,MacIntel,60,,,,,,,,,,,,,,,,,
,,,,,,appelsin,6.138999939,1,0,10,1,1,9,ANISPLEP,appelsin,1881,2021-05-02_12h06.10.031,udkast til sockult 2,3.2.3,MacIntel,60,,,,,,,,,,,,,,,,,
,,,,,,spejl,23.71200013,1,0,10,2,1,9,LSEPJ,spejl,1881,2021-05-02_12h06.10.031,udkast til sockult 2,3.2.3,MacIntel,60,,,,,,,,,,,,,,,,,
,,,,,,hest,2.04399991,1,0,10,3,1,9,STEH,hest,1881,2021-05-02_12h06.10.031,udkast til sockult 2,3.2.3,MacIntel,60,,,,,,,,,,,,,,,,,
,,,,,,,22.95000005,1,0,10,4,1,9,MKRAAE,kamera,1881,2021-05-02_12h06.10.031,udkast til sockult 2,3.2.3,MacIntel,60,,,,,,,,,,,,,,,,,
,,,,,,blomst,4.880000114,1,0,10,5,1,9,MLOBST,blomst,1881,2021-05-02_12h06.10.031,udkast til sockult 2,3.2.3,MacIntel,60,,,,,,,,,,,,,,,,,
,,,,,,,18.5999999,1,0,10,6,1,9,DBGOOR,ordbog,1881,2021-05-02_12h06.10.031,udkast til sockult 2,3.2.3,MacIntel,60,,,,,,,,,,,,,,,,,
,,,,,,skrald,14.71299982,1,0,10,7,1,9,LKDSAR,skrald,1881,2021-05-02_12h06.10.031,udkast til sockult 2,3.2.3,MacIntel,60,,,,,,,,,,,,,,,,,
,,,,,,cykler,3.447999954,1,0,10,8,1,9,LKECYR,cykler,1881,2021-05-02_12h06.10.031,udkast til sockult 2,3.2.3,MacIntel,60,,,,,,,,,,,,,,,,,
,,,,,,papir,1.998000145,1,0,10,9,1,9,PIARP,papir,1881,2021-05-02_12h06.10.031,udkast til sockult 2,3.2.3,MacIntel,60,,,,,,,,,,,,,,,,,
,,,,,,,35.36599994,,,,,,,,,1881,2021-05-02_12h06.10.031,udkast til sockult 2,3.2.3,MacIntel,60,return,8.393999815,f,0,35.30400014,,,1,0,6,3,1,5,HMT5.png,d,,
,,,,,,,18.16400003,,,,,,,,,1881,2021-05-02_12h06.10.031,udkast til sockult 2,3.2.3,MacIntel,60,,,c,0,18.09599996,,,1,0,6,0,1,5,HMT1.png,h,,
,,,,,,,26.10500002,,,,,,,,,1881,2021-05-02_12h06.10.031,udkast til sockult 2,3.2.3,MacIntel,60,,,a,0,26.03900003,,,1,0,6,4,1,5,HMT7.png,h,,
,,,,,,,24.95700002,,,,,,,,,1881,2021-05-02_12h06.10.031,udkast til sockult 2,3.2.3,MacIntel,60,,,c,1,24.88700008,,,1,0,6,2,1,5,HMT3.png,c,,
,,,,,,,12.06299996,,,,,,,,,1881,2021-05-02_12h06.10.031,udkast til sockult 2,3.2.3,MacIntel,60,,,e,1,11.98900008,,,1,0,6,1,1,5,HMT2.png,e,,
,,,,,,,7.115999937,,,,,,,,,1881,2021-05-02_12h06.10.031,udkast til sockult 2,3.2.3,MacIntel,60,,,g,0,7.038999796,,,1,0,6,5,1,5,HMT9.png,h,,
,,,,,,,,,,,,,,,,1881,2021-05-02_12h06.10.031,udkast til sockult 2,3.2.3,MacIntel,60,,,,,,,,,,,,,,,,return,5.100000143
