key_resp.keys,key_resp.rt,key_resp_3.keys,key_resp_3.rt,key_resp_2.keys,key_resp_2.rt,anagram_answer,RT,trials.thisRepN,trials.thisTrialN,trials.thisN,trials.thisIndex,trials.ran,trials.order,anagrammer,correct,id,date,expName,psychopyVersion,OS,frameRate,IQ_enter.keys,IQ_enter.rt,IQ_response.keys,IQ_response.corr,IQ_response.rt,key_resp_6.keys,key_resp_6.rt,trials_2.thisRepN,trials_2.thisTrialN,trials_2.thisN,trials_2.thisIndex,trials_2.ran,trials_2.order,options,correctIQanswer,key_resp_7.keys,key_resp_7.rt
return,34.05599999,return,7.350999832,,,,0,1,0,10,0,1,9,REMOVE,,726,2021-04-30_06h42.17.305,udkast til sockult 2,3.2.3,MacIntel,60,,,,,,,,,,,,,,,,,
,,,,,,appelsin,14.31299996,1,0,10,1,1,9,ANISPLEP,appelsin,726,2021-04-30_06h42.17.305,udkast til sockult 2,3.2.3,MacIntel,60,,,,,,,,,,,,,,,,,
,,,,,,spejl,5.113999844,1,0,10,2,1,9,LSEPJ,spejl,726,2021-04-30_06h42.17.305,udkast til sockult 2,3.2.3,MacIntel,60,,,,,,,,,,,,,,,,,
,,,,,,hest,10.88000011,1,0,10,3,1,9,STEH,hest,726,2021-04-30_06h42.17.305,udkast til sockult 2,3.2.3,MacIntel,60,,,,,,,,,,,,,,,,,
,,,,,,,221.7920001,1,0,10,4,1,9,MKRAAE,kamera,726,2021-04-30_06h42.17.305,udkast til sockult 2,3.2.3,MacIntel,60,,,,,,,,,,,,,,,,,
,,,,,,,116.941,1,0,10,5,1,9,MLOBST,blomst,726,2021-04-30_06h42.17.305,udkast til sockult 2,3.2.3,MacIntel,60,,,,,,,,,,,,,,,,,
,,,,,,,116.027,1,0,10,6,1,9,DBGOOR,ordbog,726,2021-04-30_06h42.17.305,udkast til sockult 2,3.2.3,MacIntel,60,,,,,,,,,,,,,,,,,
,,,,,,skrald,47.60899997,1,0,10,7,1,9,LKDSAR,skrald,726,2021-04-30_06h42.17.305,udkast til sockult 2,3.2.3,MacIntel,60,,,,,,,,,,,,,,,,,
,,,,,,cykler,11.06400013,1,0,10,8,1,9,LKECYR,cykler,726,2021-04-30_06h42.17.305,udkast til sockult 2,3.2.3,MacIntel,60,,,,,,,,,,,,,,,,,
,,,,,,papir,6.097999811,1,0,10,9,1,9,PIARP,papir,726,2021-04-30_06h42.17.305,udkast til sockult 2,3.2.3,MacIntel,60,,,,,,,,,,,,,,,,,
,,,,,,,25.21799994,,,,,,,,,726,2021-04-30_06h42.17.305,udkast til sockult 2,3.2.3,MacIntel,60,return,26.88100004,e,1,25.1559999,,,1,0,6,1,1,5,HMT2.png,e,,
,,,,,,,33.71399999,,,,,,,,,726,2021-04-30_06h42.17.305,udkast til sockult 2,3.2.3,MacIntel,60,,,c,1,33.65299988,,,1,0,6,2,1,5,HMT3.png,c,,
,,,,,,,84.17900014,,,,,,,,,726,2021-04-30_06h42.17.305,udkast til sockult 2,3.2.3,MacIntel,60,,,,0,,return,84.11500001,1,0,6,5,1,5,HMT9.png,h,,
,,,,,,,123.4449999,,,,,,,,,726,2021-04-30_06h42.17.305,udkast til sockult 2,3.2.3,MacIntel,60,,,h,1,123.398,,,1,0,6,0,1,5,HMT1.png,h,,
,,,,,,,49.796,,,,,,,,,726,2021-04-30_06h42.17.305,udkast til sockult 2,3.2.3,MacIntel,60,,,d,1,49.73900008,,,1,0,6,3,1,5,HMT5.png,d,,
,,,,,,,41.079,,,,,,,,,726,2021-04-30_06h42.17.305,udkast til sockult 2,3.2.3,MacIntel,60,,,,0,,return,41.01899981,1,0,6,4,1,5,HMT7.png,h,,
,,,,,,,,,,,,,,,,726,2021-04-30_06h42.17.305,udkast til sockult 2,3.2.3,MacIntel,60,,,,,,,,,,,,,,,,return,4.81400013
