key_resp.keys,key_resp.rt,key_resp_3.keys,key_resp_3.rt,key_resp_2.keys,key_resp_2.rt,anagram_answer,RT,trials.thisRepN,trials.thisTrialN,trials.thisN,trials.thisIndex,trials.ran,trials.order,anagrammer,correct,id,date,expName,psychopyVersion,OS,frameRate,IQ_enter.keys,IQ_enter.rt,IQ_response.keys,IQ_response.corr,IQ_response.rt,key_resp_6.keys,key_resp_6.rt,trials_2.thisRepN,trials_2.thisTrialN,trials_2.thisN,trials_2.thisIndex,trials_2.ran,trials_2.order,options,correctIQanswer,key_resp_7.keys,key_resp_7.rt
return,30.42999983,return,6.86199975,,,,0.000999928,1,0,10,0,1,9,REMOVE,,921,2021-05-04_18h03.34.301,udkast til sockult 2,3.2.3,Win32,60,,,,,,,,,,,,,,,,,
,,,,,,,33.66600013,1,0,10,1,1,9,ANISPLEP,appelsin,921,2021-05-04_18h03.34.301,udkast til sockult 2,3.2.3,Win32,60,,,,,,,,,,,,,,,,,
,,,,,,spejl,4.235000134,1,0,10,2,1,9,LSEPJ,spejl,921,2021-05-04_18h03.34.301,udkast til sockult 2,3.2.3,Win32,60,,,,,,,,,,,,,,,,,
,,,,,,hest,2.967999935,1,0,10,3,1,9,STEH,hest,921,2021-05-04_18h03.34.301,udkast til sockult 2,3.2.3,Win32,60,,,,,,,,,,,,,,,,,
,,,,,,kamera,11.71000004,1,0,10,4,1,9,MKRAAE,kamera,921,2021-05-04_18h03.34.301,udkast til sockult 2,3.2.3,Win32,60,,,,,,,,,,,,,,,,,
,,,,,,blomst,3.217999935,1,0,10,5,1,9,MLOBST,blomst,921,2021-05-04_18h03.34.301,udkast til sockult 2,3.2.3,Win32,60,,,,,,,,,,,,,,,,,
,,,,,,ordbog,29.60800004,1,0,10,6,1,9,DBGOOR,ordbog,921,2021-05-04_18h03.34.301,udkast til sockult 2,3.2.3,Win32,60,,,,,,,,,,,,,,,,,
,,,,,,skrald,43.05100012,1,0,10,7,1,9,LKDSAR,skrald,921,2021-05-04_18h03.34.301,udkast til sockult 2,3.2.3,Win32,60,,,,,,,,,,,,,,,,,
,,,,,,cykler,15.34500003,1,0,10,8,1,9,LKECYR,cykler,921,2021-05-04_18h03.34.301,udkast til sockult 2,3.2.3,Win32,60,,,,,,,,,,,,,,,,,
,,,,,,papir,3.435000181,1,0,10,9,1,9,PIARP,papir,921,2021-05-04_18h03.34.301,udkast til sockult 2,3.2.3,Win32,60,,,,,,,,,,,,,,,,,
,,,,,,,26.2809999,,,,,,,,,921,2021-05-04_18h03.34.301,udkast til sockult 2,3.2.3,Win32,60,return,19.74099994,e,1,26.20599985,,,1,0,6,1,1,5,HMT2.png,e,,
,,,,,,,22.6170001,,,,,,,,,921,2021-05-04_18h03.34.301,udkast til sockult 2,3.2.3,Win32,60,,,d,1,22.55800009,,,1,0,6,3,1,5,HMT5.png,d,,
,,,,,,,56.079,,,,,,,,,921,2021-05-04_18h03.34.301,udkast til sockult 2,3.2.3,Win32,60,,,h,1,56.00999999,,,1,0,6,4,1,5,HMT7.png,h,,
,,,,,,,41.89999986,,,,,,,,,921,2021-05-04_18h03.34.301,udkast til sockult 2,3.2.3,Win32,60,,,h,1,41.829,,,1,0,6,0,1,5,HMT1.png,h,,
,,,,,,,47.45499992,,,,,,,,,921,2021-05-04_18h03.34.301,udkast til sockult 2,3.2.3,Win32,60,,,h,1,47.39100003,,,1,0,6,5,1,5,HMT9.png,h,,
,,,,,,,28.10500002,,,,,,,,,921,2021-05-04_18h03.34.301,udkast til sockult 2,3.2.3,Win32,60,,,c,1,28.02999997,,,1,0,6,2,1,5,HMT3.png,c,,
,,,,,,,,,,,,,,,,921,2021-05-04_18h03.34.301,udkast til sockult 2,3.2.3,Win32,60,,,,,,,,,,,,,,,,return,9.859999895
