key_resp.keys,key_resp.rt,key_resp_3.keys,key_resp_3.rt,key_resp_2.keys,key_resp_2.rt,anagram_answer,RT,trials.thisRepN,trials.thisTrialN,trials.thisN,trials.thisIndex,trials.ran,trials.order,anagrammer,correct,id,date,expName,psychopyVersion,OS,frameRate,IQ_enter.keys,IQ_enter.rt,IQ_response.keys,IQ_response.corr,IQ_response.rt,key_resp_6.keys,key_resp_6.rt,trials_2.thisRepN,trials_2.thisTrialN,trials_2.thisN,trials_2.thisIndex,trials_2.ran,trials_2.order,options,correctIQanswer,key_resp_7.keys,key_resp_7.rt
return,27.57499981,return,3.938999891,,,,0.001999855,1,0,10,0,1,9,REMOVE,,1833,2021-05-05_14h54.13.209,udkast til sockult 2,3.2.3,Linux x86_64,60,,,,,,,,,,,,,,,,,
,,,,,,appelsin,205.98,1,0,10,1,1,9,ANISPLEP,appelsin,1833,2021-05-05_14h54.13.209,udkast til sockult 2,3.2.3,Linux x86_64,60,,,,,,,,,,,,,,,,,
,,,,,,spejl,12.67700005,1,0,10,2,1,9,LSEPJ,spejl,1833,2021-05-05_14h54.13.209,udkast til sockult 2,3.2.3,Linux x86_64,60,,,,,,,,,,,,,,,,,
,,,,,,hest,4.562000036,1,0,10,3,1,9,STEH,hest,1833,2021-05-05_14h54.13.209,udkast til sockult 2,3.2.3,Linux x86_64,60,,,,,,,,,,,,,,,,,
,,,,,,,328.6149998,1,0,10,4,1,9,MKRAAE,kamera,1833,2021-05-05_14h54.13.209,udkast til sockult 2,3.2.3,Linux x86_64,60,,,,,,,,,,,,,,,,,
,,,,,,blomst,4.029000044,1,0,10,5,1,9,MLOBST,blomst,1833,2021-05-05_14h54.13.209,udkast til sockult 2,3.2.3,Linux x86_64,60,,,,,,,,,,,,,,,,,
,,,,,,ordbog,133.9399998,1,0,10,6,1,9,DBGOOR,ordbog,1833,2021-05-05_14h54.13.209,udkast til sockult 2,3.2.3,Linux x86_64,60,,,,,,,,,,,,,,,,,
,,,,,,skrald,12.24599981,1,0,10,7,1,9,LKDSAR,skrald,1833,2021-05-05_14h54.13.209,udkast til sockult 2,3.2.3,Linux x86_64,60,,,,,,,,,,,,,,,,,
,,,,,,cykler,44.27600002,1,0,10,8,1,9,LKECYR,cykler,1833,2021-05-05_14h54.13.209,udkast til sockult 2,3.2.3,Linux x86_64,60,,,,,,,,,,,,,,,,,
,,,,,,papir,5.227999926,1,0,10,9,1,9,PIARP,papir,1833,2021-05-05_14h54.13.209,udkast til sockult 2,3.2.3,Linux x86_64,60,,,,,,,,,,,,,,,,,
,,,,,,,69.88800001,,,,,,,,,1833,2021-05-05_14h54.13.209,udkast til sockult 2,3.2.3,Linux x86_64,60,return,16.52299976,a,0,69.58999991,,,1,0,6,4,1,5,HMT7.png,h,,
,,,,,,,59.32299995,,,,,,,,,1833,2021-05-05_14h54.13.209,udkast til sockult 2,3.2.3,Linux x86_64,60,,,c,0,59.05299997,,,1,0,6,0,1,5,HMT1.png,h,,
,,,,,,,54.19899988,,,,,,,,,1833,2021-05-05_14h54.13.209,udkast til sockult 2,3.2.3,Linux x86_64,60,,,d,1,53.93499994,,,1,0,6,3,1,5,HMT5.png,d,,
,,,,,,,106.6359999,,,,,,,,,1833,2021-05-05_14h54.13.209,udkast til sockult 2,3.2.3,Linux x86_64,60,,,g,0,106.339,,,1,0,6,5,1,5,HMT9.png,h,,
,,,,,,,64.02800012,,,,,,,,,1833,2021-05-05_14h54.13.209,udkast til sockult 2,3.2.3,Linux x86_64,60,,,f,0,63.75099993,,,1,0,6,1,1,5,HMT2.png,e,,
,,,,,,,56.44500017,,,,,,,,,1833,2021-05-05_14h54.13.209,udkast til sockult 2,3.2.3,Linux x86_64,60,,,,0,,return,56.16100001,1,0,6,2,1,5,HMT3.png,c,,
,,,,,,,,,,,,,,,,1833,2021-05-05_14h54.13.209,udkast til sockult 2,3.2.3,Linux x86_64,60,,,,,,,,,,,,,,,,return,5.607000113
