key_resp.keys,key_resp.rt,key_resp_3.keys,key_resp_3.rt,key_resp_2.keys,key_resp_2.rt,anagram_answer,RT,trials.thisRepN,trials.thisTrialN,trials.thisN,trials.thisIndex,trials.ran,trials.order,anagrammer,correct,id,date,expName,psychopyVersion,OS,frameRate,IQ_enter.keys,IQ_enter.rt,IQ_response.keys,IQ_response.corr,IQ_response.rt,key_resp_6.keys,key_resp_6.rt,trials_2.thisRepN,trials_2.thisTrialN,trials_2.thisN,trials_2.thisIndex,trials_2.ran,trials_2.order,options,correctIQanswer,key_resp_7.keys,key_resp_7.rt
return,50.21400023,return,5.101000071,,,,0,1,0,10,0,1,9,REMOVE,,1580,2021-05-02_16h38.13.772,udkast til sockult 2,3.2.3,MacIntel,60,,,,,,,,,,,,,,,,,
,,,,,,penislap,37.18499994,1,0,10,1,1,9,ANISPLEP,appelsin,1580,2021-05-02_16h38.13.772,udkast til sockult 2,3.2.3,MacIntel,60,,,,,,,,,,,,,,,,,
,,,,,,spejl,20.61599994,1,0,10,2,1,9,LSEPJ,spejl,1580,2021-05-02_16h38.13.772,udkast til sockult 2,3.2.3,MacIntel,60,,,,,,,,,,,,,,,,,
,,,,,,hest,2.51699996,1,0,10,3,1,9,STEH,hest,1580,2021-05-02_16h38.13.772,udkast til sockult 2,3.2.3,MacIntel,60,,,,,,,,,,,,,,,,,
,,,,,,karame,71.18099999,1,0,10,4,1,9,MKRAAE,kamera,1580,2021-05-02_16h38.13.772,udkast til sockult 2,3.2.3,MacIntel,60,,,,,,,,,,,,,,,,,
,,,,,,blomst,3.750999928,1,0,10,5,1,9,MLOBST,blomst,1580,2021-05-02_16h38.13.772,udkast til sockult 2,3.2.3,MacIntel,60,,,,,,,,,,,,,,,,,
,,,,,,grobod,48.21399999,1,0,10,6,1,9,DBGOOR,ordbog,1580,2021-05-02_16h38.13.772,udkast til sockult 2,3.2.3,MacIntel,60,,,,,,,,,,,,,,,,,
,,,,,,klards,34.70000005,1,0,10,7,1,9,LKDSAR,skrald,1580,2021-05-02_16h38.13.772,udkast til sockult 2,3.2.3,MacIntel,60,,,,,,,,,,,,,,,,,
,,,,,,cykel,9.532000065,1,0,10,8,1,9,LKECYR,cykler,1580,2021-05-02_16h38.13.772,udkast til sockult 2,3.2.3,MacIntel,60,,,,,,,,,,,,,,,,,
,,,,,,rap,12.24800014,1,0,10,9,1,9,PIARP,papir,1580,2021-05-02_16h38.13.772,udkast til sockult 2,3.2.3,MacIntel,60,,,,,,,,,,,,,,,,,
,,,,,,,65.78900003,,,,,,,,,1580,2021-05-02_16h38.13.772,udkast til sockult 2,3.2.3,MacIntel,60,return,25.75699997,e,0,65.74900007,,,1,0,6,5,1,5,HMT9.png,h,,
,,,,,,,7.948000193,,,,,,,,,1580,2021-05-02_16h38.13.772,udkast til sockult 2,3.2.3,MacIntel,60,,,e,1,7.917000294,,,1,0,6,1,1,5,HMT2.png,e,,
,,,,,,,35.1329999,,,,,,,,,1580,2021-05-02_16h38.13.772,udkast til sockult 2,3.2.3,MacIntel,60,,,c,1,35.09700012,,,1,0,6,2,1,5,HMT3.png,c,,
,,,,,,,72.84699988,,,,,,,,,1580,2021-05-02_16h38.13.772,udkast til sockult 2,3.2.3,MacIntel,60,,,h,1,72.81800008,,,1,0,6,0,1,5,HMT1.png,h,,
,,,,,,,59.98100019,,,,,,,,,1580,2021-05-02_16h38.13.772,udkast til sockult 2,3.2.3,MacIntel,60,,,h,1,59.95099998,,,1,0,6,4,1,5,HMT7.png,h,,
,,,,,,,24.79999995,,,,,,,,,1580,2021-05-02_16h38.13.772,udkast til sockult 2,3.2.3,MacIntel,60,,,d,1,24.7650001,,,1,0,6,3,1,5,HMT5.png,d,,
,,,,,,,,,,,,,,,,1580,2021-05-02_16h38.13.772,udkast til sockult 2,3.2.3,MacIntel,60,,,,,,,,,,,,,,,,return,10.84300017
