key_resp.keys,key_resp.rt,key_resp_3.keys,key_resp_3.rt,key_resp_2.keys,key_resp_2.rt,anagram_answer,RT,trials.thisRepN,trials.thisTrialN,trials.thisN,trials.thisIndex,trials.ran,trials.order,anagrammer,correct,id,date,expName,psychopyVersion,OS,frameRate,IQ_enter.keys,IQ_enter.rt,IQ_response.keys,IQ_response.corr,IQ_response.rt,key_resp_6.keys,key_resp_6.rt,trials_2.thisRepN,trials_2.thisTrialN,trials_2.thisN,trials_2.thisIndex,trials_2.ran,trials_2.order,options,correctIQanswer,key_resp_7.keys,key_resp_7.rt
return,4.2099998,return,3.440999746,,,,0.000999928,1,0,10,0,1,9,REMOVE,,587,2021-05-05_15h52.47.835,udkast til sockult 2,3.2.3,Win32,60,,,,,,,,,,,,,,,,,
,,,,,,appelsin,602.227,1,0,10,1,1,9,ANISPLEP,appelsin,587,2021-05-05_15h52.47.835,udkast til sockult 2,3.2.3,Win32,60,,,,,,,,,,,,,,,,,
,,,,,,spejl,13.57599998,1,0,10,2,1,9,LSEPJ,spejl,587,2021-05-05_15h52.47.835,udkast til sockult 2,3.2.3,Win32,60,,,,,,,,,,,,,,,,,
,,,,,,hest,3.438999891,1,0,10,3,1,9,STEH,hest,587,2021-05-05_15h52.47.835,udkast til sockult 2,3.2.3,Win32,60,,,,,,,,,,,,,,,,,
,,,,,,kamera,95.77999997,1,0,10,4,1,9,MKRAAE,kamera,587,2021-05-05_15h52.47.835,udkast til sockult 2,3.2.3,Win32,60,,,,,,,,,,,,,,,,,
,,,,,,blomst,20.52199984,1,0,10,5,1,9,MLOBST,blomst,587,2021-05-05_15h52.47.835,udkast til sockult 2,3.2.3,Win32,60,,,,,,,,,,,,,,,,,
,,,,,,ordbog,22.48699999,1,0,10,6,1,9,DBGOOR,ordbog,587,2021-05-05_15h52.47.835,udkast til sockult 2,3.2.3,Win32,60,,,,,,,,,,,,,,,,,
,,,,,,skrald,19.62199998,1,0,10,7,1,9,LKDSAR,skrald,587,2021-05-05_15h52.47.835,udkast til sockult 2,3.2.3,Win32,60,,,,,,,,,,,,,,,,,
,,,,,,cykler,26.83699989,1,0,10,8,1,9,LKECYR,cykler,587,2021-05-05_15h52.47.835,udkast til sockult 2,3.2.3,Win32,60,,,,,,,,,,,,,,,,,
,,,,,,papir,9.092000008,1,0,10,9,1,9,PIARP,papir,587,2021-05-05_15h52.47.835,udkast til sockult 2,3.2.3,Win32,60,,,,,,,,,,,,,,,,,
,,,,,,,17.53399992,,,,,,,,,587,2021-05-05_15h52.47.835,udkast til sockult 2,3.2.3,Win32,60,return,32.12799978,e,1,17.38800001,,,1,0,6,1,1,5,HMT2.png,e,,
,,,,,,,42.977,,,,,,,,,587,2021-05-05_15h52.47.835,udkast til sockult 2,3.2.3,Win32,60,,,a,0,42.84599996,,,1,0,6,2,1,5,HMT3.png,c,,
,,,,,,,11.4920001,,,,,,,,,587,2021-05-05_15h52.47.835,udkast til sockult 2,3.2.3,Win32,60,,,h,1,11.36500001,,,1,0,6,0,1,5,HMT1.png,h,,
,,,,,,,18.22300005,,,,,,,,,587,2021-05-05_15h52.47.835,udkast til sockult 2,3.2.3,Win32,60,,,g,0,18.09099984,,,1,0,6,5,1,5,HMT9.png,h,,
,,,,,,,22.60500002,,,,,,,,,587,2021-05-05_15h52.47.835,udkast til sockult 2,3.2.3,Win32,60,,,g,0,22.47699976,,,1,0,6,4,1,5,HMT7.png,h,,
,,,,,,,22.30500007,,,,,,,,,587,2021-05-05_15h52.47.835,udkast til sockult 2,3.2.3,Win32,60,,,e,0,22.18099999,,,1,0,6,3,1,5,HMT5.png,d,,
,,,,,,,,,,,,,,,,587,2021-05-05_15h52.47.835,udkast til sockult 2,3.2.3,Win32,60,,,,,,,,,,,,,,,,return,12.31299996
