key_resp.keys,key_resp.rt,key_resp_3.keys,key_resp_3.rt,key_resp_2.keys,key_resp_2.rt,anagram_answer,RT,trials.thisRepN,trials.thisTrialN,trials.thisN,trials.thisIndex,trials.ran,trials.order,anagrammer,correct,id,date,expName,psychopyVersion,OS,frameRate,IQ_enter.keys,IQ_enter.rt,IQ_response.keys,IQ_response.corr,IQ_response.rt,key_resp_6.keys,key_resp_6.rt,trials_2.thisRepN,trials_2.thisTrialN,trials_2.thisN,trials_2.thisIndex,trials_2.ran,trials_2.order,options,correctIQanswer,key_resp_7.keys,key_resp_7.rt
return,24.73600006,return,5.034999847,,,,0,1,0,10,0,1,9,REMOVE,,241,2021-05-05_22h03.59.516,udkast til sockult 2,3.2.3,MacIntel,60,,,,,,,,,,,,,,,,,
,,,,,,splinesa,115.401,1,0,10,1,1,9,ANISPLEP,appelsin,241,2021-05-05_22h03.59.516,udkast til sockult 2,3.2.3,MacIntel,60,,,,,,,,,,,,,,,,,
,,,,,,spejl,14.49399996,1,0,10,2,1,9,LSEPJ,spejl,241,2021-05-05_22h03.59.516,udkast til sockult 2,3.2.3,MacIntel,60,,,,,,,,,,,,,,,,,
,,,,,,hest,5.542000055,1,0,10,3,1,9,STEH,hest,241,2021-05-05_22h03.59.516,udkast til sockult 2,3.2.3,MacIntel,60,,,,,,,,,,,,,,,,,
,,,,,,,181.6499999,1,0,10,4,1,9,MKRAAE,kamera,241,2021-05-05_22h03.59.516,udkast til sockult 2,3.2.3,MacIntel,60,,,,,,,,,,,,,,,,,
,,,,,,blomst,33.26900005,1,0,10,5,1,9,MLOBST,blomst,241,2021-05-05_22h03.59.516,udkast til sockult 2,3.2.3,MacIntel,60,,,,,,,,,,,,,,,,,
,,,,,,ordbog,26.56999993,1,0,10,6,1,9,DBGOOR,ordbog,241,2021-05-05_22h03.59.516,udkast til sockult 2,3.2.3,MacIntel,60,,,,,,,,,,,,,,,,,
,,,,,,,121.806,1,0,10,7,1,9,LKDSAR,skrald,241,2021-05-05_22h03.59.516,udkast til sockult 2,3.2.3,MacIntel,60,,,,,,,,,,,,,,,,,
,,,,,,cykler,12.20799994,1,0,10,8,1,9,LKECYR,cykler,241,2021-05-05_22h03.59.516,udkast til sockult 2,3.2.3,MacIntel,60,,,,,,,,,,,,,,,,,
,,,,,,papir,15.19700003,1,0,10,9,1,9,PIARP,papir,241,2021-05-05_22h03.59.516,udkast til sockult 2,3.2.3,MacIntel,60,,,,,,,,,,,,,,,,,
,,,,,,,32.53399992,,,,,,,,,241,2021-05-05_22h03.59.516,udkast til sockult 2,3.2.3,MacIntel,60,return,17.09599996,h,1,32.52600002,,,1,0,6,4,1,5,HMT7.png,h,,
,,,,,,,14.44500017,,,,,,,,,241,2021-05-05_22h03.59.516,udkast til sockult 2,3.2.3,MacIntel,60,,,e,1,14.43899989,,,1,0,6,1,1,5,HMT2.png,e,,
,,,,,,,131.194,,,,,,,,,241,2021-05-05_22h03.59.516,udkast til sockult 2,3.2.3,MacIntel,60,,,d,1,131.1919999,,,1,0,6,3,1,5,HMT5.png,d,,
,,,,,,,29.49399996,,,,,,,,,241,2021-05-05_22h03.59.516,udkast til sockult 2,3.2.3,MacIntel,60,,,h,1,29.49000001,,,1,0,6,0,1,5,HMT1.png,h,,
,,,,,,,66.30499983,,,,,,,,,241,2021-05-05_22h03.59.516,udkast til sockult 2,3.2.3,MacIntel,60,,,c,1,66.2980001,,,1,0,6,2,1,5,HMT3.png,c,,
,,,,,,,71.68499994,,,,,,,,,241,2021-05-05_22h03.59.516,udkast til sockult 2,3.2.3,MacIntel,60,,,d,0,71.67799997,,,1,0,6,5,1,5,HMT9.png,h,,
,,,,,,,,,,,,,,,,241,2021-05-05_22h03.59.516,udkast til sockult 2,3.2.3,MacIntel,60,,,,,,,,,,,,,,,,return,8.845999956
