key_resp.keys,key_resp.rt,key_resp_3.keys,key_resp_3.rt,key_resp_2.keys,key_resp_2.rt,anagram_answer,RT,trials.thisRepN,trials.thisTrialN,trials.thisN,trials.thisIndex,trials.ran,trials.order,anagrammer,correct,id,date,expName,psychopyVersion,OS,frameRate,IQ_enter.keys,IQ_enter.rt,IQ_response.keys,IQ_response.corr,IQ_response.rt,key_resp_6.keys,key_resp_6.rt,trials_2.thisRepN,trials_2.thisTrialN,trials_2.thisN,trials_2.thisIndex,trials_2.ran,trials_2.order,options,correctIQanswer,key_resp_7.keys,key_resp_7.rt
return,20.01699996,return,2.178999901,,,,0,1,0,10,0,1,9,REMOVE,,1418,2021-04-30_12h24.11.470,udkast til sockult 2,3.2.3,MacIntel,60,,,,,,,,,,,,,,,,,
,,,,,,appelsin,3.773999929,1,0,10,1,1,9,ANISPLEP,appelsin,1418,2021-04-30_12h24.11.470,udkast til sockult 2,3.2.3,MacIntel,60,,,,,,,,,,,,,,,,,
,,,,,,spejl,3.582999945,1,0,10,2,1,9,LSEPJ,spejl,1418,2021-04-30_12h24.11.470,udkast til sockult 2,3.2.3,MacIntel,60,,,,,,,,,,,,,,,,,
,,,,,,hest,2.679999828,1,0,10,3,1,9,STEH,hest,1418,2021-04-30_12h24.11.470,udkast til sockult 2,3.2.3,MacIntel,60,,,,,,,,,,,,,,,,,
,,,,,,kamera,3.531000137,1,0,10,4,1,9,MKRAAE,kamera,1418,2021-04-30_12h24.11.470,udkast til sockult 2,3.2.3,MacIntel,60,,,,,,,,,,,,,,,,,
,,,,,,blomst,2.864000082,1,0,10,5,1,9,MLOBST,blomst,1418,2021-04-30_12h24.11.470,udkast til sockult 2,3.2.3,MacIntel,60,,,,,,,,,,,,,,,,,
,,,,,,ordbog,118.5899999,1,0,10,6,1,9,DBGOOR,ordbog,1418,2021-04-30_12h24.11.470,udkast til sockult 2,3.2.3,MacIntel,60,,,,,,,,,,,,,,,,,
,,,,,,skrald,21.523,1,0,10,7,1,9,LKDSAR,skrald,1418,2021-04-30_12h24.11.470,udkast til sockult 2,3.2.3,MacIntel,60,,,,,,,,,,,,,,,,,
,,,,,,cykler,5.832999945,1,0,10,8,1,9,LKECYR,cykler,1418,2021-04-30_12h24.11.470,udkast til sockult 2,3.2.3,MacIntel,60,,,,,,,,,,,,,,,,,
,,,,,,papir,2.512000084,1,0,10,9,1,9,PIARP,papir,1418,2021-04-30_12h24.11.470,udkast til sockult 2,3.2.3,MacIntel,60,,,,,,,,,,,,,,,,,
,,,,,,,110.431,,,,,,,,,1418,2021-04-30_12h24.11.470,udkast til sockult 2,3.2.3,MacIntel,60,return,9.884999752,h,1,110.3139999,,,1,0,6,5,1,5,HMT9.png,h,,
,,,,,,,29.66400003,,,,,,,,,1418,2021-04-30_12h24.11.470,udkast til sockult 2,3.2.3,MacIntel,60,,,d,1,29.57599998,,,1,0,6,3,1,5,HMT5.png,d,,
,,,,,,,53.88100004,,,,,,,,,1418,2021-04-30_12h24.11.470,udkast til sockult 2,3.2.3,MacIntel,60,,,h,1,53.79399991,,,1,0,6,4,1,5,HMT7.png,h,,
,,,,,,,33.6500001,,,,,,,,,1418,2021-04-30_12h24.11.470,udkast til sockult 2,3.2.3,MacIntel,60,,,h,1,33.57199979,,,1,0,6,0,1,5,HMT1.png,h,,
,,,,,,,13.99699998,,,,,,,,,1418,2021-04-30_12h24.11.470,udkast til sockult 2,3.2.3,MacIntel,60,,,c,1,13.92099977,,,1,0,6,2,1,5,HMT3.png,c,,
,,,,,,,18.91599989,,,,,,,,,1418,2021-04-30_12h24.11.470,udkast til sockult 2,3.2.3,MacIntel,60,,,e,1,18.82700014,,,1,0,6,1,1,5,HMT2.png,e,,
,,,,,,,,,,,,,,,,1418,2021-04-30_12h24.11.470,udkast til sockult 2,3.2.3,MacIntel,60,,,,,,,,,,,,,,,,return,5.976999998
