key_resp.keys,key_resp.rt,key_resp_3.keys,key_resp_3.rt,key_resp_2.keys,key_resp_2.rt,anagram_answer,RT,trials.thisRepN,trials.thisTrialN,trials.thisN,trials.thisIndex,trials.ran,trials.order,anagrammer,correct,id,date,expName,psychopyVersion,OS,frameRate,IQ_enter.keys,IQ_enter.rt,IQ_response.keys,IQ_response.corr,IQ_response.rt,key_resp_6.keys,key_resp_6.rt,trials_2.thisRepN,trials_2.thisTrialN,trials_2.thisN,trials_2.thisIndex,trials_2.ran,trials_2.order,options,correctIQanswer,key_resp_7.keys,key_resp_7.rt
return,23.17700005,return,4.653000116,,,,0.001000166,1,0,10,0,1,9,REMOVE,,801,2021-05-05_20h05.10.531,udkast til sockult 2,3.2.3,MacIntel,60,,,,,,,,,,,,,,,,,
,,,,,,apelsin,30.602,1,0,10,1,1,9,ANISPLEP,appelsin,801,2021-05-05_20h05.10.531,udkast til sockult 2,3.2.3,MacIntel,60,,,,,,,,,,,,,,,,,
,,,,,,spejl,12.88599992,1,0,10,2,1,9,LSEPJ,spejl,801,2021-05-05_20h05.10.531,udkast til sockult 2,3.2.3,MacIntel,60,,,,,,,,,,,,,,,,,
,,,,,,sten,3.974999905,1,0,10,3,1,9,STEH,hest,801,2021-05-05_20h05.10.531,udkast til sockult 2,3.2.3,MacIntel,60,,,,,,,,,,,,,,,,,
,,,,,,,24.41899991,1,0,10,4,1,9,MKRAAE,kamera,801,2021-05-05_20h05.10.531,udkast til sockult 2,3.2.3,MacIntel,60,,,,,,,,,,,,,,,,,
,,,,,,,28.55299997,1,0,10,5,1,9,MLOBST,blomst,801,2021-05-05_20h05.10.531,udkast til sockult 2,3.2.3,MacIntel,60,,,,,,,,,,,,,,,,,
,,,,,,bogrod,49.63599992,1,0,10,6,1,9,DBGOOR,ordbog,801,2021-05-05_20h05.10.531,udkast til sockult 2,3.2.3,MacIntel,60,,,,,,,,,,,,,,,,,
,,,,,,lakrids,13.10500002,1,0,10,7,1,9,LKDSAR,skrald,801,2021-05-05_20h05.10.531,udkast til sockult 2,3.2.3,MacIntel,60,,,,,,,,,,,,,,,,,
,,,,,,cykler,10.51300001,1,0,10,8,1,9,LKECYR,cykler,801,2021-05-05_20h05.10.531,udkast til sockult 2,3.2.3,MacIntel,60,,,,,,,,,,,,,,,,,
,,,,,,papir,7.243999958,1,0,10,9,1,9,PIARP,papir,801,2021-05-05_20h05.10.531,udkast til sockult 2,3.2.3,MacIntel,60,,,,,,,,,,,,,,,,,
,,,,,,,32.14899993,,,,,,,,,801,2021-05-05_20h05.10.531,udkast til sockult 2,3.2.3,MacIntel,60,return,19.0710001,a,0,32.10100031,,,1,0,6,4,1,5,HMT7.png,h,,
,,,,,,,22.75999999,,,,,,,,,801,2021-05-05_20h05.10.531,udkast til sockult 2,3.2.3,MacIntel,60,,,e,0,22.71000004,,,1,0,6,3,1,5,HMT5.png,d,,
,,,,,,,12.51899981,,,,,,,,,801,2021-05-05_20h05.10.531,udkast til sockult 2,3.2.3,MacIntel,60,,,f,0,12.47100019,,,1,0,6,1,1,5,HMT2.png,e,,
,,,,,,,39.28800011,,,,,,,,,801,2021-05-05_20h05.10.531,udkast til sockult 2,3.2.3,MacIntel,60,,,a,0,39.24500012,,,1,0,6,2,1,5,HMT3.png,c,,
,,,,,,,21.54399991,,,,,,,,,801,2021-05-05_20h05.10.531,udkast til sockult 2,3.2.3,MacIntel,60,,,f,0,21.50200009,,,1,0,6,5,1,5,HMT9.png,h,,
,,,,,,,12.18000007,,,,,,,,,801,2021-05-05_20h05.10.531,udkast til sockult 2,3.2.3,MacIntel,60,,,c,0,12.13800001,,,1,0,6,0,1,5,HMT1.png,h,,
,,,,,,,,,,,,,,,,801,2021-05-05_20h05.10.531,udkast til sockult 2,3.2.3,MacIntel,60,,,,,,,,,,,,,,,,return,7.853000164
