key_resp.keys,key_resp.rt,key_resp_3.keys,key_resp_3.rt,key_resp_2.keys,key_resp_2.rt,anagram_answer,RT,trials.thisRepN,trials.thisTrialN,trials.thisN,trials.thisIndex,trials.ran,trials.order,anagrammer,correct,id,date,expName,psychopyVersion,OS,frameRate,IQ_enter.keys,IQ_enter.rt,IQ_response.keys,IQ_response.corr,IQ_response.rt,key_resp_6.keys,key_resp_6.rt,trials_2.thisRepN,trials_2.thisTrialN,trials_2.thisN,trials_2.thisIndex,trials_2.ran,trials_2.order,options,correctIQanswer,key_resp_7.keys,key_resp_7.rt
return,24.46399999,return,3.703999996,,,,0,1,0,10,0,1,9,REMOVE,,110,2021-04-28_22h29.25.478,udkast til sockult 2,3.2.3,Win32,60,,,,,,,,,,,,,,,,,
,,,,,,,196.4450002,1,0,10,1,1,9,ANISPLEP,appelsin,110,2021-04-28_22h29.25.478,udkast til sockult 2,3.2.3,Win32,60,,,,,,,,,,,,,,,,,
,,,,,,spejl,10.33000016,1,0,10,2,1,9,LSEPJ,spejl,110,2021-04-28_22h29.25.478,udkast til sockult 2,3.2.3,Win32,60,,,,,,,,,,,,,,,,,
,,,,,,hest,2.780999899,1,0,10,3,1,9,STEH,hest,110,2021-04-28_22h29.25.478,udkast til sockult 2,3.2.3,Win32,60,,,,,,,,,,,,,,,,,
,,,,,,,134.957,1,0,10,4,1,9,MKRAAE,kamera,110,2021-04-28_22h29.25.478,udkast til sockult 2,3.2.3,Win32,60,,,,,,,,,,,,,,,,,
,,,,,,blomst,57.71700001,1,0,10,5,1,9,MLOBST,blomst,110,2021-04-28_22h29.25.478,udkast til sockult 2,3.2.3,Win32,60,,,,,,,,,,,,,,,,,
,,,,,,num_enter,97.28700018,1,0,10,6,1,9,DBGOOR,ordbog,110,2021-04-28_22h29.25.478,udkast til sockult 2,3.2.3,Win32,60,,,,,,,,,,,,,,,,,
,,,,,,,98.81900001,1,0,10,7,1,9,LKDSAR,skrald,110,2021-04-28_22h29.25.478,udkast til sockult 2,3.2.3,Win32,60,,,,,,,,,,,,,,,,,
,,,,,,cykler,13.87999988,1,0,10,8,1,9,LKECYR,cykler,110,2021-04-28_22h29.25.478,udkast til sockult 2,3.2.3,Win32,60,,,,,,,,,,,,,,,,,
,,,,,,papir,3.862999916,1,0,10,9,1,9,PIARP,papir,110,2021-04-28_22h29.25.478,udkast til sockult 2,3.2.3,Win32,60,,,,,,,,,,,,,,,,,
,,,,,,,25.72400022,,,,,,,,,110,2021-04-28_22h29.25.478,udkast til sockult 2,3.2.3,Win32,60,return,14.95499992,h,1,25.60599995,,,1,0,6,4,1,5,HMT7.png,h,,
,,,,,,,39.27999997,,,,,,,,,110,2021-04-28_22h29.25.478,udkast til sockult 2,3.2.3,Win32,60,,,h,1,39.16000009,,,1,0,6,0,1,5,HMT1.png,h,,
,,,,,,,33.96499991,,,,,,,,,110,2021-04-28_22h29.25.478,udkast til sockult 2,3.2.3,Win32,60,,,e,1,33.852,,,1,0,6,1,1,5,HMT2.png,e,,
,,,,,,,26.58100009,,,,,,,,,110,2021-04-28_22h29.25.478,udkast til sockult 2,3.2.3,Win32,60,,,a,0,26.45799994,,,1,0,6,2,1,5,HMT3.png,c,,
,,,,,,,43.43299985,,,,,,,,,110,2021-04-28_22h29.25.478,udkast til sockult 2,3.2.3,Win32,60,,,h,0,43.31799984,,,1,0,6,3,1,5,HMT5.png,d,,
,,,,,,,47.31599998,,,,,,,,,110,2021-04-28_22h29.25.478,udkast til sockult 2,3.2.3,Win32,60,,,c,0,47.18199992,,,1,0,6,5,1,5,HMT9.png,h,,
,,,,,,,,,,,,,,,,110,2021-04-28_22h29.25.478,udkast til sockult 2,3.2.3,Win32,60,,,,,,,,,,,,,,,,return,7.972999811
