key_resp.keys,key_resp.rt,key_resp_3.keys,key_resp_3.rt,key_resp_2.keys,key_resp_2.rt,anagram_answer,RT,trials.thisRepN,trials.thisTrialN,trials.thisN,trials.thisIndex,trials.ran,trials.order,anagrammer,correct,id,date,expName,psychopyVersion,OS,frameRate,IQ_enter.keys,IQ_enter.rt,IQ_response.keys,IQ_response.corr,IQ_response.rt,key_resp_6.keys,key_resp_6.rt,trials_2.thisRepN,trials_2.thisTrialN,trials_2.thisN,trials_2.thisIndex,trials_2.ran,trials_2.order,options,correctIQanswer,key_resp_7.keys,key_resp_7.rt
return,11.70299983,return,3.792999744,,,,0,1,0,10,0,1,9,REMOVE,,1933,2021-05-06_16h03.47.502,udkast til sockult 2,3.2.3,MacIntel,60,,,,,,,,,,,,,,,,,
,,,,,,islappen,156.6570001,1,0,10,1,1,9,ANISPLEP,appelsin,1933,2021-05-06_16h03.47.502,udkast til sockult 2,3.2.3,MacIntel,60,,,,,,,,,,,,,,,,,
,,,,,,plejs,75.773,1,0,10,2,1,9,LSEPJ,spejl,1933,2021-05-06_16h03.47.502,udkast til sockult 2,3.2.3,MacIntel,60,,,,,,,,,,,,,,,,,
,,,,,,hest,22.23600006,1,0,10,3,1,9,STEH,hest,1933,2021-05-06_16h03.47.502,udkast til sockult 2,3.2.3,MacIntel,60,,,,,,,,,,,,,,,,,
,,,,,,kamera,17.40100002,1,0,10,4,1,9,MKRAAE,kamera,1933,2021-05-06_16h03.47.502,udkast til sockult 2,3.2.3,MacIntel,60,,,,,,,,,,,,,,,,,
,,,,,,blomst,11.28399992,1,0,10,5,1,9,MLOBST,blomst,1933,2021-05-06_16h03.47.502,udkast til sockult 2,3.2.3,MacIntel,60,,,,,,,,,,,,,,,,,
,,,,,,bog rod,52.40499997,1,0,10,6,1,9,DBGOOR,ordbog,1933,2021-05-06_16h03.47.502,udkast til sockult 2,3.2.3,MacIntel,60,,,,,,,,,,,,,,,,,
,,,,,,skrald,25.83500004,1,0,10,7,1,9,LKDSAR,skrald,1933,2021-05-06_16h03.47.502,udkast til sockult 2,3.2.3,MacIntel,60,,,,,,,,,,,,,,,,,
,,,,,,cykler,13.48300004,1,0,10,8,1,9,LKECYR,cykler,1933,2021-05-06_16h03.47.502,udkast til sockult 2,3.2.3,MacIntel,60,,,,,,,,,,,,,,,,,
,,,,,,papir,21.43400002,1,0,10,9,1,9,PIARP,papir,1933,2021-05-06_16h03.47.502,udkast til sockult 2,3.2.3,MacIntel,60,,,,,,,,,,,,,,,,,
,,,,,,,28.09299994,,,,,,,,,1933,2021-05-06_16h03.47.502,udkast til sockult 2,3.2.3,MacIntel,60,return,11.99799991,d,1,28.04099989,,,1,0,6,3,1,5,HMT5.png,d,,
,,,,,,,61.30700016,,,,,,,,,1933,2021-05-06_16h03.47.502,udkast til sockult 2,3.2.3,MacIntel,60,,,b,0,61.26099968,,,1,0,6,1,1,5,HMT2.png,e,,
,,,,,,,49.22099996,,,,,,,,,1933,2021-05-06_16h03.47.502,udkast til sockult 2,3.2.3,MacIntel,60,,,b,0,49.17599988,,,1,0,6,5,1,5,HMT9.png,h,,
,,,,,,,18.43400002,,,,,,,,,1933,2021-05-06_16h03.47.502,udkast til sockult 2,3.2.3,MacIntel,60,,,h,1,18.38799977,,,1,0,6,0,1,5,HMT1.png,h,,
,,,,,,,34.55299997,,,,,,,,,1933,2021-05-06_16h03.47.502,udkast til sockult 2,3.2.3,MacIntel,60,,,a,0,34.51199985,,,1,0,6,4,1,5,HMT7.png,h,,
,,,,,,,27.16799998,,,,,,,,,1933,2021-05-06_16h03.47.502,udkast til sockult 2,3.2.3,MacIntel,60,,,c,1,27.12400007,,,1,0,6,2,1,5,HMT3.png,c,,
,,,,,,,,,,,,,,,,1933,2021-05-06_16h03.47.502,udkast til sockult 2,3.2.3,MacIntel,60,,,,,,,,,,,,,,,,return,5.56799984
