key_resp.keys,key_resp.rt,key_resp_3.keys,key_resp_3.rt,key_resp_2.keys,key_resp_2.rt,anagram_answer,RT,trials.thisRepN,trials.thisTrialN,trials.thisN,trials.thisIndex,trials.ran,trials.order,anagrammer,correct,id,date,expName,psychopyVersion,OS,frameRate,IQ_enter.keys,IQ_enter.rt,IQ_response.keys,IQ_response.corr,IQ_response.rt,key_resp_6.keys,key_resp_6.rt,trials_2.thisRepN,trials_2.thisTrialN,trials_2.thisN,trials_2.thisIndex,trials_2.ran,trials_2.order,options,correctIQanswer,key_resp_7.keys,key_resp_7.rt
return,63.18499994,return,7.046000004,,,,0,1,0,10,0,1,9,REMOVE,,1500,2021-05-03_16h25.15.033,udkast til sockult 2,3.2.3,Win32,60,,,,,,,,,,,,,,,,,
,,,,,,,689.312,1,0,10,1,1,9,ANISPLEP,appelsin,1500,2021-05-03_16h25.15.033,udkast til sockult 2,3.2.3,Win32,60,,,,,,,,,,,,,,,,,
,,,,,,spejl,11.6960001,1,0,10,2,1,9,LSEPJ,spejl,1500,2021-05-03_16h25.15.033,udkast til sockult 2,3.2.3,Win32,60,,,,,,,,,,,,,,,,,
,,,,,,hest,4.463999987,1,0,10,3,1,9,STEH,hest,1500,2021-05-03_16h25.15.033,udkast til sockult 2,3.2.3,Win32,60,,,,,,,,,,,,,,,,,
,,,,,,kamera,89.99900007,1,0,10,4,1,9,MKRAAE,kamera,1500,2021-05-03_16h25.15.033,udkast til sockult 2,3.2.3,Win32,60,,,,,,,,,,,,,,,,,
,,,,,,blomst,9.780999899,1,0,10,5,1,9,MLOBST,blomst,1500,2021-05-03_16h25.15.033,udkast til sockult 2,3.2.3,Win32,60,,,,,,,,,,,,,,,,,
,,,,,,ordbog,211.233,1,0,10,6,1,9,DBGOOR,ordbog,1500,2021-05-03_16h25.15.033,udkast til sockult 2,3.2.3,Win32,60,,,,,,,,,,,,,,,,,
,,,,,,skrald,275.9679999,1,0,10,7,1,9,LKDSAR,skrald,1500,2021-05-03_16h25.15.033,udkast til sockult 2,3.2.3,Win32,60,,,,,,,,,,,,,,,,,
,,,,,,cykler,14.59800005,1,0,10,8,1,9,LKECYR,cykler,1500,2021-05-03_16h25.15.033,udkast til sockult 2,3.2.3,Win32,60,,,,,,,,,,,,,,,,,
,,,,,,papir,7.963999987,1,0,10,9,1,9,PIARP,papir,1500,2021-05-03_16h25.15.033,udkast til sockult 2,3.2.3,Win32,60,,,,,,,,,,,,,,,,,
,,,,,,,128.2539999,,,,,,,,,1500,2021-05-03_16h25.15.033,udkast til sockult 2,3.2.3,Win32,60,return,35.42799997,d,1,128.1919999,,,1,0,6,3,1,5,HMT5.png,d,,
,,,,,,,132.4789999,,,,,,,,,1500,2021-05-03_16h25.15.033,udkast til sockult 2,3.2.3,Win32,60,,,h,1,132.402,,,1,0,6,4,1,5,HMT7.png,h,,
,,,,,,,66.63100004,,,,,,,,,1500,2021-05-03_16h25.15.033,udkast til sockult 2,3.2.3,Win32,60,,,h,1,66.56299996,,,1,0,6,0,1,5,HMT1.png,h,,
,,,,,,,214.1140001,,,,,,,,,1500,2021-05-03_16h25.15.033,udkast til sockult 2,3.2.3,Win32,60,,,e,1,214.0350001,,,1,0,6,1,1,5,HMT2.png,e,,
,,,,,,,219.931,,,,,,,,,1500,2021-05-03_16h25.15.033,udkast til sockult 2,3.2.3,Win32,60,,,g,0,219.8540001,,,1,0,6,5,1,5,HMT9.png,h,,
,,,,,,,139.431,,,,,,,,,1500,2021-05-03_16h25.15.033,udkast til sockult 2,3.2.3,Win32,60,,,f,0,139.3539999,,,1,0,6,2,1,5,HMT3.png,c,,
,,,,,,,,,,,,,,,,1500,2021-05-03_16h25.15.033,udkast til sockult 2,3.2.3,Win32,60,,,,,,,,,,,,,,,,return,13.17700005
