key_resp.keys,key_resp.rt,key_resp_3.keys,key_resp_3.rt,key_resp_2.keys,key_resp_2.rt,anagram_answer,RT,trials.thisRepN,trials.thisTrialN,trials.thisN,trials.thisIndex,trials.ran,trials.order,anagrammer,correct,id,date,expName,psychopyVersion,OS,frameRate,IQ_enter.keys,IQ_enter.rt,IQ_response.keys,IQ_response.corr,IQ_response.rt,key_resp_6.keys,key_resp_6.rt,trials_2.thisRepN,trials_2.thisTrialN,trials_2.thisN,trials_2.thisIndex,trials_2.ran,trials_2.order,options,correctIQanswer,key_resp_7.keys,key_resp_7.rt
return,27.20099998,return,6.829999924,,,,0,1,0,10,0,1,9,REMOVE,,947,2021-05-07_08h05.08.461,udkast til sockult 2,3.2.3,Win32,60,,,,,,,,,,,,,,,,,
,,,,,,appelsin,87.18700004,1,0,10,1,1,9,ANISPLEP,appelsin,947,2021-05-07_08h05.08.461,udkast til sockult 2,3.2.3,Win32,60,,,,,,,,,,,,,,,,,
,,,,,,,72.94400001,1,0,10,2,1,9,LSEPJ,spejl,947,2021-05-07_08h05.08.461,udkast til sockult 2,3.2.3,Win32,60,,,,,,,,,,,,,,,,,
,,,,,,,93.15100002,1,0,10,3,1,9,STEH,hest,947,2021-05-07_08h05.08.461,udkast til sockult 2,3.2.3,Win32,60,,,,,,,,,,,,,,,,,
,,,,,,,107.5079999,1,0,10,4,1,9,MKRAAE,kamera,947,2021-05-07_08h05.08.461,udkast til sockult 2,3.2.3,Win32,60,,,,,,,,,,,,,,,,,
,,,,,,,1.263000011,1,0,10,5,1,9,MLOBST,blomst,947,2021-05-07_08h05.08.461,udkast til sockult 2,3.2.3,Win32,60,,,,,,,,,,,,,,,,,
,,,,,,,0.632000208,1,0,10,6,1,9,DBGOOR,ordbog,947,2021-05-07_08h05.08.461,udkast til sockult 2,3.2.3,Win32,60,,,,,,,,,,,,,,,,,
,,,,,,,0.381999969,1,0,10,7,1,9,LKDSAR,skrald,947,2021-05-07_08h05.08.461,udkast til sockult 2,3.2.3,Win32,60,,,,,,,,,,,,,,,,,
,,,,,,,0.232000113,1,0,10,8,1,9,LKECYR,cykler,947,2021-05-07_08h05.08.461,udkast til sockult 2,3.2.3,Win32,60,,,,,,,,,,,,,,,,,
,,,,,,,0.19900012,1,0,10,9,1,9,PIARP,papir,947,2021-05-07_08h05.08.461,udkast til sockult 2,3.2.3,Win32,60,,,,,,,,,,,,,,,,,
,,,,,,,39.08800006,,,,,,,,,947,2021-05-07_08h05.08.461,udkast til sockult 2,3.2.3,Win32,60,return,25.78299999,h,1,38.96199989,,,1,0,6,5,1,5,HMT9.png,h,,
,,,,,,,19.13100004,,,,,,,,,947,2021-05-07_08h05.08.461,udkast til sockult 2,3.2.3,Win32,60,,,e,1,19.03900003,,,1,0,6,1,1,5,HMT2.png,e,,
,,,,,,,15.36699986,,,,,,,,,947,2021-05-07_08h05.08.461,udkast til sockult 2,3.2.3,Win32,60,,,h,1,15.25899982,,,1,0,6,4,1,5,HMT7.png,h,,
,,,,,,,16.39700007,,,,,,,,,947,2021-05-07_08h05.08.461,udkast til sockult 2,3.2.3,Win32,60,,,h,1,16.28699994,,,1,0,6,0,1,5,HMT1.png,h,,
,,,,,,,22.73000002,,,,,,,,,947,2021-05-07_08h05.08.461,udkast til sockult 2,3.2.3,Win32,60,,,f,0,22.60299993,,,1,0,6,2,1,5,HMT3.png,c,,
,,,,,,,17.44799995,,,,,,,,,947,2021-05-07_08h05.08.461,udkast til sockult 2,3.2.3,Win32,60,,,d,1,17.31200004,,,1,0,6,3,1,5,HMT5.png,d,,
,,,,,,,,,,,,,,,,947,2021-05-07_08h05.08.461,udkast til sockult 2,3.2.3,Win32,60,,,,,,,,,,,,,,,,return,5.419999838
