key_resp.keys,key_resp.rt,key_resp_3.keys,key_resp_3.rt,key_resp_2.keys,key_resp_2.rt,anagram_answer,RT,trials.thisRepN,trials.thisTrialN,trials.thisN,trials.thisIndex,trials.ran,trials.order,anagrammer,correct,id,date,expName,psychopyVersion,OS,frameRate,IQ_enter.keys,IQ_enter.rt,IQ_response.keys,IQ_response.corr,IQ_response.rt,key_resp_6.keys,key_resp_6.rt,trials_2.thisRepN,trials_2.thisTrialN,trials_2.thisN,trials_2.thisIndex,trials_2.ran,trials_2.order,options,correctIQanswer,key_resp_7.keys,key_resp_7.rt
return,18.53200006,return,4.514000177,,,,0,1,0,10,0,1,9,REMOVE,,1232,2021-04-28_19h27.12.723,udkast til sockult 2,3.2.3,Win32,60,,,,,,,,,,,,,,,,,
,,,,,,,275.7309999,1,0,10,1,1,9,ANISPLEP,appelsin,1232,2021-04-28_19h27.12.723,udkast til sockult 2,3.2.3,Win32,60,,,,,,,,,,,,,,,,,
,,,,,,spejl,50.38499999,1,0,10,2,1,9,LSEPJ,spejl,1232,2021-04-28_19h27.12.723,udkast til sockult 2,3.2.3,Win32,60,,,,,,,,,,,,,,,,,
,,,,,,hest,6.289999962,1,0,10,3,1,9,STEH,hest,1232,2021-04-28_19h27.12.723,udkast til sockult 2,3.2.3,Win32,60,,,,,,,,,,,,,,,,,
,,,,,,,89.87199998,1,0,10,4,1,9,MKRAAE,kamera,1232,2021-04-28_19h27.12.723,udkast til sockult 2,3.2.3,Win32,60,,,,,,,,,,,,,,,,,
,,,,,,blomst,19.46199989,1,0,10,5,1,9,MLOBST,blomst,1232,2021-04-28_19h27.12.723,udkast til sockult 2,3.2.3,Win32,60,,,,,,,,,,,,,,,,,
,,,,,,,50.52099991,1,0,10,6,1,9,DBGOOR,ordbog,1232,2021-04-28_19h27.12.723,udkast til sockult 2,3.2.3,Win32,60,,,,,,,,,,,,,,,,,
,,,,,,skrald,44.90799999,1,0,10,7,1,9,LKDSAR,skrald,1232,2021-04-28_19h27.12.723,udkast til sockult 2,3.2.3,Win32,60,,,,,,,,,,,,,,,,,
,,,,,,cykler,26.10700011,1,0,10,8,1,9,LKECYR,cykler,1232,2021-04-28_19h27.12.723,udkast til sockult 2,3.2.3,Win32,60,,,,,,,,,,,,,,,,,
,,,,,,papir,10.07000017,1,0,10,9,1,9,PIARP,papir,1232,2021-04-28_19h27.12.723,udkast til sockult 2,3.2.3,Win32,60,,,,,,,,,,,,,,,,,
,,,,,,,80.29999995,,,,,,,,,1232,2021-04-28_19h27.12.723,udkast til sockult 2,3.2.3,Win32,60,return,15.42800021,c,1,80.19500017,,,1,0,6,2,1,5,HMT3.png,c,,
,,,,,,,16.72900009,,,,,,,,,1232,2021-04-28_19h27.12.723,udkast til sockult 2,3.2.3,Win32,60,,,e,1,16.59299994,,,1,0,6,1,1,5,HMT2.png,e,,
,,,,,,,142.177,,,,,,,,,1232,2021-04-28_19h27.12.723,udkast til sockult 2,3.2.3,Win32,60,,,e,0,142.0240002,,,1,0,6,5,1,5,HMT9.png,h,,
,,,,,,,119.8629999,,,,,,,,,1232,2021-04-28_19h27.12.723,udkast til sockult 2,3.2.3,Win32,60,,,a,0,119.717,,,1,0,6,4,1,5,HMT7.png,h,,
,,,,,,,46.49100018,,,,,,,,,1232,2021-04-28_19h27.12.723,udkast til sockult 2,3.2.3,Win32,60,,,d,1,46.34299994,,,1,0,6,3,1,5,HMT5.png,d,,
,,,,,,,72.21899986,,,,,,,,,1232,2021-04-28_19h27.12.723,udkast til sockult 2,3.2.3,Win32,60,,,h,1,72.09299994,,,1,0,6,0,1,5,HMT1.png,h,,
,,,,,,,,,,,,,,,,1232,2021-04-28_19h27.12.723,udkast til sockult 2,3.2.3,Win32,60,,,,,,,,,,,,,,,,return,8.121000051
