key_resp.keys,key_resp.rt,key_resp_3.keys,key_resp_3.rt,key_resp_2.keys,key_resp_2.rt,anagram_answer,RT,trials.thisRepN,trials.thisTrialN,trials.thisN,trials.thisIndex,trials.ran,trials.order,anagrammer,correct,id,date,expName,psychopyVersion,OS,frameRate,IQ_enter.keys,IQ_enter.rt,IQ_response.keys,IQ_response.corr,IQ_response.rt,key_resp_6.keys,key_resp_6.rt,trials_2.thisRepN,trials_2.thisTrialN,trials_2.thisN,trials_2.thisIndex,trials_2.ran,trials_2.order,options,correctIQanswer,key_resp_7.keys,key_resp_7.rt
return,20.96799994,return,3.65899992,,,,0,1,0,10,0,1,9,REMOVE,,1010,2021-05-02_18h50.43.379,udkast til sockult 2,3.2.3,Win32,60,,,,,,,,,,,,,,,,,
,,,,,,appelsin,65.02200007,1,0,10,1,1,9,ANISPLEP,appelsin,1010,2021-05-02_18h50.43.379,udkast til sockult 2,3.2.3,Win32,60,,,,,,,,,,,,,,,,,
,,,,,,spejl,5.59100008,1,0,10,2,1,9,LSEPJ,spejl,1010,2021-05-02_18h50.43.379,udkast til sockult 2,3.2.3,Win32,60,,,,,,,,,,,,,,,,,
,,,,,,hest,3.213999987,1,0,10,3,1,9,STEH,hest,1010,2021-05-02_18h50.43.379,udkast til sockult 2,3.2.3,Win32,60,,,,,,,,,,,,,,,,,
,,,,,,,123.5599999,1,0,10,4,1,9,MKRAAE,kamera,1010,2021-05-02_18h50.43.379,udkast til sockult 2,3.2.3,Win32,60,,,,,,,,,,,,,,,,,
,,,,,,blomst,2.862000227,1,0,10,5,1,9,MLOBST,blomst,1010,2021-05-02_18h50.43.379,udkast til sockult 2,3.2.3,Win32,60,,,,,,,,,,,,,,,,,
,,,,,,ordbog,8.309999943,1,0,10,6,1,9,DBGOOR,ordbog,1010,2021-05-02_18h50.43.379,udkast til sockult 2,3.2.3,Win32,60,,,,,,,,,,,,,,,,,
,,,,,,skrald,44.21200013,1,0,10,7,1,9,LKDSAR,skrald,1010,2021-05-02_18h50.43.379,udkast til sockult 2,3.2.3,Win32,60,,,,,,,,,,,,,,,,,
,,,,,,cykel,5.227999926,1,0,10,8,1,9,LKECYR,cykler,1010,2021-05-02_18h50.43.379,udkast til sockult 2,3.2.3,Win32,60,,,,,,,,,,,,,,,,,
,,,,,,pirat,5.528000116,1,0,10,9,1,9,PIARP,papir,1010,2021-05-02_18h50.43.379,udkast til sockult 2,3.2.3,Win32,60,,,,,,,,,,,,,,,,,
,,,,,,,97.33400011,,,,,,,,,1010,2021-05-02_18h50.43.379,udkast til sockult 2,3.2.3,Win32,60,return,5.31099987,h,1,97.21399999,,,1,0,6,5,1,5,HMT9.png,h,,
,,,,,,,21.86199999,,,,,,,,,1010,2021-05-02_18h50.43.379,udkast til sockult 2,3.2.3,Win32,60,,,d,0,21.74499989,,,1,0,6,2,1,5,HMT3.png,c,,
,,,,,,,33.42200017,,,,,,,,,1010,2021-05-02_18h50.43.379,udkast til sockult 2,3.2.3,Win32,60,,,e,1,33.29500008,,,1,0,6,1,1,5,HMT2.png,e,,
,,,,,,,89.72199988,,,,,,,,,1010,2021-05-02_18h50.43.379,udkast til sockult 2,3.2.3,Win32,60,,,g,0,89.61199999,,,1,0,6,4,1,5,HMT7.png,h,,
,,,,,,,48.06100011,,,,,,,,,1010,2021-05-02_18h50.43.379,udkast til sockult 2,3.2.3,Win32,60,,,d,1,47.95299983,,,1,0,6,3,1,5,HMT5.png,d,,
,,,,,,,68.97600007,,,,,,,,,1010,2021-05-02_18h50.43.379,udkast til sockult 2,3.2.3,Win32,60,,,h,1,68.87799978,,,1,0,6,0,1,5,HMT1.png,h,,
,,,,,,,,,,,,,,,,1010,2021-05-02_18h50.43.379,udkast til sockult 2,3.2.3,Win32,60,,,,,,,,,,,,,,,,return,2.674000025
