key_resp.keys,key_resp.rt,key_resp_3.keys,key_resp_3.rt,key_resp_2.keys,key_resp_2.rt,anagram_answer,RT,trials.thisRepN,trials.thisTrialN,trials.thisN,trials.thisIndex,trials.ran,trials.order,anagrammer,correct,id,date,expName,psychopyVersion,OS,frameRate,IQ_enter.keys,IQ_enter.rt,IQ_response.keys,IQ_response.corr,IQ_response.rt,key_resp_6.keys,key_resp_6.rt,trials_2.thisRepN,trials_2.thisTrialN,trials_2.thisN,trials_2.thisIndex,trials_2.ran,trials_2.order,options,correctIQanswer,key_resp_7.keys,key_resp_7.rt
return,29.84700012,return,6.427999973,,,,0,1,0,10,0,1,9,REMOVE,,33,2021-04-30_22h14.49.719,udkast til sockult 2,3.2.3,Win32,60,,,,,,,,,,,,,,,,,
,,,,,,appelsin,26.80200005,1,0,10,1,1,9,ANISPLEP,appelsin,33,2021-04-30_22h14.49.719,udkast til sockult 2,3.2.3,Win32,60,,,,,,,,,,,,,,,,,
,,,,,,spejl,121.7510002,1,0,10,2,1,9,LSEPJ,spejl,33,2021-04-30_22h14.49.719,udkast til sockult 2,3.2.3,Win32,60,,,,,,,,,,,,,,,,,
,,,,,,hest,4.414000034,1,0,10,3,1,9,STEH,hest,33,2021-04-30_22h14.49.719,udkast til sockult 2,3.2.3,Win32,60,,,,,,,,,,,,,,,,,
,,,,,,kamera,1099.857,1,0,10,4,1,9,MKRAAE,kamera,33,2021-04-30_22h14.49.719,udkast til sockult 2,3.2.3,Win32,60,,,,,,,,,,,,,,,,,
,,,,,,blomst,5.277999878,1,0,10,5,1,9,MLOBST,blomst,33,2021-04-30_22h14.49.719,udkast til sockult 2,3.2.3,Win32,60,,,,,,,,,,,,,,,,,
,,,,,,ordbog,84.24600005,1,0,10,6,1,9,DBGOOR,ordbog,33,2021-04-30_22h14.49.719,udkast til sockult 2,3.2.3,Win32,60,,,,,,,,,,,,,,,,,
,,,,,,skrald,25.21399999,1,0,10,7,1,9,LKDSAR,skrald,33,2021-04-30_22h14.49.719,udkast til sockult 2,3.2.3,Win32,60,,,,,,,,,,,,,,,,,
,,,,,,cykler,42.13000011,1,0,10,8,1,9,LKECYR,cykler,33,2021-04-30_22h14.49.719,udkast til sockult 2,3.2.3,Win32,60,,,,,,,,,,,,,,,,,
,,,,,,papir,7.448000193,1,0,10,9,1,9,PIARP,papir,33,2021-04-30_22h14.49.719,udkast til sockult 2,3.2.3,Win32,60,,,,,,,,,,,,,,,,,
,,,,,,,116.398,,,,,,,,,33,2021-04-30_22h14.49.719,udkast til sockult 2,3.2.3,Win32,60,return,21.52700019,c,1,116.2750001,,,1,0,6,2,1,5,HMT3.png,c,,
,,,,,,,239.5239999,,,,,,,,,33,2021-04-30_22h14.49.719,udkast til sockult 2,3.2.3,Win32,60,,,h,1,239.3870001,,,1,0,6,5,1,5,HMT9.png,h,,
,,,,,,,80.46399999,,,,,,,,,33,2021-04-30_22h14.49.719,udkast til sockult 2,3.2.3,Win32,60,,,d,1,80.32200003,,,1,0,6,3,1,5,HMT5.png,d,,
,,,,,,,28.1960001,,,,,,,,,33,2021-04-30_22h14.49.719,udkast til sockult 2,3.2.3,Win32,60,,,e,1,28.06299996,,,1,0,6,1,1,5,HMT2.png,e,,
,,,,,,,191.9760001,,,,,,,,,33,2021-04-30_22h14.49.719,udkast til sockult 2,3.2.3,Win32,60,,,b,0,191.8370001,,,1,0,6,4,1,5,HMT7.png,h,,
,,,,,,,35.74500012,,,,,,,,,33,2021-04-30_22h14.49.719,udkast til sockult 2,3.2.3,Win32,60,,,h,1,35.60599995,,,1,0,6,0,1,5,HMT1.png,h,,
,,,,,,,,,,,,,,,,33,2021-04-30_22h14.49.719,udkast til sockult 2,3.2.3,Win32,60,,,,,,,,,,,,,,,,return,5.034999847
