key_resp.keys,key_resp.rt,key_resp_3.keys,key_resp_3.rt,key_resp_2.keys,key_resp_2.rt,anagram_answer,RT,trials.thisRepN,trials.thisTrialN,trials.thisN,trials.thisIndex,trials.ran,trials.order,anagrammer,correct,id,date,expName,psychopyVersion,OS,frameRate,IQ_enter.keys,IQ_enter.rt,IQ_response.keys,IQ_response.corr,IQ_response.rt,key_resp_6.keys,key_resp_6.rt,trials_2.thisRepN,trials_2.thisTrialN,trials_2.thisN,trials_2.thisIndex,trials_2.ran,trials_2.order,options,correctIQanswer,key_resp_7.keys,key_resp_7.rt
return,25.19400001,return,3.611999989,,,,0.000999928,1,0,10,0,1,9,REMOVE,,824,2021-05-07_12h24.10.897,udkast til sockult 2,3.2.3,MacIntel,60,,,,,,,,,,,,,,,,,
,,,,,,,71.44299984,1,0,10,1,1,9,ANISPLEP,appelsin,824,2021-05-07_12h24.10.897,udkast til sockult 2,3.2.3,MacIntel,60,,,,,,,,,,,,,,,,,
,,,,,,spejl,26.76799989,1,0,10,2,1,9,LSEPJ,spejl,824,2021-05-07_12h24.10.897,udkast til sockult 2,3.2.3,MacIntel,60,,,,,,,,,,,,,,,,,
,,,,,,hest,4.031999826,1,0,10,3,1,9,STEH,hest,824,2021-05-07_12h24.10.897,udkast til sockult 2,3.2.3,MacIntel,60,,,,,,,,,,,,,,,,,
,,,,,,kamera,41.78600001,1,0,10,4,1,9,MKRAAE,kamera,824,2021-05-07_12h24.10.897,udkast til sockult 2,3.2.3,MacIntel,60,,,,,,,,,,,,,,,,,
,,,,,,blomst,10.81699991,1,0,10,5,1,9,MLOBST,blomst,824,2021-05-07_12h24.10.897,udkast til sockult 2,3.2.3,MacIntel,60,,,,,,,,,,,,,,,,,
,,,,,,ordbog,37.90299988,1,0,10,6,1,9,DBGOOR,ordbog,824,2021-05-07_12h24.10.897,udkast til sockult 2,3.2.3,MacIntel,60,,,,,,,,,,,,,,,,,
,,,,,,,60.98599982,1,0,10,7,1,9,LKDSAR,skrald,824,2021-05-07_12h24.10.897,udkast til sockult 2,3.2.3,MacIntel,60,,,,,,,,,,,,,,,,,
,,,,,,cykler,7.218000174,1,0,10,8,1,9,LKECYR,cykler,824,2021-05-07_12h24.10.897,udkast til sockult 2,3.2.3,MacIntel,60,,,,,,,,,,,,,,,,,
,,,,,,papir,5.248999834,1,0,10,9,1,9,PIARP,papir,824,2021-05-07_12h24.10.897,udkast til sockult 2,3.2.3,MacIntel,60,,,,,,,,,,,,,,,,,
,,,,,,,16.18900013,,,,,,,,,824,2021-05-07_12h24.10.897,udkast til sockult 2,3.2.3,MacIntel,60,return,13.05500007,f,0,16.14299989,,,1,0,6,4,1,5,HMT7.png,h,,
,,,,,,,35.36299992,,,,,,,,,824,2021-05-07_12h24.10.897,udkast til sockult 2,3.2.3,MacIntel,60,,,h,1,35.32099986,,,1,0,6,5,1,5,HMT9.png,h,,
,,,,,,,24.28399992,,,,,,,,,824,2021-05-07_12h24.10.897,udkast til sockult 2,3.2.3,MacIntel,60,,,h,1,24.25399995,,,1,0,6,0,1,5,HMT1.png,h,,
,,,,,,,26.08500004,,,,,,,,,824,2021-05-07_12h24.10.897,udkast til sockult 2,3.2.3,MacIntel,60,,,c,1,26.04699993,,,1,0,6,2,1,5,HMT3.png,c,,
,,,,,,,9.833000183,,,,,,,,,824,2021-05-07_12h24.10.897,udkast til sockult 2,3.2.3,MacIntel,60,,,e,1,9.802999735,,,1,0,6,1,1,5,HMT2.png,e,,
,,,,,,,18.65100002,,,,,,,,,824,2021-05-07_12h24.10.897,udkast til sockult 2,3.2.3,MacIntel,60,,,d,1,18.61499977,,,1,0,6,3,1,5,HMT5.png,d,,
,,,,,,,,,,,,,,,,824,2021-05-07_12h24.10.897,udkast til sockult 2,3.2.3,MacIntel,60,,,,,,,,,,,,,,,,return,5.917999983
