key_resp.keys,key_resp.rt,key_resp_3.keys,key_resp_3.rt,key_resp_2.keys,key_resp_2.rt,anagram_answer,RT,trials.thisRepN,trials.thisTrialN,trials.thisN,trials.thisIndex,trials.ran,trials.order,anagrammer,correct,id,date,expName,psychopyVersion,OS,frameRate,IQ_enter.keys,IQ_enter.rt,IQ_response.keys,IQ_response.corr,IQ_response.rt,key_resp_6.keys,key_resp_6.rt,trials_2.thisRepN,trials_2.thisTrialN,trials_2.thisN,trials_2.thisIndex,trials_2.ran,trials_2.order,options,correctIQanswer,key_resp_7.keys,key_resp_7.rt
return,24.84500027,return,8.308000326,,,,0.001000166,1,0,10,0,1,9,REMOVE,,1951,2021-05-05_14h22.30.032,udkast til sockult 2,3.2.3,Win32,60,,,,,,,,,,,,,,,,,
,,,,,,appelsin,15.16799998,1,0,10,1,1,9,ANISPLEP,appelsin,1951,2021-05-05_14h22.30.032,udkast til sockult 2,3.2.3,Win32,60,,,,,,,,,,,,,,,,,
,,,,,,splejs,10.3039999,1,0,10,2,1,9,LSEPJ,spejl,1951,2021-05-05_14h22.30.032,udkast til sockult 2,3.2.3,Win32,60,,,,,,,,,,,,,,,,,
,,,,,,hest,13,1,0,10,3,1,9,STEH,hest,1951,2021-05-05_14h22.30.032,udkast til sockult 2,3.2.3,Win32,60,,,,,,,,,,,,,,,,,
,,,,,,kamera,46.23100019,1,0,10,4,1,9,MKRAAE,kamera,1951,2021-05-05_14h22.30.032,udkast til sockult 2,3.2.3,Win32,60,,,,,,,,,,,,,,,,,
,,,,,,blomst,2.928999901,1,0,10,5,1,9,MLOBST,blomst,1951,2021-05-05_14h22.30.032,udkast til sockult 2,3.2.3,Win32,60,,,,,,,,,,,,,,,,,
,,,,,,drog,34.22299981,1,0,10,6,1,9,DBGOOR,ordbog,1951,2021-05-05_14h22.30.032,udkast til sockult 2,3.2.3,Win32,60,,,,,,,,,,,,,,,,,
,,,,,,lakrids,57.71799994,1,0,10,7,1,9,LKDSAR,skrald,1951,2021-05-05_14h22.30.032,udkast til sockult 2,3.2.3,Win32,60,,,,,,,,,,,,,,,,,
,,,,,,cykler,11.93499994,1,0,10,8,1,9,LKECYR,cykler,1951,2021-05-05_14h22.30.032,udkast til sockult 2,3.2.3,Win32,60,,,,,,,,,,,,,,,,,
,,,,,,papir,3.911000013,1,0,10,9,1,9,PIARP,papir,1951,2021-05-05_14h22.30.032,udkast til sockult 2,3.2.3,Win32,60,,,,,,,,,,,,,,,,,
,,,,,,,24.19799995,,,,,,,,,1951,2021-05-05_14h22.30.032,udkast til sockult 2,3.2.3,Win32,60,return,18.66000009,c,1,24.09500027,,,1,0,6,2,1,5,HMT3.png,c,,
,,,,,,,29.91099977,,,,,,,,,1951,2021-05-05_14h22.30.032,udkast til sockult 2,3.2.3,Win32,60,,,d,1,29.7900002,,,1,0,6,3,1,5,HMT5.png,d,,
,,,,,,,41.63600016,,,,,,,,,1951,2021-05-05_14h22.30.032,udkast til sockult 2,3.2.3,Win32,60,,,h,1,41.51800013,,,1,0,6,5,1,5,HMT9.png,h,,
,,,,,,,57.99000001,,,,,,,,,1951,2021-05-05_14h22.30.032,udkast til sockult 2,3.2.3,Win32,60,,,,0,,return,57.87100005,1,0,6,4,1,5,HMT7.png,h,,
,,,,,,,43.22200012,,,,,,,,,1951,2021-05-05_14h22.30.032,udkast til sockult 2,3.2.3,Win32,60,,,h,1,43.14900017,,,1,0,6,0,1,5,HMT1.png,h,,
,,,,,,,9.717999935,,,,,,,,,1951,2021-05-05_14h22.30.032,udkast til sockult 2,3.2.3,Win32,60,,,e,1,9.589000225,,,1,0,6,1,1,5,HMT2.png,e,,
,,,,,,,,,,,,,,,,1951,2021-05-05_14h22.30.032,udkast til sockult 2,3.2.3,Win32,60,,,,,,,,,,,,,,,,return,8.005000114
