key_resp.keys,key_resp.rt,key_resp_3.keys,key_resp_3.rt,key_resp_2.keys,key_resp_2.rt,anagram_answer,RT,trials.thisRepN,trials.thisTrialN,trials.thisN,trials.thisIndex,trials.ran,trials.order,anagrammer,correct,id,date,expName,psychopyVersion,OS,frameRate,IQ_enter.keys,IQ_enter.rt,IQ_response.keys,IQ_response.corr,IQ_response.rt,key_resp_6.keys,key_resp_6.rt,trials_2.thisRepN,trials_2.thisTrialN,trials_2.thisN,trials_2.thisIndex,trials_2.ran,trials_2.order,options,correctIQanswer,key_resp_7.keys,key_resp_7.rt
return,21.98800015,return,5.327000141,,,,0.000999928,1,0,10,0,1,9,REMOVE,,1773,2021-05-02_18h48.02.241,udkast til sockult 2,3.2.3,Win32,60,,,,,,,,,,,,,,,,,
,,,,,,appelsin,369.5190001,1,0,10,1,1,9,ANISPLEP,appelsin,1773,2021-05-02_18h48.02.241,udkast til sockult 2,3.2.3,Win32,60,,,,,,,,,,,,,,,,,
,,,,,,spejl,19.82599998,1,0,10,2,1,9,LSEPJ,spejl,1773,2021-05-02_18h48.02.241,udkast til sockult 2,3.2.3,Win32,60,,,,,,,,,,,,,,,,,
,,,,,,hest,4.580000162,1,0,10,3,1,9,STEH,hest,1773,2021-05-02_18h48.02.241,udkast til sockult 2,3.2.3,Win32,60,,,,,,,,,,,,,,,,,
,,,,,,kamera,40.18799996,1,0,10,4,1,9,MKRAAE,kamera,1773,2021-05-02_18h48.02.241,udkast til sockult 2,3.2.3,Win32,60,,,,,,,,,,,,,,,,,
,,,,,,blomst,4.680000067,1,0,10,5,1,9,MLOBST,blomst,1773,2021-05-02_18h48.02.241,udkast til sockult 2,3.2.3,Win32,60,,,,,,,,,,,,,,,,,
,,,,,,ordbog,98.65700006,1,0,10,6,1,9,DBGOOR,ordbog,1773,2021-05-02_18h48.02.241,udkast til sockult 2,3.2.3,Win32,60,,,,,,,,,,,,,,,,,
,,,,,,skrald,105.7389998,1,0,10,7,1,9,LKDSAR,skrald,1773,2021-05-02_18h48.02.241,udkast til sockult 2,3.2.3,Win32,60,,,,,,,,,,,,,,,,,
,,,,,,cykler,33.49000001,1,0,10,8,1,9,LKECYR,cykler,1773,2021-05-02_18h48.02.241,udkast til sockult 2,3.2.3,Win32,60,,,,,,,,,,,,,,,,,
,,,,,,papir,10.9460001,1,0,10,9,1,9,PIARP,papir,1773,2021-05-02_18h48.02.241,udkast til sockult 2,3.2.3,Win32,60,,,,,,,,,,,,,,,,,
,,,,,,,458.8139999,,,,,,,,,1773,2021-05-02_18h48.02.241,udkast til sockult 2,3.2.3,Win32,60,return,23.51400018,h,1,458.6850002,,,1,0,6,4,1,5,HMT7.png,h,,
,,,,,,,45.48500013,,,,,,,,,1773,2021-05-02_18h48.02.241,udkast til sockult 2,3.2.3,Win32,60,,,h,1,45.31100011,,,1,0,6,5,1,5,HMT9.png,h,,
,,,,,,,23.00900006,,,,,,,,,1773,2021-05-02_18h48.02.241,udkast til sockult 2,3.2.3,Win32,60,,,e,1,22.87800002,,,1,0,6,1,1,5,HMT2.png,e,,
,,,,,,,29.99099994,,,,,,,,,1773,2021-05-02_18h48.02.241,udkast til sockult 2,3.2.3,Win32,60,,,h,1,29.87400007,,,1,0,6,0,1,5,HMT1.png,h,,
,,,,,,,39.67200017,,,,,,,,,1773,2021-05-02_18h48.02.241,udkast til sockult 2,3.2.3,Win32,60,,,d,1,39.44300008,,,1,0,6,3,1,5,HMT5.png,d,,
,,,,,,,74.41300011,,,,,,,,,1773,2021-05-02_18h48.02.241,udkast til sockult 2,3.2.3,Win32,60,,,c,1,74.27400017,,,1,0,6,2,1,5,HMT3.png,c,,
,,,,,,,,,,,,,,,,1773,2021-05-02_18h48.02.241,udkast til sockult 2,3.2.3,Win32,60,,,,,,,,,,,,,,,,return,10.85400033
