key_resp.keys,key_resp.rt,key_resp_3.keys,key_resp_3.rt,key_resp_2.keys,key_resp_2.rt,anagram_answer,RT,trials.thisRepN,trials.thisTrialN,trials.thisN,trials.thisIndex,trials.ran,trials.order,anagrammer,correct,id,date,expName,psychopyVersion,OS,frameRate,IQ_enter.keys,IQ_enter.rt,IQ_response.keys,IQ_response.corr,IQ_response.rt,key_resp_6.keys,key_resp_6.rt,trials_2.thisRepN,trials_2.thisTrialN,trials_2.thisN,trials_2.thisIndex,trials_2.ran,trials_2.order,options,correctIQanswer,key_resp_7.keys,key_resp_7.rt
return,25.13700008,return,5.480999947,,,,0,1,0,10,0,1,9,REMOVE,,678,2021-04-30_18h51.14.076,udkast til sockult 2,3.2.3,Win32,60,,,,,,,,,,,,,,,,,
,,,,,,,123.135,1,0,10,1,1,9,ANISPLEP,appelsin,678,2021-04-30_18h51.14.076,udkast til sockult 2,3.2.3,Win32,60,,,,,,,,,,,,,,,,,
,,,,,,spejl,3.59800005,1,0,10,2,1,9,LSEPJ,spejl,678,2021-04-30_18h51.14.076,udkast til sockult 2,3.2.3,Win32,60,,,,,,,,,,,,,,,,,
,,,,,,hest,4.632999897,1,0,10,3,1,9,STEH,hest,678,2021-04-30_18h51.14.076,udkast til sockult 2,3.2.3,Win32,60,,,,,,,,,,,,,,,,,
,,,,,,,101.279,1,0,10,4,1,9,MKRAAE,kamera,678,2021-04-30_18h51.14.076,udkast til sockult 2,3.2.3,Win32,60,,,,,,,,,,,,,,,,,
,,,,,,blomst,3.69900012,1,0,10,5,1,9,MLOBST,blomst,678,2021-04-30_18h51.14.076,udkast til sockult 2,3.2.3,Win32,60,,,,,,,,,,,,,,,,,
,,,,,,ordbog,22.43299985,1,0,10,6,1,9,DBGOOR,ordbog,678,2021-04-30_18h51.14.076,udkast til sockult 2,3.2.3,Win32,60,,,,,,,,,,,,,,,,,
,,,,,,skrald,24.54900002,1,0,10,7,1,9,LKDSAR,skrald,678,2021-04-30_18h51.14.076,udkast til sockult 2,3.2.3,Win32,60,,,,,,,,,,,,,,,,,
,,,,,,cykler,13.96499991,1,0,10,8,1,9,LKECYR,cykler,678,2021-04-30_18h51.14.076,udkast til sockult 2,3.2.3,Win32,60,,,,,,,,,,,,,,,,,
,,,,,,papir,13.79799986,1,0,10,9,1,9,PIARP,papir,678,2021-04-30_18h51.14.076,udkast til sockult 2,3.2.3,Win32,60,,,,,,,,,,,,,,,,,
,,,,,,,28.65399981,,,,,,,,,678,2021-04-30_18h51.14.076,udkast til sockult 2,3.2.3,Win32,60,return,18.8599999,c,1,28.38800001,,,1,0,6,2,1,5,HMT3.png,c,,
,,,,,,,26.87899995,,,,,,,,,678,2021-04-30_18h51.14.076,udkast til sockult 2,3.2.3,Win32,60,,,d,1,26.75,,,1,0,6,3,1,5,HMT5.png,d,,
,,,,,,,70.37800002,,,,,,,,,678,2021-04-30_18h51.14.076,udkast til sockult 2,3.2.3,Win32,60,,,h,1,70.2559998,,,1,0,6,4,1,5,HMT7.png,h,,
,,,,,,,14.99399996,,,,,,,,,678,2021-04-30_18h51.14.076,udkast til sockult 2,3.2.3,Win32,60,,,e,1,14.796,,,1,0,6,1,1,5,HMT2.png,e,,
,,,,,,,26.11099982,,,,,,,,,678,2021-04-30_18h51.14.076,udkast til sockult 2,3.2.3,Win32,60,,,h,1,25.94199991,,,1,0,6,0,1,5,HMT1.png,h,,
,,,,,,,146.546,,,,,,,,,678,2021-04-30_18h51.14.076,udkast til sockult 2,3.2.3,Win32,60,,,e,0,146.408,,,1,0,6,5,1,5,HMT9.png,h,,
,,,,,,,,,,,,,,,,678,2021-04-30_18h51.14.076,udkast til sockult 2,3.2.3,Win32,60,,,,,,,,,,,,,,,,return,13.21300006
