key_resp.keys,key_resp.rt,key_resp_3.keys,key_resp_3.rt,key_resp_2.keys,key_resp_2.rt,anagram_answer,RT,trials.thisRepN,trials.thisTrialN,trials.thisN,trials.thisIndex,trials.ran,trials.order,anagrammer,correct,id,date,expName,psychopyVersion,OS,frameRate,IQ_enter.keys,IQ_enter.rt,IQ_response.keys,IQ_response.corr,IQ_response.rt,key_resp_6.keys,key_resp_6.rt,trials_2.thisRepN,trials_2.thisTrialN,trials_2.thisN,trials_2.thisIndex,trials_2.ran,trials_2.order,options,correctIQanswer,key_resp_7.keys,key_resp_7.rt
return,8.417000055,return,3.371999979,,,,0,1,0,10,0,1,9,REMOVE,,359,2021-04-28_12h33.50.937,udkast til sockult 2,3.2.3,Win32,60,,,,,,,,,,,,,,,,,
,,,,,,appelsin,46.05700016,1,0,10,1,1,9,ANISPLEP,appelsin,359,2021-04-28_12h33.50.937,udkast til sockult 2,3.2.3,Win32,60,,,,,,,,,,,,,,,,,
,,,,,,spejl,23.5999999,1,0,10,2,1,9,LSEPJ,spejl,359,2021-04-28_12h33.50.937,udkast til sockult 2,3.2.3,Win32,60,,,,,,,,,,,,,,,,,
,,,,,,hest,2.765999794,1,0,10,3,1,9,STEH,hest,359,2021-04-28_12h33.50.937,udkast til sockult 2,3.2.3,Win32,60,,,,,,,,,,,,,,,,,
,,,,,,kamera,13.31699991,1,0,10,4,1,9,MKRAAE,kamera,359,2021-04-28_12h33.50.937,udkast til sockult 2,3.2.3,Win32,60,,,,,,,,,,,,,,,,,
,,,,,,blomst,9.73300004,1,0,10,5,1,9,MLOBST,blomst,359,2021-04-28_12h33.50.937,udkast til sockult 2,3.2.3,Win32,60,,,,,,,,,,,,,,,,,
,,,,,,ordbog,11.28400016,1,0,10,6,1,9,DBGOOR,ordbog,359,2021-04-28_12h33.50.937,udkast til sockult 2,3.2.3,Win32,60,,,,,,,,,,,,,,,,,
,,,,,,skrald,12.59899998,1,0,10,7,1,9,LKDSAR,skrald,359,2021-04-28_12h33.50.937,udkast til sockult 2,3.2.3,Win32,60,,,,,,,,,,,,,,,,,
,,,,,,cykler,4.915999889,1,0,10,8,1,9,LKECYR,cykler,359,2021-04-28_12h33.50.937,udkast til sockult 2,3.2.3,Win32,60,,,,,,,,,,,,,,,,,
,,,,,,papir,5.448999882,1,0,10,9,1,9,PIARP,papir,359,2021-04-28_12h33.50.937,udkast til sockult 2,3.2.3,Win32,60,,,,,,,,,,,,,,,,,
,,,,,,,21.61599994,,,,,,,,,359,2021-04-28_12h33.50.937,udkast til sockult 2,3.2.3,Win32,60,return,12.28199983,h,0,21.55300021,,,1,0,6,3,1,5,HMT5.png,d,,
,,,,,,,26.36899996,,,,,,,,,359,2021-04-28_12h33.50.937,udkast til sockult 2,3.2.3,Win32,60,,,h,1,26.30599999,,,1,0,6,0,1,5,HMT1.png,h,,
,,,,,,,32.16400003,,,,,,,,,359,2021-04-28_12h33.50.937,udkast til sockult 2,3.2.3,Win32,60,,,e,0,32.10100007,,,1,0,6,4,1,5,HMT7.png,h,,
,,,,,,,5.814999819,,,,,,,,,359,2021-04-28_12h33.50.937,udkast til sockult 2,3.2.3,Win32,60,,,f,0,5.747999907,,,1,0,6,1,1,5,HMT2.png,e,,
,,,,,,,1.631000042,,,,,,,,,359,2021-04-28_12h33.50.937,udkast til sockult 2,3.2.3,Win32,60,,,a,0,1.559000015,,,1,0,6,5,1,5,HMT9.png,h,,
,,,,,,,0.448999882,,,,,,,,,359,2021-04-28_12h33.50.937,udkast til sockult 2,3.2.3,Win32,60,,,a,0,0.381999969,,,1,0,6,2,1,5,HMT3.png,c,,
,,,,,,,,,,,,,,,,359,2021-04-28_12h33.50.937,udkast til sockult 2,3.2.3,Win32,60,,,,,,,,,,,,,,,,return,4.749000072
