key_resp.keys,key_resp.rt,key_resp_3.keys,key_resp_3.rt,key_resp_2.keys,key_resp_2.rt,anagram_answer,RT,trials.thisRepN,trials.thisTrialN,trials.thisN,trials.thisIndex,trials.ran,trials.order,anagrammer,correct,id,date,expName,psychopyVersion,OS,frameRate,IQ_enter.keys,IQ_enter.rt,IQ_response.keys,IQ_response.corr,IQ_response.rt,key_resp_6.keys,key_resp_6.rt,trials_2.thisRepN,trials_2.thisTrialN,trials_2.thisN,trials_2.thisIndex,trials_2.ran,trials_2.order,options,correctIQanswer,key_resp_7.keys,key_resp_7.rt
return,4.669000149,return,2.58100009,,,,0,1,0,10,0,1,9,REMOVE,,948,2021-05-04_01h19.39.814,udkast til sockult 2,3.2.3,MacIntel,60,,,,,,,,,,,,,,,,,
,,,,,,,36.93499994,1,0,10,1,1,9,ANISPLEP,appelsin,948,2021-05-04_01h19.39.814,udkast til sockult 2,3.2.3,MacIntel,60,,,,,,,,,,,,,,,,,
,,,,,,spejl,7.75999999,1,0,10,2,1,9,LSEPJ,spejl,948,2021-05-04_01h19.39.814,udkast til sockult 2,3.2.3,MacIntel,60,,,,,,,,,,,,,,,,,
,,,,,,hest,4.328999996,1,0,10,3,1,9,STEH,hest,948,2021-05-04_01h19.39.814,udkast til sockult 2,3.2.3,MacIntel,60,,,,,,,,,,,,,,,,,
,,,,,,kramme,53.75100017,1,0,10,4,1,9,MKRAAE,kamera,948,2021-05-04_01h19.39.814,udkast til sockult 2,3.2.3,MacIntel,60,,,,,,,,,,,,,,,,,
,,,,,,blomst,15.40700006,1,0,10,5,1,9,MLOBST,blomst,948,2021-05-04_01h19.39.814,udkast til sockult 2,3.2.3,MacIntel,60,,,,,,,,,,,,,,,,,
,,,,,,,23.84399986,1,0,10,6,1,9,DBGOOR,ordbog,948,2021-05-04_01h19.39.814,udkast til sockult 2,3.2.3,MacIntel,60,,,,,,,,,,,,,,,,,
,,,,,,,21.05999994,1,0,10,7,1,9,LKDSAR,skrald,948,2021-05-04_01h19.39.814,udkast til sockult 2,3.2.3,MacIntel,60,,,,,,,,,,,,,,,,,
,,,,,,cykler,11.18000007,1,0,10,8,1,9,LKECYR,cykler,948,2021-05-04_01h19.39.814,udkast til sockult 2,3.2.3,MacIntel,60,,,,,,,,,,,,,,,,,
,,,,,,papir,3.79399991,1,0,10,9,1,9,PIARP,papir,948,2021-05-04_01h19.39.814,udkast til sockult 2,3.2.3,MacIntel,60,,,,,,,,,,,,,,,,,
,,,,,,,30.45099998,,,,,,,,,948,2021-05-04_01h19.39.814,udkast til sockult 2,3.2.3,MacIntel,60,return,19.31100011,d,0,30.35800028,,,1,0,6,4,1,5,HMT7.png,h,,
,,,,,,,28.27699995,,,,,,,,,948,2021-05-04_01h19.39.814,udkast til sockult 2,3.2.3,MacIntel,60,,,d,0,28.1880002,,,1,0,6,1,1,5,HMT2.png,e,,
,,,,,,,13.86199999,,,,,,,,,948,2021-05-04_01h19.39.814,udkast til sockult 2,3.2.3,MacIntel,60,,,f,0,13.79500031,,,1,0,6,3,1,5,HMT5.png,d,,
,,,,,,,16.91400003,,,,,,,,,948,2021-05-04_01h19.39.814,udkast til sockult 2,3.2.3,MacIntel,60,,,h,1,16.8440001,,,1,0,6,0,1,5,HMT1.png,h,,
,,,,,,,5.664999962,,,,,,,,,948,2021-05-04_01h19.39.814,udkast til sockult 2,3.2.3,MacIntel,60,,,g,0,5.577000141,,,1,0,6,2,1,5,HMT3.png,c,,
,,,,,,,4.081999779,,,,,,,,,948,2021-05-04_01h19.39.814,udkast til sockult 2,3.2.3,MacIntel,60,,,,0,,return,3.957000256,1,0,6,5,1,5,HMT9.png,h,,
,,,,,,,,,,,,,,,,948,2021-05-04_01h19.39.814,udkast til sockult 2,3.2.3,MacIntel,60,,,,,,,,,,,,,,,,return,2.994000196
