key_resp.keys,key_resp.rt,key_resp_3.keys,key_resp_3.rt,key_resp_2.keys,key_resp_2.rt,anagram_answer,RT,trials.thisRepN,trials.thisTrialN,trials.thisN,trials.thisIndex,trials.ran,trials.order,anagrammer,correct,id,date,expName,psychopyVersion,OS,frameRate
return,39.09400034,return,9.750000238,,,,0.000999928,1,0,10,0,1,9,REMOVE,,1255,2021-05-01_13h19.16.954,udkast til sockult 2,3.2.3,Win32,60
,,,,,,,69.58899999,1,0,10,1,1,9,ANISPLEP,appelsin,1255,2021-05-01_13h19.16.954,udkast til sockult 2,3.2.3,Win32,60
,,,,,,,209.911,1,0,10,2,1,9,LSEPJ,spejl,1255,2021-05-01_13h19.16.954,udkast til sockult 2,3.2.3,Win32,60
,,,,,,,125.2509999,1,0,10,3,1,9,STEH,hest,1255,2021-05-01_13h19.16.954,udkast til sockult 2,3.2.3,Win32,60
,,,,,,,26.23099995,1,0,10,4,1,9,MKRAAE,kamera,1255,2021-05-01_13h19.16.954,udkast til sockult 2,3.2.3,Win32,60
