key_resp.keys,key_resp.rt,key_resp_3.keys,key_resp_3.rt,key_resp_2.keys,key_resp_2.rt,anagram_answer,RT,trials.thisRepN,trials.thisTrialN,trials.thisN,trials.thisIndex,trials.ran,trials.order,anagrammer,correct,id,date,expName,psychopyVersion,OS,frameRate,IQ_enter.keys,IQ_enter.rt,IQ_response.keys,IQ_response.corr,IQ_response.rt,key_resp_6.keys,key_resp_6.rt,trials_2.thisRepN,trials_2.thisTrialN,trials_2.thisN,trials_2.thisIndex,trials_2.ran,trials_2.order,options,correctIQanswer,key_resp_7.keys,key_resp_7.rt
return,21.83500004,return,4.40899992,,,,0,1,0,10,0,1,9,REMOVE,,1048,2021-05-06_14h31.32.979,udkast til sockult 2,3.2.3,Win32,60,,,,,,,,,,,,,,,,,
,,,,,,anslippe,386.1130002,1,0,10,1,1,9,ANISPLEP,appelsin,1048,2021-05-06_14h31.32.979,udkast til sockult 2,3.2.3,Win32,60,,,,,,,,,,,,,,,,,
,,,,,,spejl,5.404999971,1,0,10,2,1,9,LSEPJ,spejl,1048,2021-05-06_14h31.32.979,udkast til sockult 2,3.2.3,Win32,60,,,,,,,,,,,,,,,,,
,,,,,,hest,2.907999992,1,0,10,3,1,9,STEH,hest,1048,2021-05-06_14h31.32.979,udkast til sockult 2,3.2.3,Win32,60,,,,,,,,,,,,,,,,,
,,,,,,kamaer,281.451,1,0,10,4,1,9,MKRAAE,kamera,1048,2021-05-06_14h31.32.979,udkast til sockult 2,3.2.3,Win32,60,,,,,,,,,,,,,,,,,
,,,,,,blomst,4.487999916,1,0,10,5,1,9,MLOBST,blomst,1048,2021-05-06_14h31.32.979,udkast til sockult 2,3.2.3,Win32,60,,,,,,,,,,,,,,,,,
,,,,,,ordbog,6.399000168,1,0,10,6,1,9,DBGOOR,ordbog,1048,2021-05-06_14h31.32.979,udkast til sockult 2,3.2.3,Win32,60,,,,,,,,,,,,,,,,,
,,,,,,krald,17.72300005,1,0,10,7,1,9,LKDSAR,skrald,1048,2021-05-06_14h31.32.979,udkast til sockult 2,3.2.3,Win32,60,,,,,,,,,,,,,,,,,
,,,,,,cykler,11.47300005,1,0,10,8,1,9,LKECYR,cykler,1048,2021-05-06_14h31.32.979,udkast til sockult 2,3.2.3,Win32,60,,,,,,,,,,,,,,,,,
,,,,,,papir,3.955999851,1,0,10,9,1,9,PIARP,papir,1048,2021-05-06_14h31.32.979,udkast til sockult 2,3.2.3,Win32,60,,,,,,,,,,,,,,,,,
,,,,,,,29.523,,,,,,,,,1048,2021-05-06_14h31.32.979,udkast til sockult 2,3.2.3,Win32,60,return,15.72500014,h,1,29.41400003,,,1,0,6,0,1,5,HMT1.png,h,,
,,,,,,,27.852,,,,,,,,,1048,2021-05-06_14h31.32.979,udkast til sockult 2,3.2.3,Win32,60,,,d,1,27.73900008,,,1,0,6,3,1,5,HMT5.png,d,,
,,,,,,,28.23599982,,,,,,,,,1048,2021-05-06_14h31.32.979,udkast til sockult 2,3.2.3,Win32,60,,,h,1,28.10899973,,,1,0,6,4,1,5,HMT7.png,h,,
,,,,,,,111.5,,,,,,,,,1048,2021-05-06_14h31.32.979,udkast til sockult 2,3.2.3,Win32,60,,,e,0,111.3779998,,,1,0,6,5,1,5,HMT9.png,h,,
,,,,,,,37.12800002,,,,,,,,,1048,2021-05-06_14h31.32.979,udkast til sockult 2,3.2.3,Win32,60,,,c,1,37.00699997,,,1,0,6,2,1,5,HMT3.png,c,,
,,,,,,,11.84899998,,,,,,,,,1048,2021-05-06_14h31.32.979,udkast til sockult 2,3.2.3,Win32,60,,,e,1,11.72899985,,,1,0,6,1,1,5,HMT2.png,e,,
,,,,,,,,,,,,,,,,1048,2021-05-06_14h31.32.979,udkast til sockult 2,3.2.3,Win32,60,,,,,,,,,,,,,,,,return,7.980999947
