key_resp.keys,key_resp.rt,key_resp_3.keys,key_resp_3.rt,key_resp_2.keys,key_resp_2.rt,anagram_answer,RT,trials.thisRepN,trials.thisTrialN,trials.thisN,trials.thisIndex,trials.ran,trials.order,anagrammer,correct,id,date,expName,psychopyVersion,OS,frameRate,IQ_enter.keys,IQ_enter.rt,IQ_response.keys,IQ_response.corr,IQ_response.rt,key_resp_6.keys,key_resp_6.rt,trials_2.thisRepN,trials_2.thisTrialN,trials_2.thisN,trials_2.thisIndex,trials_2.ran,trials_2.order,options,correctIQanswer,key_resp_7.keys,key_resp_7.rt
return,9.092999935,return,4.728000164,,,,0,1,0,10,0,1,9,REMOVE,,900,2021-05-05_15h24.24.511,udkast til sockult 2,3.2.3,Win32,60,,,,,,,,,,,,,,,,,
,,,,,,,106.0369999,1,0,10,1,1,9,ANISPLEP,appelsin,900,2021-05-05_15h24.24.511,udkast til sockult 2,3.2.3,Win32,60,,,,,,,,,,,,,,,,,
,,,,,,spejl,8.766000032,1,0,10,2,1,9,LSEPJ,spejl,900,2021-05-05_15h24.24.511,udkast til sockult 2,3.2.3,Win32,60,,,,,,,,,,,,,,,,,
,,,,,,hest,4.21600008,1,0,10,3,1,9,STEH,hest,900,2021-05-05_15h24.24.511,udkast til sockult 2,3.2.3,Win32,60,,,,,,,,,,,,,,,,,
,,,,,,,45.95099998,1,0,10,4,1,9,MKRAAE,kamera,900,2021-05-05_15h24.24.511,udkast til sockult 2,3.2.3,Win32,60,,,,,,,,,,,,,,,,,
,,,,,,blomst,4.430999994,1,0,10,5,1,9,MLOBST,blomst,900,2021-05-05_15h24.24.511,udkast til sockult 2,3.2.3,Win32,60,,,,,,,,,,,,,,,,,
,,,,,,ordbog,13.16600013,1,0,10,6,1,9,DBGOOR,ordbog,900,2021-05-05_15h24.24.511,udkast til sockult 2,3.2.3,Win32,60,,,,,,,,,,,,,,,,,
,,,,,,skrald,12.53200006,1,0,10,7,1,9,LKDSAR,skrald,900,2021-05-05_15h24.24.511,udkast til sockult 2,3.2.3,Win32,60,,,,,,,,,,,,,,,,,
,,,,,,cyrkle,9.398999929,1,0,10,8,1,9,LKECYR,cykler,900,2021-05-05_15h24.24.511,udkast til sockult 2,3.2.3,Win32,60,,,,,,,,,,,,,,,,,
,,,,,,papir,10.03499985,1,0,10,9,1,9,PIARP,papir,900,2021-05-05_15h24.24.511,udkast til sockult 2,3.2.3,Win32,60,,,,,,,,,,,,,,,,,
,,,,,,,38.03299999,,,,,,,,,900,2021-05-05_15h24.24.511,udkast til sockult 2,3.2.3,Win32,60,return,1.693999767,d,1,37.98200011,,,1,0,6,3,1,5,HMT5.png,d,,
,,,,,,,35.63199997,,,,,,,,,900,2021-05-05_15h24.24.511,udkast til sockult 2,3.2.3,Win32,60,,,c,1,35.5849998,,,1,0,6,2,1,5,HMT3.png,c,,
,,,,,,,59.08299994,,,,,,,,,900,2021-05-05_15h24.24.511,udkast til sockult 2,3.2.3,Win32,60,,,,0,,return,59.02900004,1,0,6,5,1,5,HMT9.png,h,,
,,,,,,,16,,,,,,,,,900,2021-05-05_15h24.24.511,udkast til sockult 2,3.2.3,Win32,60,,,e,1,15.94400001,,,1,0,6,1,1,5,HMT2.png,e,,
,,,,,,,27.28200006,,,,,,,,,900,2021-05-05_15h24.24.511,udkast til sockult 2,3.2.3,Win32,60,,,h,1,27.23099995,,,1,0,6,4,1,5,HMT7.png,h,,
,,,,,,,25.51600003,,,,,,,,,900,2021-05-05_15h24.24.511,udkast til sockult 2,3.2.3,Win32,60,,,h,1,25.454,,,1,0,6,0,1,5,HMT1.png,h,,
,,,,,,,,,,,,,,,,900,2021-05-05_15h24.24.511,udkast til sockult 2,3.2.3,Win32,60,,,,,,,,,,,,,,,,return,3.46600008
