key_resp.keys,key_resp.rt,key_resp_3.keys,key_resp_3.rt,key_resp_2.keys,key_resp_2.rt,anagram_answer,RT,trials.thisRepN,trials.thisTrialN,trials.thisN,trials.thisIndex,trials.ran,trials.order,anagrammer,correct,id,date,expName,psychopyVersion,OS,frameRate,IQ_enter.keys,IQ_enter.rt,IQ_response.keys,IQ_response.corr,IQ_response.rt,key_resp_6.keys,key_resp_6.rt,trials_2.thisRepN,trials_2.thisTrialN,trials_2.thisN,trials_2.thisIndex,trials_2.ran,trials_2.order,options,correctIQanswer,key_resp_7.keys,key_resp_7.rt
return,18.87400007,return,4.04399991,,,,0,1,0,10,0,1,9,REMOVE,,1967,2021-05-03_20h27.41.377,udkast til sockult 2,3.2.3,MacIntel,60,,,,,,,,,,,,,,,,,
,,,,,,,112.826,1,0,10,1,1,9,ANISPLEP,appelsin,1967,2021-05-03_20h27.41.377,udkast til sockult 2,3.2.3,MacIntel,60,,,,,,,,,,,,,,,,,
,,,,,,spejl,9.30099988,1,0,10,2,1,9,LSEPJ,spejl,1967,2021-05-03_20h27.41.377,udkast til sockult 2,3.2.3,MacIntel,60,,,,,,,,,,,,,,,,,
,,,,,,hest,5.115999937,1,0,10,3,1,9,STEH,hest,1967,2021-05-03_20h27.41.377,udkast til sockult 2,3.2.3,MacIntel,60,,,,,,,,,,,,,,,,,
,,,,,,,97.24799991,1,0,10,4,1,9,MKRAAE,kamera,1967,2021-05-03_20h27.41.377,udkast til sockult 2,3.2.3,MacIntel,60,,,,,,,,,,,,,,,,,
,,,,,,blomst,4.434000015,1,0,10,5,1,9,MLOBST,blomst,1967,2021-05-03_20h27.41.377,udkast til sockult 2,3.2.3,MacIntel,60,,,,,,,,,,,,,,,,,
,,,,,,,70.08200002,1,0,10,6,1,9,DBGOOR,ordbog,1967,2021-05-03_20h27.41.377,udkast til sockult 2,3.2.3,MacIntel,60,,,,,,,,,,,,,,,,,
,,,,,,,38,1,0,10,7,1,9,LKDSAR,skrald,1967,2021-05-03_20h27.41.377,udkast til sockult 2,3.2.3,MacIntel,60,,,,,,,,,,,,,,,,,
,,,,,,cykler,11.93299985,1,0,10,8,1,9,LKECYR,cykler,1967,2021-05-03_20h27.41.377,udkast til sockult 2,3.2.3,MacIntel,60,,,,,,,,,,,,,,,,,
,,,,,,papir,28.41599989,1,0,10,9,1,9,PIARP,papir,1967,2021-05-03_20h27.41.377,udkast til sockult 2,3.2.3,MacIntel,60,,,,,,,,,,,,,,,,,
,,,,,,,28.54400015,,,,,,,,,1967,2021-05-03_20h27.41.377,udkast til sockult 2,3.2.3,MacIntel,60,return,11.19200015,d,1,28.50700021,,,1,0,6,3,1,5,HMT5.png,d,,
,,,,,,,148.4460001,,,,,,,,,1967,2021-05-03_20h27.41.377,udkast til sockult 2,3.2.3,MacIntel,60,,,h,1,148.408,,,1,0,6,5,1,5,HMT9.png,h,,
,,,,,,,38.81500006,,,,,,,,,1967,2021-05-03_20h27.41.377,udkast til sockult 2,3.2.3,MacIntel,60,,,c,1,38.77099991,,,1,0,6,2,1,5,HMT3.png,c,,
,,,,,,,11.60000014,,,,,,,,,1967,2021-05-03_20h27.41.377,udkast til sockult 2,3.2.3,MacIntel,60,,,e,1,11.55299997,,,1,0,6,1,1,5,HMT2.png,e,,
,,,,,,,169.7149999,,,,,,,,,1967,2021-05-03_20h27.41.377,udkast til sockult 2,3.2.3,MacIntel,60,,,h,1,169.6700001,,,1,0,6,4,1,5,HMT7.png,h,,
,,,,,,,24.86599994,,,,,,,,,1967,2021-05-03_20h27.41.377,udkast til sockult 2,3.2.3,MacIntel,60,,,h,1,24.82399988,,,1,0,6,0,1,5,HMT1.png,h,,
,,,,,,,,,,,,,,,,1967,2021-05-03_20h27.41.377,udkast til sockult 2,3.2.3,MacIntel,60,,,,,,,,,,,,,,,,return,5.935000181
