key_resp.keys,key_resp.rt,key_resp_3.keys,key_resp_3.rt,key_resp_2.keys,key_resp_2.rt,anagram_answer,RT,trials.thisRepN,trials.thisTrialN,trials.thisN,trials.thisIndex,trials.ran,trials.order,anagrammer,correct,id,date,expName,psychopyVersion,OS,frameRate,IQ_enter.keys,IQ_enter.rt,IQ_response.keys,IQ_response.corr,IQ_response.rt,key_resp_6.keys,key_resp_6.rt,trials_2.thisRepN,trials_2.thisTrialN,trials_2.thisN,trials_2.thisIndex,trials_2.ran,trials_2.order,options,correctIQanswer,key_resp_7.keys,key_resp_7.rt
return,31.99199986,return,8.67599988,,,,0,1,0,10,0,1,9,REMOVE,,1065,2021-05-01_11h42.43.889,udkast til sockult 2,3.2.3,Win32,60,,,,,,,,,,,,,,,,,
,,,,,,,107.3410001,1,0,10,1,1,9,ANISPLEP,appelsin,1065,2021-05-01_11h42.43.889,udkast til sockult 2,3.2.3,Win32,60,,,,,,,,,,,,,,,,,
,,,,,,spejl,47.59399986,1,0,10,2,1,9,LSEPJ,spejl,1065,2021-05-01_11h42.43.889,udkast til sockult 2,3.2.3,Win32,60,,,,,,,,,,,,,,,,,
,,,,,,hest,7.128000021,1,0,10,3,1,9,STEH,hest,1065,2021-05-01_11h42.43.889,udkast til sockult 2,3.2.3,Win32,60,,,,,,,,,,,,,,,,,
,,,,,,,90.31099987,1,0,10,4,1,9,MKRAAE,kamera,1065,2021-05-01_11h42.43.889,udkast til sockult 2,3.2.3,Win32,60,,,,,,,,,,,,,,,,,
,,,,,,blomst,4.013000011,1,0,10,5,1,9,MLOBST,blomst,1065,2021-05-01_11h42.43.889,udkast til sockult 2,3.2.3,Win32,60,,,,,,,,,,,,,,,,,
,,,,,,ordbog,23.4690001,1,0,10,6,1,9,DBGOOR,ordbog,1065,2021-05-01_11h42.43.889,udkast til sockult 2,3.2.3,Win32,60,,,,,,,,,,,,,,,,,
,,,,,,skrald,17.04200006,1,0,10,7,1,9,LKDSAR,skrald,1065,2021-05-01_11h42.43.889,udkast til sockult 2,3.2.3,Win32,60,,,,,,,,,,,,,,,,,
,,,,,,cykler,8.246000051,1,0,10,8,1,9,LKECYR,cykler,1065,2021-05-01_11h42.43.889,udkast til sockult 2,3.2.3,Win32,60,,,,,,,,,,,,,,,,,
,,,,,,papir,28.36199999,1,0,10,9,1,9,PIARP,papir,1065,2021-05-01_11h42.43.889,udkast til sockult 2,3.2.3,Win32,60,,,,,,,,,,,,,,,,,
,,,,,,,58.80500007,,,,,,,,,1065,2021-05-01_11h42.43.889,udkast til sockult 2,3.2.3,Win32,60,return,39.83400011,d,0,58.71299982,,,1,0,6,2,1,5,HMT3.png,c,,
,,,,,,,21.96000004,,,,,,,,,1065,2021-05-01_11h42.43.889,udkast til sockult 2,3.2.3,Win32,60,,,d,1,21.90799999,,,1,0,6,3,1,5,HMT5.png,d,,
,,,,,,,24.86399984,,,,,,,,,1065,2021-05-01_11h42.43.889,udkast til sockult 2,3.2.3,Win32,60,,,b,0,24.80499983,,,1,0,6,5,1,5,HMT9.png,h,,
,,,,,,,66.17700005,,,,,,,,,1065,2021-05-01_11h42.43.889,udkast til sockult 2,3.2.3,Win32,60,,,b,0,66.11099982,,,1,0,6,1,1,5,HMT2.png,e,,
,,,,,,,56.11000013,,,,,,,,,1065,2021-05-01_11h42.43.889,udkast til sockult 2,3.2.3,Win32,60,,,a,0,56.05699992,,,1,0,6,0,1,5,HMT1.png,h,,
,,,,,,,35.02900004,,,,,,,,,1065,2021-05-01_11h42.43.889,udkast til sockult 2,3.2.3,Win32,60,,,f,0,34.97699976,,,1,0,6,4,1,5,HMT7.png,h,,
,,,,,,,,,,,,,,,,1065,2021-05-01_11h42.43.889,udkast til sockult 2,3.2.3,Win32,60,,,,,,,,,,,,,,,,return,7.017999887
