key_resp.keys,key_resp.rt,key_resp_3.keys,key_resp_3.rt,key_resp_2.keys,key_resp_2.rt,anagram_answer,RT,trials.thisRepN,trials.thisTrialN,trials.thisN,trials.thisIndex,trials.ran,trials.order,anagrammer,correct,id,date,expName,psychopyVersion,OS,frameRate,IQ_enter.keys,IQ_enter.rt,IQ_response.keys,IQ_response.corr,IQ_response.rt,key_resp_6.keys,key_resp_6.rt,trials_2.thisRepN,trials_2.thisTrialN,trials_2.thisN,trials_2.thisIndex,trials_2.ran,trials_2.order,options,correctIQanswer,key_resp_7.keys,key_resp_7.rt
return,1.444000006,return,1.129999876,,,,0,1,0,10,0,1,9,REMOVE,,311,2021-04-29_21h17.04.892,udkast til sockult 2,3.2.3,MacIntel,60,,,,,,,,,,,,,,,,,
,,,,,,apelsin,15.59500003,1,0,10,1,1,9,ANISPLEP,appelsin,311,2021-04-29_21h17.04.892,udkast til sockult 2,3.2.3,MacIntel,60,,,,,,,,,,,,,,,,,
,,,,,,spejl,2.149000168,1,0,10,2,1,9,LSEPJ,spejl,311,2021-04-29_21h17.04.892,udkast til sockult 2,3.2.3,MacIntel,60,,,,,,,,,,,,,,,,,
,,,,,,hest,2.016000032,1,0,10,3,1,9,STEH,hest,311,2021-04-29_21h17.04.892,udkast til sockult 2,3.2.3,MacIntel,60,,,,,,,,,,,,,,,,,
,,,,,,kamara,26.86800003,1,0,10,4,1,9,MKRAAE,kamera,311,2021-04-29_21h17.04.892,udkast til sockult 2,3.2.3,MacIntel,60,,,,,,,,,,,,,,,,,
,,,,,,blomst,7.299000025,1,0,10,5,1,9,MLOBST,blomst,311,2021-04-29_21h17.04.892,udkast til sockult 2,3.2.3,MacIntel,60,,,,,,,,,,,,,,,,,
,,,,,,ordbog,11.9690001,1,0,10,6,1,9,DBGOOR,ordbog,311,2021-04-29_21h17.04.892,udkast til sockult 2,3.2.3,MacIntel,60,,,,,,,,,,,,,,,,,
,,,,,,skrald,3.11500001,1,0,10,7,1,9,LKDSAR,skrald,311,2021-04-29_21h17.04.892,udkast til sockult 2,3.2.3,MacIntel,60,,,,,,,,,,,,,,,,,
,,,,,,cykler,2.900000095,1,0,10,8,1,9,LKECYR,cykler,311,2021-04-29_21h17.04.892,udkast til sockult 2,3.2.3,MacIntel,60,,,,,,,,,,,,,,,,,
,,,,,,papir,2.183000088,1,0,10,9,1,9,PIARP,papir,311,2021-04-29_21h17.04.892,udkast til sockult 2,3.2.3,MacIntel,60,,,,,,,,,,,,,,,,,
,,,,,,,11.31999993,,,,,,,,,311,2021-04-29_21h17.04.892,udkast til sockult 2,3.2.3,MacIntel,60,return,0.96999979,e,0,11.26699996,,,1,0,6,3,1,5,HMT5.png,d,,
,,,,,,,38.3360002,,,,,,,,,311,2021-04-29_21h17.04.892,udkast til sockult 2,3.2.3,MacIntel,60,,,f,0,38.29299998,,,1,0,6,5,1,5,HMT9.png,h,,
,,,,,,,17.81800008,,,,,,,,,311,2021-04-29_21h17.04.892,udkast til sockult 2,3.2.3,MacIntel,60,,,h,1,17.77900004,,,1,0,6,4,1,5,HMT7.png,h,,
,,,,,,,2.549000025,,,,,,,,,311,2021-04-29_21h17.04.892,udkast til sockult 2,3.2.3,MacIntel,60,,,f,0,2.506999969,,,1,0,6,2,1,5,HMT3.png,c,,
,,,,,,,9.48300004,,,,,,,,,311,2021-04-29_21h17.04.892,udkast til sockult 2,3.2.3,MacIntel,60,,,f,0,9.444999933,,,1,0,6,1,1,5,HMT2.png,e,,
,,,,,,,8.819000006,,,,,,,,,311,2021-04-29_21h17.04.892,udkast til sockult 2,3.2.3,MacIntel,60,,,h,1,8.786000013,,,1,0,6,0,1,5,HMT1.png,h,,
,,,,,,,,,,,,,,,,311,2021-04-29_21h17.04.892,udkast til sockult 2,3.2.3,MacIntel,60,,,,,,,,,,,,,,,,return,1.345999956
