key_resp.keys,key_resp.rt,key_resp_3.keys,key_resp_3.rt,key_resp_2.keys,key_resp_2.rt,anagram_answer,RT,trials.thisRepN,trials.thisTrialN,trials.thisN,trials.thisIndex,trials.ran,trials.order,anagrammer,correct,id,date,expName,psychopyVersion,OS,frameRate,IQ_enter.keys,IQ_enter.rt,IQ_response.keys,IQ_response.corr,IQ_response.rt,key_resp_6.keys,key_resp_6.rt,trials_2.thisRepN,trials_2.thisTrialN,trials_2.thisN,trials_2.thisIndex,trials_2.ran,trials_2.order,options,correctIQanswer,key_resp_7.keys,key_resp_7.rt
return,57.58999991,return,4.515000105,,,,0.000999928,1,0,10,0,1,9,REMOVE,,940,2021-05-03_10h16.15.620,udkast til sockult 2,3.2.3,Win32,60,,,,,,,,,,,,,,,,,
,,,,,,,24.65600014,1,0,10,1,1,9,ANISPLEP,appelsin,940,2021-05-03_10h16.15.620,udkast til sockult 2,3.2.3,Win32,60,,,,,,,,,,,,,,,,,
,,,,,,spejl,11.81099987,1,0,10,2,1,9,LSEPJ,spejl,940,2021-05-03_10h16.15.620,udkast til sockult 2,3.2.3,Win32,60,,,,,,,,,,,,,,,,,
,,,,,,hest,6.161999941,1,0,10,3,1,9,STEH,hest,940,2021-05-03_10h16.15.620,udkast til sockult 2,3.2.3,Win32,60,,,,,,,,,,,,,,,,,
,,,,,,,37.57200003,1,0,10,4,1,9,MKRAAE,kamera,940,2021-05-03_10h16.15.620,udkast til sockult 2,3.2.3,Win32,60,,,,,,,,,,,,,,,,,
,,,,,,blomst,3.713000059,1,0,10,5,1,9,MLOBST,blomst,940,2021-05-03_10h16.15.620,udkast til sockult 2,3.2.3,Win32,60,,,,,,,,,,,,,,,,,
,,,,,,bogdor,24.69299984,1,0,10,6,1,9,DBGOOR,ordbog,940,2021-05-03_10h16.15.620,udkast til sockult 2,3.2.3,Win32,60,,,,,,,,,,,,,,,,,
,,,,,,,14.62700009,1,0,10,7,1,9,LKDSAR,skrald,940,2021-05-03_10h16.15.620,udkast til sockult 2,3.2.3,Win32,60,,,,,,,,,,,,,,,,,
,,,,,,,2.562999964,1,0,10,8,1,9,LKECYR,cykler,940,2021-05-03_10h16.15.620,udkast til sockult 2,3.2.3,Win32,60,,,,,,,,,,,,,,,,,
,,,,,,,13.19500017,1,0,10,9,1,9,PIARP,papir,940,2021-05-03_10h16.15.620,udkast til sockult 2,3.2.3,Win32,60,,,,,,,,,,,,,,,,,
,,,,,,,111.9059999,,,,,,,,,940,2021-05-03_10h16.15.620,udkast til sockult 2,3.2.3,Win32,60,return,44.352,e,0,111.7410002,,,1,0,6,5,1,5,HMT9.png,h,,
,,,,,,,74.77999997,,,,,,,,,940,2021-05-03_10h16.15.620,udkast til sockult 2,3.2.3,Win32,60,,,b,0,74.63200021,,,1,0,6,2,1,5,HMT3.png,c,,
,,,,,,,110.207,,,,,,,,,940,2021-05-03_10h16.15.620,udkast til sockult 2,3.2.3,Win32,60,,,f,0,110.066,,,1,0,6,4,1,5,HMT7.png,h,,
,,,,,,,24.87600017,,,,,,,,,940,2021-05-03_10h16.15.620,udkast til sockult 2,3.2.3,Win32,60,,,e,1,24.71899986,,,1,0,6,1,1,5,HMT2.png,e,,
,,,,,,,39.43799996,,,,,,,,,940,2021-05-03_10h16.15.620,udkast til sockult 2,3.2.3,Win32,60,,,h,1,39.31100011,,,1,0,6,0,1,5,HMT1.png,h,,
,,,,,,,36.85599995,,,,,,,,,940,2021-05-03_10h16.15.620,udkast til sockult 2,3.2.3,Win32,60,,,d,1,36.72800016,,,1,0,6,3,1,5,HMT5.png,d,,
,,,,,,,,,,,,,,,,940,2021-05-03_10h16.15.620,udkast til sockult 2,3.2.3,Win32,60,,,,,,,,,,,,,,,,return,10.94599986
