key_resp.keys,key_resp.rt,key_resp_3.keys,key_resp_3.rt,key_resp_2.keys,key_resp_2.rt,anagram_answer,RT,trials.thisRepN,trials.thisTrialN,trials.thisN,trials.thisIndex,trials.ran,trials.order,anagrammer,correct,id,date,expName,psychopyVersion,OS,frameRate,IQ_enter.keys,IQ_enter.rt,IQ_response.keys,IQ_response.corr,IQ_response.rt,key_resp_6.keys,key_resp_6.rt,trials_2.thisRepN,trials_2.thisTrialN,trials_2.thisN,trials_2.thisIndex,trials_2.ran,trials_2.order,options,correctIQanswer,key_resp_7.keys,key_resp_7.rt
return,14.37799978,return,2.516999722,,,,0,1,0,10,0,1,9,REMOVE,,649,2021-05-02_14h20.41.506,udkast til sockult 2,3.2.3,Win32,60,,,,,,,,,,,,,,,,,
,,,,,,,74.10800004,1,0,10,1,1,9,ANISPLEP,appelsin,649,2021-05-02_14h20.41.506,udkast til sockult 2,3.2.3,Win32,60,,,,,,,,,,,,,,,,,
,,,,,,pejls,35.76200008,1,0,10,2,1,9,LSEPJ,spejl,649,2021-05-02_14h20.41.506,udkast til sockult 2,3.2.3,Win32,60,,,,,,,,,,,,,,,,,
,,,,,,hest,2.606999874,1,0,10,3,1,9,STEH,hest,649,2021-05-02_14h20.41.506,udkast til sockult 2,3.2.3,Win32,60,,,,,,,,,,,,,,,,,
,,,,,,kamera,38.7019999,1,0,10,4,1,9,MKRAAE,kamera,649,2021-05-02_14h20.41.506,udkast til sockult 2,3.2.3,Win32,60,,,,,,,,,,,,,,,,,
,,,,,,blomst,4.095000029,1,0,10,5,1,9,MLOBST,blomst,649,2021-05-02_14h20.41.506,udkast til sockult 2,3.2.3,Win32,60,,,,,,,,,,,,,,,,,
,,,,,,ordbog,17.25300002,1,0,10,6,1,9,DBGOOR,ordbog,649,2021-05-02_14h20.41.506,udkast til sockult 2,3.2.3,Win32,60,,,,,,,,,,,,,,,,,
,,,,,,,46.58399987,1,0,10,7,1,9,LKDSAR,skrald,649,2021-05-02_14h20.41.506,udkast til sockult 2,3.2.3,Win32,60,,,,,,,,,,,,,,,,,
,,,,,,cykler,6.996999979,1,0,10,8,1,9,LKECYR,cykler,649,2021-05-02_14h20.41.506,udkast til sockult 2,3.2.3,Win32,60,,,,,,,,,,,,,,,,,
,,,,,,papir,12.75999999,1,0,10,9,1,9,PIARP,papir,649,2021-05-02_14h20.41.506,udkast til sockult 2,3.2.3,Win32,60,,,,,,,,,,,,,,,,,
,,,,,,,34.96899986,,,,,,,,,649,2021-05-02_14h20.41.506,udkast til sockult 2,3.2.3,Win32,60,return,9.381999731,d,1,34.30299997,,,1,0,6,3,1,5,HMT5.png,d,,
,,,,,,,15.40299988,,,,,,,,,649,2021-05-02_14h20.41.506,udkast til sockult 2,3.2.3,Win32,60,,,c,1,14.61799979,,,1,0,6,2,1,5,HMT3.png,c,,
,,,,,,,34.1170001,,,,,,,,,649,2021-05-02_14h20.41.506,udkast til sockult 2,3.2.3,Win32,60,,,f,0,33.59800005,,,1,0,6,4,1,5,HMT7.png,h,,
,,,,,,,12.4230001,,,,,,,,,649,2021-05-02_14h20.41.506,udkast til sockult 2,3.2.3,Win32,60,,,e,1,11.71099973,,,1,0,6,1,1,5,HMT2.png,e,,
,,,,,,,35.10100007,,,,,,,,,649,2021-05-02_14h20.41.506,udkast til sockult 2,3.2.3,Win32,60,,,a,0,34.37599993,,,1,0,6,5,1,5,HMT9.png,h,,
,,,,,,,12.50999999,,,,,,,,,649,2021-05-02_14h20.41.506,udkast til sockult 2,3.2.3,Win32,60,,,h,1,11.84399986,,,1,0,6,0,1,5,HMT1.png,h,,
,,,,,,,,,,,,,,,,649,2021-05-02_14h20.41.506,udkast til sockult 2,3.2.3,Win32,60,,,,,,,,,,,,,,,,return,2.27699995
