key_resp.keys,key_resp.rt,key_resp_3.keys,key_resp_3.rt,key_resp_2.keys,key_resp_2.rt,anagram_answer,RT,trials.thisRepN,trials.thisTrialN,trials.thisN,trials.thisIndex,trials.ran,trials.order,anagrammer,correct,id,date,expName,psychopyVersion,OS,frameRate,IQ_enter.keys,IQ_enter.rt,IQ_response.keys,IQ_response.corr,IQ_response.rt,key_resp_6.keys,key_resp_6.rt,trials_2.thisRepN,trials_2.thisTrialN,trials_2.thisN,trials_2.thisIndex,trials_2.ran,trials_2.order,options,correctIQanswer,key_resp_7.keys,key_resp_7.rt
return,33.19000006,return,6.193000078,,,,0,1,0,10,0,1,9,REMOVE,,1679,2021-04-29_17h21.55.925,udkast til sockult 2,3.2.3,Win32,60,,,,,,,,,,,,,,,,,
,,,,,,,305.8269999,1,0,10,1,1,9,ANISPLEP,appelsin,1679,2021-04-29_17h21.55.925,udkast til sockult 2,3.2.3,Win32,60,,,,,,,,,,,,,,,,,
,,,,,,spejl,7.997999907,1,0,10,2,1,9,LSEPJ,spejl,1679,2021-04-29_17h21.55.925,udkast til sockult 2,3.2.3,Win32,60,,,,,,,,,,,,,,,,,
,,,,,,hest,1.782000065,1,0,10,3,1,9,STEH,hest,1679,2021-04-29_17h21.55.925,udkast til sockult 2,3.2.3,Win32,60,,,,,,,,,,,,,,,,,
,,,,,,kamera,33.01600003,1,0,10,4,1,9,MKRAAE,kamera,1679,2021-04-29_17h21.55.925,udkast til sockult 2,3.2.3,Win32,60,,,,,,,,,,,,,,,,,
,,,,,,blomst,4.431999922,1,0,10,5,1,9,MLOBST,blomst,1679,2021-04-29_17h21.55.925,udkast til sockult 2,3.2.3,Win32,60,,,,,,,,,,,,,,,,,
,,,,,,ordbog,10.71600008,1,0,10,6,1,9,DBGOOR,ordbog,1679,2021-04-29_17h21.55.925,udkast til sockult 2,3.2.3,Win32,60,,,,,,,,,,,,,,,,,
,,,,,,skrald,16.56599998,1,0,10,7,1,9,LKDSAR,skrald,1679,2021-04-29_17h21.55.925,udkast til sockult 2,3.2.3,Win32,60,,,,,,,,,,,,,,,,,
,,,,,,cykler,7.930999994,1,0,10,8,1,9,LKECYR,cykler,1679,2021-04-29_17h21.55.925,udkast til sockult 2,3.2.3,Win32,60,,,,,,,,,,,,,,,,,
,,,,,,papir,14.51499987,1,0,10,9,1,9,PIARP,papir,1679,2021-04-29_17h21.55.925,udkast til sockult 2,3.2.3,Win32,60,,,,,,,,,,,,,,,,,
,,,,,,,143.427,,,,,,,,,1679,2021-04-29_17h21.55.925,udkast til sockult 2,3.2.3,Win32,60,return,21.90300012,f,0,143.359,,,1,0,6,4,1,5,HMT7.png,h,,
,,,,,,,28.86400008,,,,,,,,,1679,2021-04-29_17h21.55.925,udkast til sockult 2,3.2.3,Win32,60,,,d,1,28.79500008,,,1,0,6,3,1,5,HMT5.png,d,,
,,,,,,,61.46500015,,,,,,,,,1679,2021-04-29_17h21.55.925,udkast til sockult 2,3.2.3,Win32,60,,,h,1,61.39199996,,,1,0,6,5,1,5,HMT9.png,h,,
,,,,,,,9.881000042,,,,,,,,,1679,2021-04-29_17h21.55.925,udkast til sockult 2,3.2.3,Win32,60,,,e,1,9.809999943,,,1,0,6,1,1,5,HMT2.png,e,,
,,,,,,,25.44799995,,,,,,,,,1679,2021-04-29_17h21.55.925,udkast til sockult 2,3.2.3,Win32,60,,,b,0,25.375,,,1,0,6,2,1,5,HMT3.png,c,,
,,,,,,,54.04300022,,,,,,,,,1679,2021-04-29_17h21.55.925,udkast til sockult 2,3.2.3,Win32,60,,,h,1,53.96600008,,,1,0,6,0,1,5,HMT1.png,h,,
,,,,,,,,,,,,,,,,1679,2021-04-29_17h21.55.925,udkast til sockult 2,3.2.3,Win32,60,,,,,,,,,,,,,,,,return,11.20000005
