key_resp.keys,key_resp.rt,key_resp_3.keys,key_resp_3.rt,key_resp_2.keys,key_resp_2.rt,anagram_answer,RT,trials.thisRepN,trials.thisTrialN,trials.thisN,trials.thisIndex,trials.ran,trials.order,anagrammer,correct,id,date,expName,psychopyVersion,OS,frameRate,IQ_enter.keys,IQ_enter.rt,IQ_response.keys,IQ_response.corr,IQ_response.rt,key_resp_6.keys,key_resp_6.rt,trials_2.thisRepN,trials_2.thisTrialN,trials_2.thisN,trials_2.thisIndex,trials_2.ran,trials_2.order,options,correctIQanswer,key_resp_7.keys,key_resp_7.rt
return,12.6079998,return,1.734999895,,,,0.000999928,1,0,10,0,1,9,REMOVE,,296,2021-05-05_20h05.52.971,udkast til sockult 2,3.2.3,Win32,60,,,,,,,,,,,,,,,,,
,,,,,,appelsin,54.21200013,1,0,10,1,1,9,ANISPLEP,appelsin,296,2021-05-05_20h05.52.971,udkast til sockult 2,3.2.3,Win32,60,,,,,,,,,,,,,,,,,
,,,,,,spejl,2.813999891,1,0,10,2,1,9,LSEPJ,spejl,296,2021-05-05_20h05.52.971,udkast til sockult 2,3.2.3,Win32,60,,,,,,,,,,,,,,,,,
,,,,,,hest,2.381999969,1,0,10,3,1,9,STEH,hest,296,2021-05-05_20h05.52.971,udkast til sockult 2,3.2.3,Win32,60,,,,,,,,,,,,,,,,,
,,,,,,kamera,29.62899995,1,0,10,4,1,9,MKRAAE,kamera,296,2021-05-05_20h05.52.971,udkast til sockult 2,3.2.3,Win32,60,,,,,,,,,,,,,,,,,
,,,,,,blomst,2.747999907,1,0,10,5,1,9,MLOBST,blomst,296,2021-05-05_20h05.52.971,udkast til sockult 2,3.2.3,Win32,60,,,,,,,,,,,,,,,,,
,,,,,,,75.29100013,1,0,10,6,1,9,DBGOOR,ordbog,296,2021-05-05_20h05.52.971,udkast til sockult 2,3.2.3,Win32,60,,,,,,,,,,,,,,,,,
,,,,,,skrald,5.698000193,1,0,10,7,1,9,LKDSAR,skrald,296,2021-05-05_20h05.52.971,udkast til sockult 2,3.2.3,Win32,60,,,,,,,,,,,,,,,,,
,,,,,,cykler,3.282000065,1,0,10,8,1,9,LKECYR,cykler,296,2021-05-05_20h05.52.971,udkast til sockult 2,3.2.3,Win32,60,,,,,,,,,,,,,,,,,
,,,,,,papir,4.315000057,1,0,10,9,1,9,PIARP,papir,296,2021-05-05_20h05.52.971,udkast til sockult 2,3.2.3,Win32,60,,,,,,,,,,,,,,,,,
,,,,,,,49.648,,,,,,,,,296,2021-05-05_20h05.52.971,udkast til sockult 2,3.2.3,Win32,60,return,7.174999952,d,1,49.58100009,,,1,0,6,3,1,5,HMT5.png,d,,
,,,,,,,10.21199989,,,,,,,,,296,2021-05-05_20h05.52.971,udkast til sockult 2,3.2.3,Win32,60,,,e,1,10.15499997,,,1,0,6,1,1,5,HMT2.png,e,,
,,,,,,,25.227,,,,,,,,,296,2021-05-05_20h05.52.971,udkast til sockult 2,3.2.3,Win32,60,,,c,1,25.15199995,,,1,0,6,2,1,5,HMT3.png,c,,
,,,,,,,87.35500002,,,,,,,,,296,2021-05-05_20h05.52.971,udkast til sockult 2,3.2.3,Win32,60,,,a,0,87.29199982,,,1,0,6,5,1,5,HMT9.png,h,,
,,,,,,,35.84399986,,,,,,,,,296,2021-05-05_20h05.52.971,udkast til sockult 2,3.2.3,Win32,60,,,h,1,35.77799988,,,1,0,6,4,1,5,HMT7.png,h,,
,,,,,,,22.01100016,,,,,,,,,296,2021-05-05_20h05.52.971,udkast til sockult 2,3.2.3,Win32,60,,,h,1,21.9519999,,,1,0,6,0,1,5,HMT1.png,h,,
,,,,,,,,,,,,,,,,296,2021-05-05_20h05.52.971,udkast til sockult 2,3.2.3,Win32,60,,,,,,,,,,,,,,,,return,3.30099988
