key_resp.keys,key_resp.rt,key_resp_3.keys,key_resp_3.rt,key_resp_2.keys,key_resp_2.rt,anagram_answer,RT,trials.thisRepN,trials.thisTrialN,trials.thisN,trials.thisIndex,trials.ran,trials.order,anagrammer,correct,id,date,expName,psychopyVersion,OS,frameRate,IQ_enter.keys,IQ_enter.rt,IQ_response.keys,IQ_response.corr,IQ_response.rt,key_resp_6.keys,key_resp_6.rt,trials_2.thisRepN,trials_2.thisTrialN,trials_2.thisN,trials_2.thisIndex,trials_2.ran,trials_2.order,options,correctIQanswer,key_resp_7.keys,key_resp_7.rt
return,16.38699985,return,4.213999987,,,,0,1,0,10,0,1,9,REMOVE,,1794,2021-05-06_09h37.42.363,udkast til sockult 2,3.2.3,Win32,60,,,,,,,,,,,,,,,,,
,,,,,,,96.30099988,1,0,10,1,1,9,ANISPLEP,appelsin,1794,2021-05-06_09h37.42.363,udkast til sockult 2,3.2.3,Win32,60,,,,,,,,,,,,,,,,,
,,,,,,spejl,15.04399991,1,0,10,2,1,9,LSEPJ,spejl,1794,2021-05-06_09h37.42.363,udkast til sockult 2,3.2.3,Win32,60,,,,,,,,,,,,,,,,,
,,,,,,hest,4.230000019,1,0,10,3,1,9,STEH,hest,1794,2021-05-06_09h37.42.363,udkast til sockult 2,3.2.3,Win32,60,,,,,,,,,,,,,,,,,
,,,,,,,141.6389999,1,0,10,4,1,9,MKRAAE,kamera,1794,2021-05-06_09h37.42.363,udkast til sockult 2,3.2.3,Win32,60,,,,,,,,,,,,,,,,,
,,,,,,blomst,4.932999849,1,0,10,5,1,9,MLOBST,blomst,1794,2021-05-06_09h37.42.363,udkast til sockult 2,3.2.3,Win32,60,,,,,,,,,,,,,,,,,
,,,,,,,32.28200006,1,0,10,6,1,9,DBGOOR,ordbog,1794,2021-05-06_09h37.42.363,udkast til sockult 2,3.2.3,Win32,60,,,,,,,,,,,,,,,,,
,,,,,,,55.64999986,1,0,10,7,1,9,LKDSAR,skrald,1794,2021-05-06_09h37.42.363,udkast til sockult 2,3.2.3,Win32,60,,,,,,,,,,,,,,,,,
,,,,,,cykler,8.292999983,1,0,10,8,1,9,LKECYR,cykler,1794,2021-05-06_09h37.42.363,udkast til sockult 2,3.2.3,Win32,60,,,,,,,,,,,,,,,,,
,,,,,,papir,7.52699995,1,0,10,9,1,9,PIARP,papir,1794,2021-05-06_09h37.42.363,udkast til sockult 2,3.2.3,Win32,60,,,,,,,,,,,,,,,,,
,,,,,,,25.61800003,,,,,,,,,1794,2021-05-06_09h37.42.363,udkast til sockult 2,3.2.3,Win32,60,return,15.68599987,h,0,25.49399996,,,1,0,6,3,1,5,HMT5.png,d,,
,,,,,,,18.62000012,,,,,,,,,1794,2021-05-06_09h37.42.363,udkast til sockult 2,3.2.3,Win32,60,,,a,0,18.51599979,,,1,0,6,2,1,5,HMT3.png,c,,
,,,,,,,7.394000053,,,,,,,,,1794,2021-05-06_09h37.42.363,udkast til sockult 2,3.2.3,Win32,60,,,d,0,7.302000046,,,1,0,6,4,1,5,HMT7.png,h,,
,,,,,,,11.9230001,,,,,,,,,1794,2021-05-06_09h37.42.363,udkast til sockult 2,3.2.3,Win32,60,,,e,1,11.74099994,,,1,0,6,1,1,5,HMT2.png,e,,
,,,,,,,22.33200002,,,,,,,,,1794,2021-05-06_09h37.42.363,udkast til sockult 2,3.2.3,Win32,60,,,d,0,22.12699986,,,1,0,6,5,1,5,HMT9.png,h,,
,,,,,,,12.69300008,,,,,,,,,1794,2021-05-06_09h37.42.363,udkast til sockult 2,3.2.3,Win32,60,,,h,1,12.4849999,,,1,0,6,0,1,5,HMT1.png,h,,
,,,,,,,,,,,,,,,,1794,2021-05-06_09h37.42.363,udkast til sockult 2,3.2.3,Win32,60,,,,,,,,,,,,,,,,return,4.309000015
