key_resp.keys,key_resp.rt,key_resp_3.keys,key_resp_3.rt,key_resp_2.keys,key_resp_2.rt,anagram_answer,RT,trials.thisRepN,trials.thisTrialN,trials.thisN,trials.thisIndex,trials.ran,trials.order,anagrammer,correct,id,date,expName,psychopyVersion,OS,frameRate,IQ_enter.keys,IQ_enter.rt,IQ_response.keys,IQ_response.corr,IQ_response.rt,key_resp_6.keys,key_resp_6.rt,trials_2.thisRepN,trials_2.thisTrialN,trials_2.thisN,trials_2.thisIndex,trials_2.ran,trials_2.order,options,correctIQanswer,key_resp_7.keys,key_resp_7.rt
return,38.0250001,return,7.043000221,,,,0,1,0,10,0,1,9,REMOVE,,1102,2021-05-04_09h38.33.711,udkast til sockult 2,3.2.3,Win32,60,,,,,,,,,,,,,,,,,
,,,,,,,60.12199998,1,0,10,1,1,9,ANISPLEP,appelsin,1102,2021-05-04_09h38.33.711,udkast til sockult 2,3.2.3,Win32,60,,,,,,,,,,,,,,,,,
,,,,,,,35.13199997,1,0,10,2,1,9,LSEPJ,spejl,1102,2021-05-04_09h38.33.711,udkast til sockult 2,3.2.3,Win32,60,,,,,,,,,,,,,,,,,
,,,,,,hest,11.47399998,1,0,10,3,1,9,STEH,hest,1102,2021-05-04_09h38.33.711,udkast til sockult 2,3.2.3,Win32,60,,,,,,,,,,,,,,,,,
,,,,,,,29.69300008,1,0,10,4,1,9,MKRAAE,kamera,1102,2021-05-04_09h38.33.711,udkast til sockult 2,3.2.3,Win32,60,,,,,,,,,,,,,,,,,
,,,,,,blomst,11.05900002,1,0,10,5,1,9,MLOBST,blomst,1102,2021-05-04_09h38.33.711,udkast til sockult 2,3.2.3,Win32,60,,,,,,,,,,,,,,,,,
,,,,,,bogrod,42.59000015,1,0,10,6,1,9,DBGOOR,ordbog,1102,2021-05-04_09h38.33.711,udkast til sockult 2,3.2.3,Win32,60,,,,,,,,,,,,,,,,,
,,,,,,skrald,49.98000002,1,0,10,7,1,9,LKDSAR,skrald,1102,2021-05-04_09h38.33.711,udkast til sockult 2,3.2.3,Win32,60,,,,,,,,,,,,,,,,,
,,,,,,cykler,10.90799999,1,0,10,8,1,9,LKECYR,cykler,1102,2021-05-04_09h38.33.711,udkast til sockult 2,3.2.3,Win32,60,,,,,,,,,,,,,,,,,
,,,,,,papir,7.105000019,1,0,10,9,1,9,PIARP,papir,1102,2021-05-04_09h38.33.711,udkast til sockult 2,3.2.3,Win32,60,,,,,,,,,,,,,,,,,
,,,,,,,14.773,,,,,,,,,1102,2021-05-04_09h38.33.711,udkast til sockult 2,3.2.3,Win32,60,return,18.41900015,h,1,14.65300012,,,1,0,6,0,1,5,HMT1.png,h,,
,,,,,,,81.08900023,,,,,,,,,1102,2021-05-04_09h38.33.711,udkast til sockult 2,3.2.3,Win32,60,,,h,1,80.94300008,,,1,0,6,5,1,5,HMT9.png,h,,
,,,,,,,115.1560001,,,,,,,,,1102,2021-05-04_09h38.33.711,udkast til sockult 2,3.2.3,Win32,60,,,h,1,115.0220001,,,1,0,6,4,1,5,HMT7.png,h,,
,,,,,,,30.44099998,,,,,,,,,1102,2021-05-04_09h38.33.711,udkast til sockult 2,3.2.3,Win32,60,,,c,1,30.29900002,,,1,0,6,2,1,5,HMT3.png,c,,
,,,,,,,19.37899995,,,,,,,,,1102,2021-05-04_09h38.33.711,udkast til sockult 2,3.2.3,Win32,60,,,e,1,19.23699999,,,1,0,6,1,1,5,HMT2.png,e,,
,,,,,,,44.77100015,,,,,,,,,1102,2021-05-04_09h38.33.711,udkast til sockult 2,3.2.3,Win32,60,,,d,1,44.63900018,,,1,0,6,3,1,5,HMT5.png,d,,
,,,,,,,,,,,,,,,,1102,2021-05-04_09h38.33.711,udkast til sockult 2,3.2.3,Win32,60,,,,,,,,,,,,,,,,return,7.723999977
