key_resp.keys,key_resp.rt,key_resp_3.keys,key_resp_3.rt,key_resp_2.keys,key_resp_2.rt,anagram_answer,RT,trials.thisRepN,trials.thisTrialN,trials.thisN,trials.thisIndex,trials.ran,trials.order,anagrammer,correct,id,date,expName,psychopyVersion,OS,frameRate,IQ_enter.keys,IQ_enter.rt,IQ_response.keys,IQ_response.corr,IQ_response.rt,key_resp_6.keys,key_resp_6.rt,trials_2.thisRepN,trials_2.thisTrialN,trials_2.thisN,trials_2.thisIndex,trials_2.ran,trials_2.order,options,correctIQanswer,key_resp_7.keys,key_resp_7.rt
return,11.89499998,return,2.460999966,,,,0,1,0,10,0,1,9,REMOVE,,187,2021-05-07_09h34.55.450,udkast til sockult 2,3.2.3,Win32,60,,,,,,,,,,,,,,,,,
,,,,,,,195.852,1,0,10,1,1,9,ANISPLEP,appelsin,187,2021-05-07_09h34.55.450,udkast til sockult 2,3.2.3,Win32,60,,,,,,,,,,,,,,,,,
,,,,,,spejl,7.178999901,1,0,10,2,1,9,LSEPJ,spejl,187,2021-05-07_09h34.55.450,udkast til sockult 2,3.2.3,Win32,60,,,,,,,,,,,,,,,,,
,,,,,,hest,3.495999813,1,0,10,3,1,9,STEH,hest,187,2021-05-07_09h34.55.450,udkast til sockult 2,3.2.3,Win32,60,,,,,,,,,,,,,,,,,
,,,,,,,114.171,1,0,10,4,1,9,MKRAAE,kamera,187,2021-05-07_09h34.55.450,udkast til sockult 2,3.2.3,Win32,60,,,,,,,,,,,,,,,,,
,,,,,,blomst,3.648000002,1,0,10,5,1,9,MLOBST,blomst,187,2021-05-07_09h34.55.450,udkast til sockult 2,3.2.3,Win32,60,,,,,,,,,,,,,,,,,
,,,,,,,74.00099993,1,0,10,6,1,9,DBGOOR,ordbog,187,2021-05-07_09h34.55.450,udkast til sockult 2,3.2.3,Win32,60,,,,,,,,,,,,,,,,,
,,,,,,skrald,48.69499993,1,0,10,7,1,9,LKDSAR,skrald,187,2021-05-07_09h34.55.450,udkast til sockult 2,3.2.3,Win32,60,,,,,,,,,,,,,,,,,
,,,,,,cykler,7.277999878,1,0,10,8,1,9,LKECYR,cykler,187,2021-05-07_09h34.55.450,udkast til sockult 2,3.2.3,Win32,60,,,,,,,,,,,,,,,,,
,,,,,,papir,2.995000124,1,0,10,9,1,9,PIARP,papir,187,2021-05-07_09h34.55.450,udkast til sockult 2,3.2.3,Win32,60,,,,,,,,,,,,,,,,,
,,,,,,,11.59299994,,,,,,,,,187,2021-05-07_09h34.55.450,udkast til sockult 2,3.2.3,Win32,60,return,1.746000051,e,0,11.49699998,,,1,0,6,3,1,5,HMT5.png,d,,
,,,,,,,36.81500006,,,,,,,,,187,2021-05-07_09h34.55.450,udkast til sockult 2,3.2.3,Win32,60,,,c,1,36.73600006,,,1,0,6,2,1,5,HMT3.png,c,,
,,,,,,,67.671,,,,,,,,,187,2021-05-07_09h34.55.450,udkast til sockult 2,3.2.3,Win32,60,,,e,0,67.58799982,,,1,0,6,4,1,5,HMT7.png,h,,
,,,,,,,6.863000154,,,,,,,,,187,2021-05-07_09h34.55.450,udkast til sockult 2,3.2.3,Win32,60,,,,0,,return,6.805000067,1,0,6,0,1,5,HMT1.png,h,,
,,,,,,,1.412999868,,,,,,,,,187,2021-05-07_09h34.55.450,udkast til sockult 2,3.2.3,Win32,60,,,,0,,return,1.324999809,1,0,6,1,1,5,HMT2.png,e,,
,,,,,,,1.731999874,,,,,,,,,187,2021-05-07_09h34.55.450,udkast til sockult 2,3.2.3,Win32,60,,,,0,,return,1.660000086,1,0,6,5,1,5,HMT9.png,h,,
,,,,,,,,,,,,,,,,187,2021-05-07_09h34.55.450,udkast til sockult 2,3.2.3,Win32,60,,,,,,,,,,,,,,,,return,4.604999781
