key_resp.keys,key_resp.rt,key_resp_3.keys,key_resp_3.rt,key_resp_2.keys,key_resp_2.rt,anagram_answer,RT,trials.thisRepN,trials.thisTrialN,trials.thisN,trials.thisIndex,trials.ran,trials.order,anagrammer,correct,id,date,expName,psychopyVersion,OS,frameRate,IQ_enter.keys,IQ_enter.rt,IQ_response.keys,IQ_response.corr,IQ_response.rt,key_resp_6.keys,key_resp_6.rt,trials_2.thisRepN,trials_2.thisTrialN,trials_2.thisN,trials_2.thisIndex,trials_2.ran,trials_2.order,options,correctIQanswer,key_resp_7.keys,key_resp_7.rt
return,20.27100015,return,6.829999924,,,,0,1,0,10,0,1,9,REMOVE,,1022,2021-04-29_20h45.24.775,udkast til sockult 2,3.2.3,MacIntel,60,,,,,,,,,,,,,,,,,
,,,,,,,11.50999999,1,0,10,1,1,9,ANISPLEP,appelsin,1022,2021-04-29_20h45.24.775,udkast til sockult 2,3.2.3,MacIntel,60,,,,,,,,,,,,,,,,,
,,,,,,spejl,18.28100014,1,0,10,2,1,9,LSEPJ,spejl,1022,2021-04-29_20h45.24.775,udkast til sockult 2,3.2.3,MacIntel,60,,,,,,,,,,,,,,,,,
,,,,,,hest,4.48300004,1,0,10,3,1,9,STEH,hest,1022,2021-04-29_20h45.24.775,udkast til sockult 2,3.2.3,MacIntel,60,,,,,,,,,,,,,,,,,
,,,,,,kamera,90.07400012,1,0,10,4,1,9,MKRAAE,kamera,1022,2021-04-29_20h45.24.775,udkast til sockult 2,3.2.3,MacIntel,60,,,,,,,,,,,,,,,,,
,,,,,,blomst,26.80100012,1,0,10,5,1,9,MLOBST,blomst,1022,2021-04-29_20h45.24.775,udkast til sockult 2,3.2.3,MacIntel,60,,,,,,,,,,,,,,,,,
,,,,,,ordbog,296.6799998,1,0,10,6,1,9,DBGOOR,ordbog,1022,2021-04-29_20h45.24.775,udkast til sockult 2,3.2.3,MacIntel,60,,,,,,,,,,,,,,,,,
,,,,,,skrald,417.974,1,0,10,7,1,9,LKDSAR,skrald,1022,2021-04-29_20h45.24.775,udkast til sockult 2,3.2.3,MacIntel,60,,,,,,,,,,,,,,,,,
,,,,,,cykler,32.00300002,1,0,10,8,1,9,LKECYR,cykler,1022,2021-04-29_20h45.24.775,udkast til sockult 2,3.2.3,MacIntel,60,,,,,,,,,,,,,,,,,
,,,,,,papir,10.26699996,1,0,10,9,1,9,PIARP,papir,1022,2021-04-29_20h45.24.775,udkast til sockult 2,3.2.3,MacIntel,60,,,,,,,,,,,,,,,,,
,,,,,,,354.4690001,,,,,,,,,1022,2021-04-29_20h45.24.775,udkast til sockult 2,3.2.3,MacIntel,60,return,24.4460001,h,1,354.3990002,,,1,0,6,5,1,5,HMT9.png,h,,
,,,,,,,80.87299991,,,,,,,,,1022,2021-04-29_20h45.24.775,udkast til sockult 2,3.2.3,MacIntel,60,,,f,0,80.8210001,,,1,0,6,2,1,5,HMT3.png,c,,
,,,,,,,21.85100007,,,,,,,,,1022,2021-04-29_20h45.24.775,udkast til sockult 2,3.2.3,MacIntel,60,,,e,0,21.80700016,,,1,0,6,3,1,5,HMT5.png,d,,
,,,,,,,23.93400002,,,,,,,,,1022,2021-04-29_20h45.24.775,udkast til sockult 2,3.2.3,MacIntel,60,,,h,1,23.89700007,,,1,0,6,0,1,5,HMT1.png,h,,
,,,,,,,51.38800001,,,,,,,,,1022,2021-04-29_20h45.24.775,udkast til sockult 2,3.2.3,MacIntel,60,,,h,1,51.34700012,,,1,0,6,4,1,5,HMT7.png,h,,
,,,,,,,46.58799982,,,,,,,,,1022,2021-04-29_20h45.24.775,udkast til sockult 2,3.2.3,MacIntel,60,,,f,0,46.5480001,,,1,0,6,1,1,5,HMT2.png,e,,
,,,,,,,,,,,,,,,,1022,2021-04-29_20h45.24.775,udkast til sockult 2,3.2.3,MacIntel,60,,,,,,,,,,,,,,,,return,3.964000225
