key_resp.keys,key_resp.rt,key_resp_3.keys,key_resp_3.rt,key_resp_2.keys,key_resp_2.rt,anagram_answer,RT,trials.thisRepN,trials.thisTrialN,trials.thisN,trials.thisIndex,trials.ran,trials.order,anagrammer,correct,id,date,expName,psychopyVersion,OS,frameRate,IQ_enter.keys,IQ_enter.rt,IQ_response.keys,IQ_response.corr,IQ_response.rt,key_resp_6.keys,key_resp_6.rt,trials_2.thisRepN,trials_2.thisTrialN,trials_2.thisN,trials_2.thisIndex,trials_2.ran,trials_2.order,options,correctIQanswer,key_resp_7.keys,key_resp_7.rt
return,65.70099998,return,0.131999969,,,,0,1,0,10,0,1,9,REMOVE,,752,2021-04-30_13h17.03.604,udkast til sockult 2,3.2.3,Win32,60,,,,,,,,,,,,,,,,,
,,,,,,apelsin,30.73600006,1,0,10,1,1,9,ANISPLEP,appelsin,752,2021-04-30_13h17.03.604,udkast til sockult 2,3.2.3,Win32,60,,,,,,,,,,,,,,,,,
,,,,,,spejl,7.062999964,1,0,10,2,1,9,LSEPJ,spejl,752,2021-04-30_13h17.03.604,udkast til sockult 2,3.2.3,Win32,60,,,,,,,,,,,,,,,,,
,,,,,,hest,3.34800005,1,0,10,3,1,9,STEH,hest,752,2021-04-30_13h17.03.604,udkast til sockult 2,3.2.3,Win32,60,,,,,,,,,,,,,,,,,
,,,,,,kram,204.447,1,0,10,4,1,9,MKRAAE,kamera,752,2021-04-30_13h17.03.604,udkast til sockult 2,3.2.3,Win32,60,,,,,,,,,,,,,,,,,
,,,,,,blomst,11.16100001,1,0,10,5,1,9,MLOBST,blomst,752,2021-04-30_13h17.03.604,udkast til sockult 2,3.2.3,Win32,60,,,,,,,,,,,,,,,,,
,,,,,,,20.09300017,1,0,10,6,1,9,DBGOOR,ordbog,752,2021-04-30_13h17.03.604,udkast til sockult 2,3.2.3,Win32,60,,,,,,,,,,,,,,,,,
,,,,,,,14.25999999,1,0,10,7,1,9,LKDSAR,skrald,752,2021-04-30_13h17.03.604,udkast til sockult 2,3.2.3,Win32,60,,,,,,,,,,,,,,,,,
,,,,,,,4.312999964,1,0,10,8,1,9,LKECYR,cykler,752,2021-04-30_13h17.03.604,udkast til sockult 2,3.2.3,Win32,60,,,,,,,,,,,,,,,,,
,,,,,,papir,5.996000051,1,0,10,9,1,9,PIARP,papir,752,2021-04-30_13h17.03.604,udkast til sockult 2,3.2.3,Win32,60,,,,,,,,,,,,,,,,,
,,,,,,,15.23699999,,,,,,,,,752,2021-04-30_13h17.03.604,udkast til sockult 2,3.2.3,Win32,60,return,4.25,h,0,15.14499998,,,1,0,6,3,1,5,HMT5.png,d,,
,,,,,,,16.52699995,,,,,,,,,752,2021-04-30_13h17.03.604,udkast til sockult 2,3.2.3,Win32,60,,,c,0,16.44799995,,,1,0,6,0,1,5,HMT1.png,h,,
,,,,,,,13.67800021,,,,,,,,,752,2021-04-30_13h17.03.604,udkast til sockult 2,3.2.3,Win32,60,,,b,0,13.60299993,,,1,0,6,2,1,5,HMT3.png,c,,
,,,,,,,13.02900004,,,,,,,,,752,2021-04-30_13h17.03.604,udkast til sockult 2,3.2.3,Win32,60,,,f,0,12.94499993,,,1,0,6,5,1,5,HMT9.png,h,,
,,,,,,,13.39399981,,,,,,,,,752,2021-04-30_13h17.03.604,udkast til sockult 2,3.2.3,Win32,60,,,f,0,13.3210001,,,1,0,6,1,1,5,HMT2.png,e,,
,,,,,,,34.88899994,,,,,,,,,752,2021-04-30_13h17.03.604,udkast til sockult 2,3.2.3,Win32,60,,,a,0,34.81299996,,,1,0,6,4,1,5,HMT7.png,h,,
,,,,,,,,,,,,,,,,752,2021-04-30_13h17.03.604,udkast til sockult 2,3.2.3,Win32,60,,,,,,,,,,,,,,,,return,12.30299997
