key_resp.keys,key_resp.rt,key_resp_3.keys,key_resp_3.rt,key_resp_2.keys,key_resp_2.rt,anagram_answer,RT,trials.thisRepN,trials.thisTrialN,trials.thisN,trials.thisIndex,trials.ran,trials.order,anagrammer,correct,id,date,expName,psychopyVersion,OS,frameRate,IQ_enter.keys,IQ_enter.rt,IQ_response.keys,IQ_response.corr,IQ_response.rt,key_resp_6.keys,key_resp_6.rt,trials_2.thisRepN,trials_2.thisTrialN,trials_2.thisN,trials_2.thisIndex,trials_2.ran,trials_2.order,options,correctIQanswer,key_resp_7.keys,key_resp_7.rt
return,15.24000025,return,3.441000223,,,,0,1,0,10,0,1,9,REMOVE,,268,2021-04-28_17h28.28.991,udkast til sockult 2,3.2.3,MacIntel,60,,,,,,,,,,,,,,,,,
,,,,,,appelsin,144.5829999,1,0,10,1,1,9,ANISPLEP,appelsin,268,2021-04-28_17h28.28.991,udkast til sockult 2,3.2.3,MacIntel,60,,,,,,,,,,,,,,,,,
,,,,,,spejl,122.098,1,0,10,2,1,9,LSEPJ,spejl,268,2021-04-28_17h28.28.991,udkast til sockult 2,3.2.3,MacIntel,60,,,,,,,,,,,,,,,,,
,,,,,,hest,4.29700017,1,0,10,3,1,9,STEH,hest,268,2021-04-28_17h28.28.991,udkast til sockult 2,3.2.3,MacIntel,60,,,,,,,,,,,,,,,,,
,,,,,,kamera,25.03399992,1,0,10,4,1,9,MKRAAE,kamera,268,2021-04-28_17h28.28.991,udkast til sockult 2,3.2.3,MacIntel,60,,,,,,,,,,,,,,,,,
,,,,,,blomst,3.150000095,1,0,10,5,1,9,MLOBST,blomst,268,2021-04-28_17h28.28.991,udkast til sockult 2,3.2.3,MacIntel,60,,,,,,,,,,,,,,,,,
,,,,,,ordbog,115.414,1,0,10,6,1,9,DBGOOR,ordbog,268,2021-04-28_17h28.28.991,udkast til sockult 2,3.2.3,MacIntel,60,,,,,,,,,,,,,,,,,
,,,,,,skrald,14.04900002,1,0,10,7,1,9,LKDSAR,skrald,268,2021-04-28_17h28.28.991,udkast til sockult 2,3.2.3,MacIntel,60,,,,,,,,,,,,,,,,,
,,,,,,,157.5310001,1,0,10,8,1,9,LKECYR,cykler,268,2021-04-28_17h28.28.991,udkast til sockult 2,3.2.3,MacIntel,60,,,,,,,,,,,,,,,,,
,,,,,,papir,5.448999882,1,0,10,9,1,9,PIARP,papir,268,2021-04-28_17h28.28.991,udkast til sockult 2,3.2.3,MacIntel,60,,,,,,,,,,,,,,,,,
,,,,,,,75.95900011,,,,,,,,,268,2021-04-28_17h28.28.991,udkast til sockult 2,3.2.3,MacIntel,60,return,17.45000005,h,1,75.91900015,,,1,0,6,5,1,5,HMT9.png,h,,
,,,,,,,39.88100004,,,,,,,,,268,2021-04-28_17h28.28.991,udkast til sockult 2,3.2.3,MacIntel,60,,,d,1,39.84400034,,,1,0,6,3,1,5,HMT5.png,d,,
,,,,,,,14.1329999,,,,,,,,,268,2021-04-28_17h28.28.991,udkast til sockult 2,3.2.3,MacIntel,60,,,c,1,14.10100031,,,1,0,6,2,1,5,HMT3.png,c,,
,,,,,,,22.18400002,,,,,,,,,268,2021-04-28_17h28.28.991,udkast til sockult 2,3.2.3,MacIntel,60,,,e,1,22.1500001,,,1,0,6,1,1,5,HMT2.png,e,,
,,,,,,,138.73,,,,,,,,,268,2021-04-28_17h28.28.991,udkast til sockult 2,3.2.3,MacIntel,60,,,g,0,138.7010002,,,1,0,6,4,1,5,HMT7.png,h,,
,,,,,,,66.84799981,,,,,,,,,268,2021-04-28_17h28.28.991,udkast til sockult 2,3.2.3,MacIntel,60,,,h,1,66.82200003,,,1,0,6,0,1,5,HMT1.png,h,,
,,,,,,,,,,,,,,,,268,2021-04-28_17h28.28.991,udkast til sockult 2,3.2.3,MacIntel,60,,,,,,,,,,,,,,,,return,4.157000303
