key_resp.keys,key_resp.rt,key_resp_3.keys,key_resp_3.rt,key_resp_2.keys,key_resp_2.rt,anagram_answer,RT,trials.thisRepN,trials.thisTrialN,trials.thisN,trials.thisIndex,trials.ran,trials.order,anagrammer,correct,id,date,expName,psychopyVersion,OS,frameRate,IQ_enter.keys,IQ_enter.rt,IQ_response.keys,IQ_response.corr,IQ_response.rt,key_resp_6.keys,key_resp_6.rt,trials_2.thisRepN,trials_2.thisTrialN,trials_2.thisN,trials_2.thisIndex,trials_2.ran,trials_2.order,options,correctIQanswer,key_resp_7.keys,key_resp_7.rt
return,39.21799994,return,27.727,,,,0.000999928,1,0,10,0,1,9,REMOVE,,1286,2021-04-30_10h30.23.008,udkast til sockult 2,3.2.3,Win32,60,,,,,,,,,,,,,,,,,
,,,,,,,98.98200011,1,0,10,1,1,9,ANISPLEP,appelsin,1286,2021-04-30_10h30.23.008,udkast til sockult 2,3.2.3,Win32,60,,,,,,,,,,,,,,,,,
,,,,,,spejl,37.02600002,1,0,10,2,1,9,LSEPJ,spejl,1286,2021-04-30_10h30.23.008,udkast til sockult 2,3.2.3,Win32,60,,,,,,,,,,,,,,,,,
,,,,,,hest,7.426000118,1,0,10,3,1,9,STEH,hest,1286,2021-04-30_10h30.23.008,udkast til sockult 2,3.2.3,Win32,60,,,,,,,,,,,,,,,,,
,,,,,,,64.5940001,1,0,10,4,1,9,MKRAAE,kamera,1286,2021-04-30_10h30.23.008,udkast til sockult 2,3.2.3,Win32,60,,,,,,,,,,,,,,,,,
,,,,,,blomst,19.18499994,1,0,10,5,1,9,MLOBST,blomst,1286,2021-04-30_10h30.23.008,udkast til sockult 2,3.2.3,Win32,60,,,,,,,,,,,,,,,,,
,,,,,,ordbog,30.36400008,1,0,10,6,1,9,DBGOOR,ordbog,1286,2021-04-30_10h30.23.008,udkast til sockult 2,3.2.3,Win32,60,,,,,,,,,,,,,,,,,
,,,,,,,117.6650002,1,0,10,7,1,9,LKDSAR,skrald,1286,2021-04-30_10h30.23.008,udkast til sockult 2,3.2.3,Win32,60,,,,,,,,,,,,,,,,,
,,,,,,cykler,11.27400017,1,0,10,8,1,9,LKECYR,cykler,1286,2021-04-30_10h30.23.008,udkast til sockult 2,3.2.3,Win32,60,,,,,,,,,,,,,,,,,
,,,,,,papir,22.46799994,1,0,10,9,1,9,PIARP,papir,1286,2021-04-30_10h30.23.008,udkast til sockult 2,3.2.3,Win32,60,,,,,,,,,,,,,,,,,
,,,,,,,24.61799979,,,,,,,,,1286,2021-04-30_10h30.23.008,udkast til sockult 2,3.2.3,Win32,60,return,24.78799987,e,0,24.54200006,,,1,0,6,3,1,5,HMT5.png,d,,
,,,,,,,33.375,,,,,,,,,1286,2021-04-30_10h30.23.008,udkast til sockult 2,3.2.3,Win32,60,,,e,1,33.29099989,,,1,0,6,1,1,5,HMT2.png,e,,
,,,,,,,18.53499985,,,,,,,,,1286,2021-04-30_10h30.23.008,udkast til sockult 2,3.2.3,Win32,60,,,h,1,18.45499992,,,1,0,6,0,1,5,HMT1.png,h,,
,,,,,,,13.49000001,,,,,,,,,1286,2021-04-30_10h30.23.008,udkast til sockult 2,3.2.3,Win32,60,,,a,0,13.40499997,,,1,0,6,4,1,5,HMT7.png,h,,
,,,,,,,69.52399993,,,,,,,,,1286,2021-04-30_10h30.23.008,udkast til sockult 2,3.2.3,Win32,60,,,,0,,return,69.44700003,1,0,6,5,1,5,HMT9.png,h,,
,,,,,,,13.2900002,,,,,,,,,1286,2021-04-30_10h30.23.008,udkast til sockult 2,3.2.3,Win32,60,,,b,0,13.22500014,,,1,0,6,2,1,5,HMT3.png,c,,
,,,,,,,,,,,,,,,,1286,2021-04-30_10h30.23.008,udkast til sockult 2,3.2.3,Win32,60,,,,,,,,,,,,,,,,return,1.648000002
